run_id,run_index,model,provider,model_id,corpus_version,pipeline_hash,prompt_hash,params_hash,top_n,item_id,family,traps,answer_type,value_correct,status_correct,history_scored,history_correct,sources_correct,sources_recall,fully_correct,guarantee_met,gold_status,got_status,gold_value,got_value,gold_sources,got_sources,gold_history_steps,got_history_steps,reply_parsed,latency_ms,ttft_ms,tokens_in,tokens_out,tokens_reasoning,tokens_cached,cost_usd,retries,finish_reason,error
20260903-223624-oracle,1,oracle,mock,oracle,v1,c9ff11afc1436a70,dff88c3a4526f8e2,fa7f7600,16,q-abstain-admin-healthpath,abstain,keyword,string,true,true,false,,true,,true,,not_in_evidence,not_in_evidence,,,,,0,0,true,22,10,0,0,0,0,0.000000,0,stop,
20260903-223624-oracle,1,oracle,mock,oracle,v1,c9ff11afc1436a70,dff88c3a4526f8e2,fa7f7600,16,q-abstain-apsouth-sandbox-date,abstain,negation,date,true,true,false,,true,,true,,not_in_evidence,not_in_evidence,,,,,0,0,true,8,5,0,0,0,0,0.000000,0,stop,
20260903-223624-oracle,1,oracle,mock,oracle,v1,c9ff11afc1436a70,dff88c3a4526f8e2,fa7f7600,16,q-abstain-audit-log-no-customer,abstain,scope keyword,number,true,true,false,,true,,true,,not_in_evidence,not_in_evidence,,,,,0,0,true,7,4,0,0,0,0,0.000000,0,stop,
20260903-223624-oracle,1,oracle,mock,oracle,v1,c9ff11afc1436a70,dff88c3a4526f8e2,fa7f7600,16,q-abstain-dach-report-day,abstain,scope keyword,string,true,true,false,,true,,true,,not_in_evidence,not_in_evidence,,,,,0,0,true,9,6,0,0,0,0,0.000000,0,stop,
20260903-223624-oracle,1,oracle,mock,oracle,v1,c9ff11afc1436a70,dff88c3a4526f8e2,fa7f7600,16,q-abstain-fra1-nodes,abstain,negation,number,true,true,false,,true,,true,,not_in_evidence,not_in_evidence,,,,,0,0,true,8,5,0,0,0,0,0.000000,0,stop,
20260903-223624-oracle,1,oracle,mock,oracle,v1,c9ff11afc1436a70,dff88c3a4526f8e2,fa7f7600,16,q-abstain-halcyon-po,abstain,keyword,string,true,true,false,,true,,true,,not_in_evidence,not_in_evidence,,,,,0,0,true,8,5,0,0,0,0,0.000000,0,stop,
20260903-223624-oracle,1,oracle,mock,oracle,v1,c9ff11afc1436a70,dff88c3a4526f8e2,fa7f7600,16,q-abstain-july-oncall,abstain,same_name,string,true,true,false,,true,,true,,not_in_evidence,not_in_evidence,,,,,0,0,true,8,5,0,0,0,0,0.000000,0,stop,
20260903-223624-oracle,1,oracle,mock,oracle,v1,c9ff11afc1436a70,dff88c3a4526f8e2,fa7f7600,16,q-abstain-kestrel-audit-window,abstain,keyword,date,true,true,false,,true,,true,,not_in_evidence,not_in_evidence,,,,,0,0,true,7,5,0,0,0,0,0.000000,0,stop,
20260903-223624-oracle,1,oracle,mock,oracle,v1,c9ff11afc1436a70,dff88c3a4526f8e2,fa7f7600,16,q-abstain-kestrel-batch,abstain,scope,number,true,true,false,,true,,true,,not_in_evidence,not_in_evidence,,,,,0,0,true,8,5,0,0,0,0,0.000000,0,stop,
20260903-223624-oracle,1,oracle,mock,oracle,v1,c9ff11afc1436a70,dff88c3a4526f8e2,fa7f7600,16,q-abstain-kestrel-invoice,abstain,unit keyword,number,true,true,false,,true,,true,,not_in_evidence,not_in_evidence,,,,,0,0,true,8,5,0,0,0,0,0.000000,0,stop,
20260903-223624-oracle,1,oracle,mock,oracle,v1,c9ff11afc1436a70,dff88c3a4526f8e2,fa7f7600,16,q-abstain-kestrel-seats,abstain,keyword,number,true,true,false,,true,,true,,not_in_evidence,not_in_evidence,,,,,0,0,true,7,4,0,0,0,0,0.000000,0,stop,
20260903-223624-oracle,1,oracle,mock,oracle,v1,c9ff11afc1436a70,dff88c3a4526f8e2,fa7f7600,16,q-abstain-meridian-po,abstain,keyword,string,true,true,false,,true,,true,,not_in_evidence,not_in_evidence,,,,,0,0,true,8,5,0,0,0,0,0.000000,0,stop,
20260903-223624-oracle,1,oracle,mock,oracle,v1,c9ff11afc1436a70,dff88c3a4526f8e2,fa7f7600,16,q-abstain-meridian-retention,abstain,keyword,number,true,true,false,,true,,true,,not_in_evidence,not_in_evidence,,,,,0,0,true,8,5,0,0,0,0,0.000000,0,stop,
20260903-223624-oracle,1,oracle,mock,oracle,v1,c9ff11afc1436a70,dff88c3a4526f8e2,fa7f7600,16,q-abstain-p50,abstain,scope,number,true,true,false,,true,,true,,not_in_evidence,not_in_evidence,,,,,0,0,true,8,5,0,0,0,0,0.000000,0,stop,
20260903-223624-oracle,1,oracle,mock,oracle,v1,c9ff11afc1436a70,dff88c3a4526f8e2,fa7f7600,16,q-abstain-po-90118-amount,abstain,keyword,number,true,true,false,,true,,true,,not_in_evidence,not_in_evidence,,,,,0,0,true,8,5,0,0,0,0,0.000000,0,stop,
20260903-223624-oracle,1,oracle,mock,oracle,v1,c9ff11afc1436a70,dff88c3a4526f8e2,fa7f7600,16,q-abstain-premium-connections,abstain,scope keyword,number,true,true,false,,true,,true,,not_in_evidence,not_in_evidence,,,,,0,0,true,7,5,0,0,0,0,0.000000,0,stop,
20260903-223624-oracle,1,oracle,mock,oracle,v1,c9ff11afc1436a70,dff88c3a4526f8e2,fa7f7600,16,q-abstain-premium-rate-limit,abstain,scope,number,true,true,false,,true,,true,,not_in_evidence,not_in_evidence,,,,,0,0,true,8,6,0,0,0,0,0.000000,0,stop,
20260903-223624-oracle,1,oracle,mock,oracle,v1,c9ff11afc1436a70,dff88c3a4526f8e2,fa7f7600,16,q-abstain-premium-resolution,abstain,keyword,number,true,true,false,,true,,true,,not_in_evidence,not_in_evidence,,,,,0,0,true,8,6,0,0,0,0,0.000000,0,stop,
20260903-223624-oracle,1,oracle,mock,oracle,v1,c9ff11afc1436a70,dff88c3a4526f8e2,fa7f7600,16,q-abstain-relay-error-budget,abstain,scope unit,number,true,true,false,,true,,true,,not_in_evidence,not_in_evidence,,,,,0,0,true,8,6,0,0,0,0,0.000000,0,stop,
20260903-223624-oracle,1,oracle,mock,oracle,v1,c9ff11afc1436a70,dff88c3a4526f8e2,fa7f7600,16,q-abstain-relay-tls,abstain,scope,number,true,true,false,,true,,true,,not_in_evidence,not_in_evidence,,,,,0,0,true,8,6,0,0,0,0,0.000000,0,stop,
20260903-223624-oracle,1,oracle,mock,oracle,v1,c9ff11afc1436a70,dff88c3a4526f8e2,fa7f7600,16,q-abstain-sandbox-quota-customer,abstain,scope,number,true,true,false,,true,,true,,not_in_evidence,not_in_evidence,,,,,0,0,true,6,4,0,0,0,0,0.000000,0,stop,
20260903-223624-oracle,1,oracle,mock,oracle,v1,c9ff11afc1436a70,dff88c3a4526f8e2,fa7f7600,16,q-abstain-security-deploy-day,abstain,negation,string,true,true,false,,true,,true,,not_in_evidence,not_in_evidence,,,,,0,0,true,7,4,0,0,0,0,0.000000,0,stop,
20260903-223624-oracle,1,oracle,mock,oracle,v1,c9ff11afc1436a70,dff88c3a4526f8e2,fa7f7600,16,q-abstain-staging-cache,abstain,scope,number,true,true,false,,true,,true,,not_in_evidence,not_in_evidence,,,,,0,0,true,8,5,0,0,0,0,0.000000,0,stop,
20260903-223624-oracle,1,oracle,mock,oracle,v1,c9ff11afc1436a70,dff88c3a4526f8e2,fa7f7600,16,q-abstain-staging-idle-timeout,abstain,scope,number,true,true,false,,true,,true,,not_in_evidence,not_in_evidence,,,,,0,0,true,8,5,0,0,0,0,0.000000,0,stop,
20260903-223624-oracle,1,oracle,mock,oracle,v1,c9ff11afc1436a70,dff88c3a4526f8e2,fa7f7600,16,q-abstain-tanaka-escalation,abstain,keyword,string,true,true,false,,true,,true,,not_in_evidence,not_in_evidence,,,,,0,0,true,9,6,0,0,0,0,0.000000,0,stop,
20260903-223624-oracle,1,oracle,mock,oracle,v1,c9ff11afc1436a70,dff88c3a4526f8e2,fa7f7600,16,q-abstain-training-attendance,abstain,keyword,number,true,true,false,,true,,true,,not_in_evidence,not_in_evidence,,,,,0,0,true,6,4,0,0,0,0,0.000000,0,stop,
20260903-223624-oracle,1,oracle,mock,oracle,v1,c9ff11afc1436a70,dff88c3a4526f8e2,fa7f7600,16,q-abstain-useast-datacentre,abstain,scope,string,true,true,false,,true,,true,,not_in_evidence,not_in_evidence,,,,,0,0,true,7,4,0,0,0,0,0.000000,0,stop,
20260903-223624-oracle,1,oracle,mock,oracle,v1,c9ff11afc1436a70,dff88c3a4526f8e2,fa7f7600,16,q-abstain-useast-nightly,abstain,timezone scope,time,true,true,false,,true,,true,,not_in_evidence,not_in_evidence,,,,,0,0,true,9,6,0,0,0,0,0.000000,0,stop,
20260903-223624-oracle,1,oracle,mock,oracle,v1,c9ff11afc1436a70,dff88c3a4526f8e2,fa7f7600,16,q-abstain-verity-connector-date,abstain,negation keyword,date,true,true,false,,true,,true,,not_in_evidence,not_in_evidence,,,,,0,0,true,8,5,0,0,0,0,0.000000,0,stop,
20260903-223624-oracle,1,oracle,mock,oracle,v1,c9ff11afc1436a70,dff88c3a4526f8e2,fa7f7600,16,q-abstain-verity-renewal,abstain,keyword,date,true,true,false,,true,,true,,not_in_evidence,not_in_evidence,,,,,0,0,true,9,6,0,0,0,0,0.000000,0,stop,
20260903-223624-oracle,1,oracle,mock,oracle,v1,c9ff11afc1436a70,dff88c3a4526f8e2,fa7f7600,16,q-aggregation-annex-customers-count,aggregation,negation,number,true,true,false,,true,1.0000,true,true,answered,answered,2,2,doc-022 slack-data-platform-017 slack-general-004 slack-general-007 slack-general-008 slack-general-009 slack-general-010,doc-022 slack-data-platform-017 slack-general-004 slack-general-007 slack-general-008 slack-general-009 slack-general-010,0,0,true,8,5,0,0,0,0,0.000000,0,stop,
20260903-223624-oracle,1,oracle,mock,oracle,v1,c9ff11afc1436a70,dff88c3a4526f8e2,fa7f7600,16,q-aggregation-audit-field-count,aggregation,negation,number,true,true,false,,true,1.0000,true,true,answered,answered,3,3,slack-eng-core-034 slack-eng-core-035 slack-eng-core-036,slack-eng-core-034 slack-eng-core-035 slack-eng-core-036,0,0,true,8,5,0,0,0,0,0.000000,0,stop,
20260903-223624-oracle,1,oracle,mock,oracle,v1,c9ff11afc1436a70,dff88c3a4526f8e2,fa7f7600,16,q-aggregation-badges-count,aggregation,negation same_name,number,true,true,false,,true,1.0000,true,true,answered,answered,2,2,doc-026 slack-infra-022 slack-infra-023 slack-infra-029,doc-026 slack-infra-022 slack-infra-023 slack-infra-029,0,0,true,7,5,0,0,0,0,0.000000,0,stop,
20260903-223624-oracle,1,oracle,mock,oracle,v1,c9ff11afc1436a70,dff88c3a4526f8e2,fa7f7600,16,q-aggregation-components-frozen-count,aggregation,negation,number,true,true,false,,true,1.0000,true,true,answered,answered,3,3,slack-release-008 slack-release-009 slack-release-010,slack-release-008 slack-release-009 slack-release-010,0,0,true,7,5,0,0,0,0,0.000000,0,stop,
20260903-223624-oracle,1,oracle,mock,oracle,v1,c9ff11afc1436a70,dff88c3a4526f8e2,fa7f7600,16,q-aggregation-connector-count,aggregation,superseded negation,number,true,true,false,,true,1.0000,true,true,answered,answered,3,3,slack-eng-relay-066 slack-eng-relay-067 slack-eng-relay-068,slack-eng-relay-066 slack-eng-relay-067 slack-eng-relay-068,0,0,true,8,6,0,0,0,0,0.000000,0,stop,
20260903-223624-oracle,1,oracle,mock,oracle,v1,c9ff11afc1436a70,dff88c3a4526f8e2,fa7f7600,16,q-aggregation-credits-march,aggregation,unit,number,true,true,false,,true,1.0000,true,true,answered,answered,4100,4100,slack-general-021 slack-general-022 slack-general-023,slack-general-021 slack-general-022 slack-general-023,0,0,true,7,4,0,0,0,0,0.000000,0,stop,
20260903-223624-oracle,1,oracle,mock,oracle,v1,c9ff11afc1436a70,dff88c3a4526f8e2,fa7f7600,16,q-aggregation-customers-502-count,aggregation,format,number,true,true,false,,true,1.0000,true,true,answered,answered,3,3,issue-wrn-4102 slack-support-026 slack-support-027 slack-support-028 slack-support-029,issue-wrn-4102 slack-support-026 slack-support-027 slack-support-028 slack-support-029,0,0,true,7,4,0,0,0,0,0.000000,0,stop,
20260903-223624-oracle,1,oracle,mock,oracle,v1,c9ff11afc1436a70,dff88c3a4526f8e2,fa7f7600,16,q-aggregation-dach-channel-count,aggregation,format negation,number,true,true,false,,true,1.0000,true,true,answered,answered,2,2,slack-dach-013 slack-dach-014,slack-dach-013 slack-dach-014,0,0,true,8,5,0,0,0,0,0.000000,0,stop,
20260903-223624-oracle,1,oracle,mock,oracle,v1,c9ff11afc1436a70,dff88c3a4526f8e2,fa7f7600,16,q-aggregation-deploy-teams-count,aggregation,negation,number,true,true,false,,true,1.0000,true,true,answered,answered,2,2,slack-infra-053 slack-infra-054,slack-infra-053 slack-infra-054,0,0,true,6,4,0,0,0,0,0.000000,0,stop,
20260903-223624-oracle,1,oracle,mock,oracle,v1,c9ff11afc1436a70,dff88c3a4526f8e2,fa7f7600,16,q-aggregation-edge-nodes-total,aggregation,,number,true,true,false,,true,1.0000,true,true,answered,answered,14,14,slack-infra-024 slack-infra-025 slack-infra-026 slack-infra-031 slack-infra-037,slack-infra-024 slack-infra-025 slack-infra-026 slack-infra-031 slack-infra-037,0,0,true,7,4,0,0,0,0,0.000000,0,stop,
20260903-223624-oracle,1,oracle,mock,oracle,v1,c9ff11afc1436a70,dff88c3a4526f8e2,fa7f7600,16,q-aggregation-enterprise-count,aggregation,negation,number,true,true,false,,true,1.0000,true,true,answered,answered,1,1,slack-sales-048 slack-sales-049,slack-sales-048 slack-sales-049,0,0,true,8,5,0,0,0,0,0.000000,0,stop,
20260903-223624-oracle,1,oracle,mock,oracle,v1,c9ff11afc1436a70,dff88c3a4526f8e2,fa7f7600,16,q-aggregation-escalations-q2,aggregation,,number,true,true,false,,true,1.0000,true,true,answered,answered,4,4,slack-general-025 slack-general-026 slack-general-027,slack-general-025 slack-general-026 slack-general-027,0,0,true,7,4,0,0,0,0,0.000000,0,stop,
20260903-223624-oracle,1,oracle,mock,oracle,v1,c9ff11afc1436a70,dff88c3a4526f8e2,fa7f7600,16,q-aggregation-freeze-exempt-count,aggregation,negation,number,true,true,false,,true,1.0000,true,true,answered,answered,2,2,doc-024 mtg-007 slack-eng-core-013 slack-eng-core-014 slack-eng-core-018,doc-024 mtg-007 slack-eng-core-013 slack-eng-core-014 slack-eng-core-018,0,0,true,8,6,0,0,0,0,0.000000,0,stop,
20260903-223624-oracle,1,oracle,mock,oracle,v1,c9ff11afc1436a70,dff88c3a4526f8e2,fa7f7600,16,q-aggregation-german-invoice-countries,aggregation,format negation,number,true,true,false,,true,1.0000,true,true,answered,answered,2,2,doc-035 slack-general-017 slack-general-018 slack-general-031,doc-035 slack-general-017 slack-general-018 slack-general-031,0,0,true,7,4,0,0,0,0,0.000000,0,stop,
20260903-223624-oracle,1,oracle,mock,oracle,v1,c9ff11afc1436a70,dff88c3a4526f8e2,fa7f7600,16,q-aggregation-hours-lost-relay,aggregation,unit,number,true,true,false,,true,1.0000,true,true,answered,answered,9,9,slack-eng-relay-038 slack-eng-relay-039 slack-eng-relay-040,slack-eng-relay-038 slack-eng-relay-039 slack-eng-relay-040,0,0,true,7,5,0,0,0,0,0.000000,0,stop,
20260903-223624-oracle,1,oracle,mock,oracle,v1,c9ff11afc1436a70,dff88c3a4526f8e2,fa7f7600,16,q-aggregation-incident-minutes,aggregation,,number,true,true,false,,true,1.0000,true,true,answered,answered,53,53,slack-incidents-008 slack-incidents-017 slack-incidents-018 slack-incidents-019 slack-incidents-020 slack-incidents-022,slack-incidents-008 slack-incidents-017 slack-incidents-018 slack-incidents-019 slack-incidents-020 slack-incidents-022,0,0,true,8,6,0,0,0,0,0.000000,0,stop,
20260903-223624-oracle,1,oracle,mock,oracle,v1,c9ff11afc1436a70,dff88c3a4526f8e2,fa7f7600,16,q-aggregation-incident-numbers-count,aggregation,negation,number,true,true,false,,true,1.0000,true,true,answered,answered,3,3,slack-incidents-036 slack-incidents-037 slack-incidents-038,slack-incidents-036 slack-incidents-037 slack-incidents-038,0,0,true,6,4,0,0,0,0,0.000000,0,stop,
20260903-223624-oracle,1,oracle,mock,oracle,v1,c9ff11afc1436a70,dff88c3a4526f8e2,fa7f7600,16,q-aggregation-invoice-two-months,aggregation,unit,number,true,true,false,,true,1.0000,true,true,answered,answered,7800,7800,email-007 slack-general-024 slack-sales-034,email-007 slack-general-024 slack-sales-034,0,0,true,6,4,0,0,0,0,0.000000,0,stop,
20260903-223624-oracle,1,oracle,mock,oracle,v1,c9ff11afc1436a70,dff88c3a4526f8e2,fa7f7600,16,q-aggregation-oncall-people-count,aggregation,same_name,number,true,true,false,,true,1.0000,true,true,answered,answered,3,3,slack-infra-012 slack-infra-020 slack-infra-021,slack-infra-012 slack-infra-020 slack-infra-021,0,0,true,8,5,0,0,0,0,0.000000,0,stop,
20260903-223624-oracle,1,oracle,mock,oracle,v1,c9ff11afc1436a70,dff88c3a4526f8e2,fa7f7600,16,q-aggregation-postmortems-count,aggregation,,number,true,true,false,,true,1.0000,true,true,answered,answered,3,3,doc-028 doc-039 slack-incidents-016,doc-028 doc-039 slack-incidents-016,0,0,true,7,5,0,0,0,0,0.000000,0,stop,
20260903-223624-oracle,1,oracle,mock,oracle,v1,c9ff11afc1436a70,dff88c3a4526f8e2,fa7f7600,16,q-aggregation-premium-count-june,aggregation,superseded,number,true,true,false,,true,1.0000,true,true,answered,answered,2,2,slack-sales-025 slack-sales-029 slack-sales-030 slack-sales-031 slack-sales-035,slack-sales-025 slack-sales-029 slack-sales-030 slack-sales-031 slack-sales-035,0,0,true,6,4,0,0,0,0,0.000000,0,stop,
20260903-223624-oracle,1,oracle,mock,oracle,v1,c9ff11afc1436a70,dff88c3a4526f8e2,fa7f7600,16,q-aggregation-q1-po-total,aggregation,unit,number,true,true,false,,true,1.0000,true,true,answered,answered,28200,28200,email-039 email-040,email-039 email-040,0,0,true,7,4,0,0,0,0,0.000000,0,stop,
20260903-223624-oracle,1,oracle,mock,oracle,v1,c9ff11afc1436a70,dff88c3a4526f8e2,fa7f7600,16,q-aggregation-regions-with-limiter-count,aggregation,superseded,number,true,true,false,,true,1.0000,true,true,answered,answered,2,2,slack-eng-palisade-026 slack-eng-palisade-027 slack-eng-palisade-028,slack-eng-palisade-026 slack-eng-palisade-027 slack-eng-palisade-028,0,0,true,6,4,0,0,0,0,0.000000,0,stop,
20260903-223624-oracle,1,oracle,mock,oracle,v1,c9ff11afc1436a70,dff88c3a4526f8e2,fa7f7600,16,q-aggregation-releases-half,aggregation,relative_date planned_vs_done,number,true,true,false,,true,1.0000,true,true,answered,answered,6,6,slack-release-016 slack-release-017,slack-release-016 slack-release-017,0,0,true,8,6,0,0,0,0,0.000000,0,stop,
20260903-223624-oracle,1,oracle,mock,oracle,v1,c9ff11afc1436a70,dff88c3a4526f8e2,fa7f7600,16,q-aggregation-renewals-q1-count,aggregation,planned_vs_done,number,true,true,false,,true,1.0000,true,true,answered,answered,3,3,slack-general-014 slack-general-015 slack-general-016,slack-general-014 slack-general-015 slack-general-016,0,0,true,8,5,0,0,0,0,0.000000,0,stop,
20260903-223624-oracle,1,oracle,mock,oracle,v1,c9ff11afc1436a70,dff88c3a4526f8e2,fa7f7600,16,q-aggregation-sandbox-regions-count,aggregation,negation superseded,number,true,true,false,,true,1.0000,true,true,answered,answered,2,2,slack-infra-050 slack-infra-051 slack-infra-052,slack-infra-050 slack-infra-051 slack-infra-052,0,0,true,7,4,0,0,0,0,0.000000,0,stop,
20260903-223624-oracle,1,oracle,mock,oracle,v1,c9ff11afc1436a70,dff88c3a4526f8e2,fa7f7600,16,q-aggregation-seats-june,aggregation,,number,true,true,false,,true,1.0000,true,true,answered,answered,105,105,slack-sales-032 slack-sales-033,slack-sales-032 slack-sales-033,0,0,true,7,4,0,0,0,0,0.000000,0,stop,
20260903-223624-oracle,1,oracle,mock,oracle,v1,c9ff11afc1436a70,dff88c3a4526f8e2,fa7f7600,16,q-aggregation-signoff-count,aggregation,negation,number,true,true,false,,true,1.0000,true,true,answered,answered,2,2,slack-security-030 slack-security-031 slack-security-032,slack-security-030 slack-security-031 slack-security-032,0,0,true,8,5,0,0,0,0,0.000000,0,stop,
20260903-223624-oracle,1,oracle,mock,oracle,v1,c9ff11afc1436a70,dff88c3a4526f8e2,fa7f7600,16,q-aggregation-sub-processor-count,aggregation,proposal,number,true,true,false,,true,1.0000,true,true,answered,answered,3,3,slack-general-011 slack-general-012 slack-general-013 slack-general-033 slack-general-039,slack-general-011 slack-general-012 slack-general-013 slack-general-033 slack-general-039,0,0,true,8,5,0,0,0,0,0.000000,0,stop,
20260903-223624-oracle,1,oracle,mock,oracle,v1,c9ff11afc1436a70,dff88c3a4526f8e2,fa7f7600,16,q-aggregation-tickets-week,aggregation,format,number,true,true,false,,true,1.0000,true,true,answered,answered,47,47,slack-support-031 slack-support-032 slack-support-033 slack-support-034,slack-support-031 slack-support-032 slack-support-033 slack-support-034,0,0,true,8,6,0,0,0,0,0.000000,0,stop,
20260903-223624-oracle,1,oracle,mock,oracle,v1,c9ff11afc1436a70,dff88c3a4526f8e2,fa7f7600,16,q-asof-batch,asof,superseded proposal retraction,number,true,true,true,true,true,1.0000,true,true,answered,answered,1000,1000,slack-eng-relay-001 slack-eng-relay-002 doc-config-batch slack-eng-relay-003,slack-eng-relay-001 slack-eng-relay-002 doc-config-batch slack-eng-relay-003,4,4,true,7,4,0,0,0,0,0.000000,0,stop,
20260903-223624-oracle,1,oracle,mock,oracle,v1,c9ff11afc1436a70,dff88c3a4526f8e2,fa7f7600,16,q-asof-cache-ttl,asof,superseded keyword retraction,number,true,true,true,true,true,1.0000,true,true,answered,answered,300,300,slack-eng-palisade-018 slack-eng-palisade-019 cmt-wrn-4477-001,slack-eng-palisade-018 slack-eng-palisade-019 cmt-wrn-4477-001,3,3,true,7,4,0,0,0,0,0.000000,0,stop,
20260903-223624-oracle,1,oracle,mock,oracle,v1,c9ff11afc1436a70,dff88c3a4526f8e2,fa7f7600,16,q-asof-connector-timeout,asof,superseded same_name retraction,number,true,true,true,true,true,1.0000,true,true,answered,answered,30,30,slack-eng-relay-009 slack-eng-relay-010 slack-eng-relay-011,slack-eng-relay-009 slack-eng-relay-010 slack-eng-relay-011,3,3,true,8,5,0,0,0,0,0.000000,0,stop,
20260903-223624-oracle,1,oracle,mock,oracle,v1,c9ff11afc1436a70,dff88c3a4526f8e2,fa7f7600,16,q-asof-dlq-retries,asof,superseded proposal,number,true,true,true,true,true,1.0000,true,true,answered,answered,5,5,slack-eng-relay-017 slack-eng-relay-018 cmt-wrn-5120-001,slack-eng-relay-017 slack-eng-relay-018 cmt-wrn-5120-001,3,3,true,9,6,0,0,0,0,0.000000,0,stop,
20260903-223624-oracle,1,oracle,mock,oracle,v1,c9ff11afc1436a70,dff88c3a4526f8e2,fa7f7600,16,q-asof-error-budget,asof,superseded,number,true,true,true,true,true,1.0000,true,true,answered,answered,0.5,0.5,slack-eng-palisade-013 slack-eng-palisade-014 doc-config-error-budget,slack-eng-palisade-013 slack-eng-palisade-014 doc-config-error-budget,3,3,true,7,4,0,0,0,0,0.000000,0,stop,
20260903-223624-oracle,1,oracle,mock,oracle,v1,c9ff11afc1436a70,dff88c3a4526f8e2,fa7f7600,16,q-asof-fetch-concurrency,asof,superseded keyword,number,true,true,true,true,true,1.0000,true,true,answered,answered,8,8,slack-eng-relay-061 slack-eng-relay-062 slack-eng-relay-063,slack-eng-relay-061 slack-eng-relay-062 slack-eng-relay-063,3,3,true,6,4,0,0,0,0,0.000000,0,stop,
20260903-223624-oracle,1,oracle,mock,oracle,v1,c9ff11afc1436a70,dff88c3a4526f8e2,fa7f7600,16,q-asof-halcyon-invoice,asof,superseded unit quoted_email,number,true,true,true,true,true,1.0000,true,true,answered,answered,3400,3400,slack-sales-001 doc-003 email-007,slack-sales-001 doc-003 email-007,3,3,true,7,5,0,0,0,0,0.000000,0,stop,
20260903-223624-oracle,1,oracle,mock,oracle,v1,c9ff11afc1436a70,dff88c3a4526f8e2,fa7f7600,16,q-asof-halcyon-renewal,asof,superseded,date,true,true,true,true,true,1.0000,true,true,answered,answered,2027-10-31,2027-10-31,slack-sales-044 slack-sales-045 slack-sales-046,slack-sales-044 slack-sales-045 slack-sales-046,3,3,true,7,4,0,0,0,0,0.000000,0,stop,
20260903-223624-oracle,1,oracle,mock,oracle,v1,c9ff11afc1436a70,dff88c3a4526f8e2,fa7f7600,16,q-asof-idle-timeout,asof,superseded keyword,number,true,true,true,true,true,1.0000,true,true,answered,answered,90,90,slack-eng-palisade-038 slack-eng-palisade-039 doc-058,slack-eng-palisade-038 slack-eng-palisade-039 doc-058,3,3,true,7,5,0,0,0,0,0.000000,0,stop,
20260903-223624-oracle,1,oracle,mock,oracle,v1,c9ff11afc1436a70,dff88c3a4526f8e2,fa7f7600,16,q-asof-kestrel-retention,asof,superseded retraction proposal,number,true,true,true,true,true,1.0000,true,true,answered,answered,90,90,email-004 slack-data-platform-001 slack-data-platform-002 slack-data-platform-012,email-004 slack-data-platform-001 slack-data-platform-002 slack-data-platform-012,3,3,true,6,4,0,0,0,0,0.000000,0,stop,
20260903-223624-oracle,1,oracle,mock,oracle,v1,c9ff11afc1436a70,dff88c3a4526f8e2,fa7f7600,16,q-asof-meridian-tier,asof,superseded retraction,string,true,true,true,true,true,1.0000,true,true,answered,answered,premium,premium,email-002 slack-support-001 slack-support-002 slack-support-021,email-002 slack-support-001 slack-support-002 slack-support-021,3,3,true,8,5,0,0,0,0,0.000000,0,stop,
20260903-223624-oracle,1,oracle,mock,oracle,v1,c9ff11afc1436a70,dff88c3a4526f8e2,fa7f7600,16,q-asof-nightly-job,asof,superseded timezone,time,true,true,true,true,true,1.0000,true,true,answered,answered,03:00,03:00,slack-eng-relay-021 slack-eng-relay-022 slack-eng-relay-023,slack-eng-relay-021 slack-eng-relay-022 slack-eng-relay-023,3,3,true,8,5,0,0,0,0,0.000000,0,stop,
20260903-223624-oracle,1,oracle,mock,oracle,v1,c9ff11afc1436a70,dff88c3a4526f8e2,fa7f7600,16,q-asof-northwind-onboarding,asof,superseded retraction,date,true,true,true,true,true,1.0000,true,true,answered,answered,2027-04-26,2027-04-26,email-012 slack-sales-004 slack-sales-005 slack-sales-039,email-012 slack-sales-004 slack-sales-005 slack-sales-039,3,3,true,8,5,0,0,0,0,0.000000,0,stop,
20260903-223624-oracle,1,oracle,mock,oracle,v1,c9ff11afc1436a70,dff88c3a4526f8e2,fa7f7600,16,q-asof-oncall-owner,asof,superseded same_name keyword retraction,string,true,true,true,true,true,1.0000,true,true,answered,answered,Ravi Iyer,Ravi Iyer,slack-infra-001 slack-infra-002 email-006,slack-infra-001 slack-infra-002 email-006,3,3,true,6,4,0,0,0,0,0.000000,0,stop,
20260903-223624-oracle,1,oracle,mock,oracle,v1,c9ff11afc1436a70,dff88c3a4526f8e2,fa7f7600,16,q-asof-p99,asof,superseded quoted_email proposal,number,true,true,true,true,true,1.0000,true,true,answered,answered,165,165,slack-eng-palisade-001 mtg-001 slack-eng-palisade-002,slack-eng-palisade-001 mtg-001 slack-eng-palisade-002,3,3,true,7,4,0,0,0,0,0.000000,0,stop,
20260903-223624-oracle,1,oracle,mock,oracle,v1,c9ff11afc1436a70,dff88c3a4526f8e2,fa7f7600,16,q-asof-page-delay,asof,superseded keyword,number,true,true,true,true,true,1.0000,true,true,answered,answered,10,10,slack-incidents-032 slack-incidents-033 mtg-044,slack-incidents-032 slack-incidents-033 mtg-044,3,3,true,8,5,0,0,0,0,0.000000,0,stop,
20260903-223624-oracle,1,oracle,mock,oracle,v1,c9ff11afc1436a70,dff88c3a4526f8e2,fa7f7600,16,q-asof-patch-sla,asof,superseded scope,number,true,true,true,true,true,1.0000,true,true,answered,answered,7,7,doc-005 email-019 slack-security-007 slack-security-017,doc-005 email-019 slack-security-007 slack-security-017,3,3,true,8,6,0,0,0,0,0.000000,0,stop,
20260903-223624-oracle,1,oracle,mock,oracle,v1,c9ff11afc1436a70,dff88c3a4526f8e2,fa7f7600,16,q-asof-premium-response,asof,superseded scope retraction format,number,true,true,true,true,true,1.0000,true,true,answered,answered,30,30,slack-support-008 doc-004 slack-support-009,slack-support-008 doc-004 slack-support-009,3,3,true,8,5,0,0,0,0,0.000000,0,stop,
20260903-223624-oracle,1,oracle,mock,oracle,v1,c9ff11afc1436a70,dff88c3a4526f8e2,fa7f7600,16,q-asof-ratelimit,asof,superseded scope quoted_email,number,true,true,true,true,true,1.0000,true,true,answered,answered,900,900,slack-eng-palisade-008 doc-001 slack-eng-palisade-009,slack-eng-palisade-008 doc-001 slack-eng-palisade-009,3,3,true,8,6,0,0,0,0,0.000000,0,stop,
20260903-223624-oracle,1,oracle,mock,oracle,v1,c9ff11afc1436a70,dff88c3a4526f8e2,fa7f7600,16,q-asof-release-cadence,asof,superseded,number,true,true,true,true,true,1.0000,true,true,answered,answered,2,2,slack-release-001 doc-002 slack-release-002,slack-release-001 doc-002 slack-release-002,3,3,true,6,3,0,0,0,0,0.000000,0,stop,
20260903-223624-oracle,1,oracle,mock,oracle,v1,c9ff11afc1436a70,dff88c3a4526f8e2,fa7f7600,16,q-asof-replay-batch,asof,superseded proposal quoted_email,number,true,true,true,true,true,1.0000,true,true,answered,answered,500,500,slack-eng-relay-058 doc-059 slack-eng-relay-059,slack-eng-relay-058 doc-059 slack-eng-relay-059,3,3,true,7,5,0,0,0,0,0.000000,0,stop,
20260903-223624-oracle,1,oracle,mock,oracle,v1,c9ff11afc1436a70,dff88c3a4526f8e2,fa7f7600,16,q-asof-report-day,asof,superseded retraction format,string,true,true,true,true,true,1.0000,true,true,answered,answered,Wednesday,Wednesday,slack-support-041 slack-support-042 email-038,slack-support-041 slack-support-042 email-038,3,3,true,8,5,0,0,0,0,0.000000,0,stop,
20260903-223624-oracle,1,oracle,mock,oracle,v1,c9ff11afc1436a70,dff88c3a4526f8e2,fa7f7600,16,q-asof-sandbox-quota,asof,superseded keyword unit,number,true,true,true,true,true,1.0000,true,true,answered,answered,20000,20000,slack-eng-palisade-044 slack-eng-palisade-045 slack-eng-palisade-046,slack-eng-palisade-044 slack-eng-palisade-045 slack-eng-palisade-046,3,3,true,8,5,0,0,0,0,0.000000,0,stop,
20260903-223624-oracle,1,oracle,mock,oracle,v1,c9ff11afc1436a70,dff88c3a4526f8e2,fa7f7600,16,q-asof-status-threshold,asof,superseded format,number,true,true,true,true,true,1.0000,true,true,answered,answered,10,10,slack-incidents-001 slack-incidents-002 mtg-005,slack-incidents-001 slack-incidents-002 mtg-005,3,3,true,8,6,0,0,0,0,0.000000,0,stop,
20260903-223624-oracle,1,oracle,mock,oracle,v1,c9ff11afc1436a70,dff88c3a4526f8e2,fa7f7600,16,q-asof-store-shards,asof,superseded proposal,number,true,true,true,true,true,1.0000,true,true,answered,answered,12,12,slack-data-platform-026 slack-data-platform-027 doc-config-store-shards,slack-data-platform-026 slack-data-platform-027 doc-config-store-shards,3,3,true,7,4,0,0,0,0,0.000000,0,stop,
20260903-223624-oracle,1,oracle,mock,oracle,v1,c9ff11afc1436a70,dff88c3a4526f8e2,fa7f7600,16,q-asof-tanaka-contract,asof,superseded retraction,date,true,true,true,true,true,1.0000,true,true,answered,answered,2028-03-31,2028-03-31,email-018 slack-general-036 slack-general-037 slack-sales-015 slack-sales-016,email-018 slack-general-036 slack-general-037 slack-sales-015 slack-sales-016,3,3,true,9,6,0,0,0,0,0.000000,0,stop,
20260903-223624-oracle,1,oracle,mock,oracle,v1,c9ff11afc1436a70,dff88c3a4526f8e2,fa7f7600,16,q-asof-tanaka-invoice-day,asof,superseded statement_shaped_question,number,true,true,true,true,true,1.0000,true,true,answered,answered,5,5,slack-general-051 slack-general-052 slack-general-053,slack-general-051 slack-general-052 slack-general-053,3,3,true,8,6,0,0,0,0,0.000000,0,stop,
20260903-223624-oracle,1,oracle,mock,oracle,v1,c9ff11afc1436a70,dff88c3a4526f8e2,fa7f7600,16,q-asof-tls-window,asof,superseded quoted_email retraction,number,true,true,true,true,true,1.0000,true,true,answered,answered,30,30,slack-security-001 email-010 slack-security-002,slack-security-001 email-010 slack-security-002,3,3,true,8,5,0,0,0,0,0.000000,0,stop,
20260903-223624-oracle,1,oracle,mock,oracle,v1,c9ff11afc1436a70,dff88c3a4526f8e2,fa7f7600,16,q-asof-training-owner,asof,superseded keyword,string,true,true,true,true,true,1.0000,true,true,answered,answered,Hannah Fischer,Hannah Fischer,slack-security-025 slack-security-026 slack-security-027,slack-security-025 slack-security-026 slack-security-027,3,3,true,8,5,0,0,0,0,0.000000,0,stop,
20260903-223624-oracle,1,oracle,mock,oracle,v1,c9ff11afc1436a70,dff88c3a4526f8e2,fa7f7600,16,q-asof-verity-seats,asof,superseded quoted_email,number,true,true,true,true,true,1.0000,true,true,answered,answered,75,75,email-015 email-030 slack-sales-010 slack-sales-011,email-015 email-030 slack-sales-010 slack-sales-011,3,3,true,9,6,0,0,0,0,0.000000,0,stop,
20260903-223624-oracle,1,oracle,mock,oracle,v1,c9ff11afc1436a70,dff88c3a4526f8e2,fa7f7600,16,q-current-batch,current,superseded format unit retraction,number,true,true,true,true,true,1.0000,true,true,answered,answered,1500,1500,slack-eng-relay-001 slack-eng-relay-002 doc-config-batch slack-eng-relay-003,slack-eng-relay-001 slack-eng-relay-002 doc-config-batch slack-eng-relay-003,4,4,true,7,5,0,0,0,0,0.000000,0,stop,
20260903-223624-oracle,1,oracle,mock,oracle,v1,c9ff11afc1436a70,dff88c3a4526f8e2,fa7f7600,16,q-current-cache-ttl,current,superseded keyword retraction statement_shaped_question quoted_email,number,true,true,true,true,true,1.0000,true,true,answered,answered,120,120,slack-eng-palisade-018 slack-eng-palisade-019 cmt-wrn-4477-001,slack-eng-palisade-018 slack-eng-palisade-019 cmt-wrn-4477-001,3,3,true,7,5,0,0,0,0,0.000000,0,stop,
20260903-223624-oracle,1,oracle,mock,oracle,v1,c9ff11afc1436a70,dff88c3a4526f8e2,fa7f7600,16,q-current-connector-timeout,current,superseded same_name keyword retraction statement_shaped_question,number,true,true,true,true,true,1.0000,true,true,answered,answered,45,45,slack-eng-relay-009 slack-eng-relay-010 slack-eng-relay-011,slack-eng-relay-009 slack-eng-relay-010 slack-eng-relay-011,3,3,true,7,5,0,0,0,0,0.000000,0,stop,
20260903-223624-oracle,1,oracle,mock,oracle,v1,c9ff11afc1436a70,dff88c3a4526f8e2,fa7f7600,16,q-current-dlq-retries,current,superseded proposal statement_shaped_question quoted_email,number,true,true,true,true,true,1.0000,true,true,answered,answered,8,8,slack-eng-relay-017 slack-eng-relay-018 cmt-wrn-5120-001,slack-eng-relay-017 slack-eng-relay-018 cmt-wrn-5120-001,3,3,true,8,5,0,0,0,0,0.000000,0,stop,
20260903-223624-oracle,1,oracle,mock,oracle,v1,c9ff11afc1436a70,dff88c3a4526f8e2,fa7f7600,16,q-current-error-budget,current,superseded statement_shaped_question format,number,true,true,true,true,true,1.0000,true,true,answered,answered,0.25,0.25,slack-eng-palisade-013 slack-eng-palisade-014 doc-config-error-budget,slack-eng-palisade-013 slack-eng-palisade-014 doc-config-error-budget,3,3,true,8,6,0,0,0,0,0.000000,0,stop,
20260903-223624-oracle,1,oracle,mock,oracle,v1,c9ff11afc1436a70,dff88c3a4526f8e2,fa7f7600,16,q-current-fetch-concurrency,current,superseded keyword format,number,true,true,true,true,true,1.0000,true,true,answered,answered,6,6,slack-eng-relay-061 slack-eng-relay-062 slack-eng-relay-063,slack-eng-relay-061 slack-eng-relay-062 slack-eng-relay-063,3,3,true,7,5,0,0,0,0,0.000000,0,stop,
20260903-223624-oracle,1,oracle,mock,oracle,v1,c9ff11afc1436a70,dff88c3a4526f8e2,fa7f7600,16,q-current-halcyon-invoice,current,superseded unit format quoted_email,number,true,true,true,true,true,1.0000,true,true,answered,answered,3900,3900,slack-sales-001 doc-003 email-007,slack-sales-001 doc-003 email-007,3,3,true,7,4,0,0,0,0,0.000000,0,stop,
20260903-223624-oracle,1,oracle,mock,oracle,v1,c9ff11afc1436a70,dff88c3a4526f8e2,fa7f7600,16,q-current-halcyon-renewal,current,superseded,date,true,true,true,true,true,1.0000,true,true,answered,answered,2027-09-30,2027-09-30,slack-sales-044 slack-sales-045 slack-sales-046,slack-sales-044 slack-sales-045 slack-sales-046,3,3,true,9,6,0,0,0,0,0.000000,0,stop,
20260903-223624-oracle,1,oracle,mock,oracle,v1,c9ff11afc1436a70,dff88c3a4526f8e2,fa7f7600,16,q-current-idle-timeout,current,superseded statement_shaped_question keyword format,number,true,true,true,true,true,1.0000,true,true,answered,answered,120,120,slack-eng-palisade-038 slack-eng-palisade-039 doc-058,slack-eng-palisade-038 slack-eng-palisade-039 doc-058,3,3,true,9,6,0,0,0,0,0.000000,0,stop,
20260903-223624-oracle,1,oracle,mock,oracle,v1,c9ff11afc1436a70,dff88c3a4526f8e2,fa7f7600,16,q-current-kestrel-retention,current,superseded proposal retraction statement_shaped_question quoted_email,number,true,true,true,true,true,1.0000,true,true,answered,answered,180,180,email-004 slack-data-platform-001 slack-data-platform-002 slack-data-platform-012,email-004 slack-data-platform-001 slack-data-platform-002 slack-data-platform-012,3,3,true,7,4,0,0,0,0,0.000000,0,stop,
20260903-223624-oracle,1,oracle,mock,oracle,v1,c9ff11afc1436a70,dff88c3a4526f8e2,fa7f7600,16,q-current-meridian-tier,current,superseded statement_shaped_question format retraction,string,true,true,true,true,true,1.0000,true,true,answered,answered,enterprise,enterprise,email-002 slack-support-001 slack-support-002 slack-support-021,email-002 slack-support-001 slack-support-002 slack-support-021,3,3,true,8,6,0,0,0,0,0.000000,0,stop,
20260903-223624-oracle,1,oracle,mock,oracle,v1,c9ff11afc1436a70,dff88c3a4526f8e2,fa7f7600,16,q-current-nightly-job,current,superseded timezone quoted_email,time,true,true,true,true,true,1.0000,true,true,answered,answered,01:30,01:30,slack-eng-relay-021 slack-eng-relay-022 slack-eng-relay-023,slack-eng-relay-021 slack-eng-relay-022 slack-eng-relay-023,3,3,true,8,6,0,0,0,0,0.000000,0,stop,
20260903-223624-oracle,1,oracle,mock,oracle,v1,c9ff11afc1436a70,dff88c3a4526f8e2,fa7f7600,16,q-current-northwind-onboarding,current,superseded planned_vs_done retraction statement_shaped_question,date,true,true,true,true,true,1.0000,true,true,answered,answered,2027-06-21,2027-06-21,email-012 slack-sales-004 slack-sales-005 slack-sales-039,email-012 slack-sales-004 slack-sales-005 slack-sales-039,3,3,true,7,5,0,0,0,0,0.000000,0,stop,
20260903-223624-oracle,1,oracle,mock,oracle,v1,c9ff11afc1436a70,dff88c3a4526f8e2,fa7f7600,16,q-current-oncall-owner,current,superseded same_name retraction,string,true,true,true,true,true,1.0000,true,true,answered,answered,Priya Raman,Priya Raman,slack-infra-001 slack-infra-002 email-006,slack-infra-001 slack-infra-002 email-006,3,3,true,9,6,0,0,0,0,0.000000,0,stop,
20260903-223624-oracle,1,oracle,mock,oracle,v1,c9ff11afc1436a70,dff88c3a4526f8e2,fa7f7600,16,q-current-p99,current,superseded statement_shaped_question proposal quoted_email,number,true,true,true,true,true,1.0000,true,true,answered,answered,150,150,slack-eng-palisade-001 mtg-001 slack-eng-palisade-002,slack-eng-palisade-001 mtg-001 slack-eng-palisade-002,3,3,true,7,4,0,0,0,0,0.000000,0,stop,
20260903-223624-oracle,1,oracle,mock,oracle,v1,c9ff11afc1436a70,dff88c3a4526f8e2,fa7f7600,16,q-current-page-delay,current,superseded keyword,number,true,true,true,true,true,1.0000,true,true,answered,answered,3,3,slack-incidents-032 slack-incidents-033 mtg-044,slack-incidents-032 slack-incidents-033 mtg-044,3,3,true,8,6,0,0,0,0,0.000000,0,stop,
20260903-223624-oracle,1,oracle,mock,oracle,v1,c9ff11afc1436a70,dff88c3a4526f8e2,fa7f7600,16,q-current-patch-sla,current,superseded statement_shaped_question scope,number,true,true,true,true,true,1.0000,true,true,answered,answered,3,3,doc-005 email-019 slack-security-007 slack-security-017,doc-005 email-019 slack-security-007 slack-security-017,3,3,true,8,6,0,0,0,0,0.000000,0,stop,
20260903-223624-oracle,1,oracle,mock,oracle,v1,c9ff11afc1436a70,dff88c3a4526f8e2,fa7f7600,16,q-current-premium-response,current,superseded scope format retraction quoted_email,number,true,true,true,true,true,1.0000,true,true,answered,answered,15,15,slack-support-008 doc-004 slack-support-009,slack-support-008 doc-004 slack-support-009,3,3,true,8,6,0,0,0,0,0.000000,0,stop,
20260903-223624-oracle,1,oracle,mock,oracle,v1,c9ff11afc1436a70,dff88c3a4526f8e2,fa7f7600,16,q-current-ratelimit,current,superseded scope proposal,number,true,true,true,true,true,1.0000,true,true,answered,answered,1200,1200,slack-eng-palisade-008 doc-001 slack-eng-palisade-009,slack-eng-palisade-008 doc-001 slack-eng-palisade-009,3,3,true,8,5,0,0,0,0,0.000000,0,stop,
20260903-223624-oracle,1,oracle,mock,oracle,v1,c9ff11afc1436a70,dff88c3a4526f8e2,fa7f7600,16,q-current-release-cadence,current,superseded retraction format,number,true,true,true,true,true,1.0000,true,true,answered,answered,3,3,slack-release-001 doc-002 slack-release-002,slack-release-001 doc-002 slack-release-002,3,3,true,8,6,0,0,0,0,0.000000,0,stop,
20260903-223624-oracle,1,oracle,mock,oracle,v1,c9ff11afc1436a70,dff88c3a4526f8e2,fa7f7600,16,q-current-replay-batch,current,superseded proposal quoted_email scope,number,true,true,true,true,true,1.0000,true,true,answered,answered,250,250,slack-eng-relay-058 doc-059 slack-eng-relay-059,slack-eng-relay-058 doc-059 slack-eng-relay-059,3,3,true,8,6,0,0,0,0,0.000000,0,stop,
20260903-223624-oracle,1,oracle,mock,oracle,v1,c9ff11afc1436a70,dff88c3a4526f8e2,fa7f7600,16,q-current-report-day,current,superseded retraction format,string,true,true,true,true,true,1.0000,true,true,answered,answered,Thursday,Thursday,slack-support-041 slack-support-042 email-038,slack-support-041 slack-support-042 email-038,3,3,true,7,5,0,0,0,0,0.000000,0,stop,
20260903-223624-oracle,1,oracle,mock,oracle,v1,c9ff11afc1436a70,dff88c3a4526f8e2,fa7f7600,16,q-current-sandbox-quota,current,superseded keyword unit,number,true,true,true,true,true,1.0000,true,true,answered,answered,50000,50000,slack-eng-palisade-044 slack-eng-palisade-045 slack-eng-palisade-046,slack-eng-palisade-044 slack-eng-palisade-045 slack-eng-palisade-046,3,3,true,8,6,0,0,0,0,0.000000,0,stop,
20260903-223624-oracle,1,oracle,mock,oracle,v1,c9ff11afc1436a70,dff88c3a4526f8e2,fa7f7600,16,q-current-status-threshold,current,superseded statement_shaped_question format,number,true,true,true,true,true,1.0000,true,true,answered,answered,20,20,slack-incidents-001 slack-incidents-002 mtg-005,slack-incidents-001 slack-incidents-002 mtg-005,3,3,true,7,5,0,0,0,0,0.000000,0,stop,
20260903-223624-oracle,1,oracle,mock,oracle,v1,c9ff11afc1436a70,dff88c3a4526f8e2,fa7f7600,16,q-current-store-shards,current,superseded proposal format,number,true,true,true,true,true,1.0000,true,true,answered,answered,16,16,slack-data-platform-026 slack-data-platform-027 doc-config-store-shards,slack-data-platform-026 slack-data-platform-027 doc-config-store-shards,3,3,true,8,6,0,0,0,0,0.000000,0,stop,
20260903-223624-oracle,1,oracle,mock,oracle,v1,c9ff11afc1436a70,dff88c3a4526f8e2,fa7f7600,16,q-current-tanaka-contract,current,superseded retraction statement_shaped_question,date,true,true,true,true,true,1.0000,true,true,answered,answered,2028-09-30,2028-09-30,email-018 slack-general-036 slack-general-037 slack-sales-015 slack-sales-016,email-018 slack-general-036 slack-general-037 slack-sales-015 slack-sales-016,3,3,true,7,4,0,0,0,0,0.000000,0,stop,
20260903-223624-oracle,1,oracle,mock,oracle,v1,c9ff11afc1436a70,dff88c3a4526f8e2,fa7f7600,16,q-current-tanaka-invoice-day,current,superseded statement_shaped_question,number,true,true,true,true,true,1.0000,true,true,answered,answered,3,3,slack-general-051 slack-general-052 slack-general-053,slack-general-051 slack-general-052 slack-general-053,3,3,true,7,4,0,0,0,0,0.000000,0,stop,
20260903-223624-oracle,1,oracle,mock,oracle,v1,c9ff11afc1436a70,dff88c3a4526f8e2,fa7f7600,16,q-current-tls-window,current,superseded retraction statement_shaped_question,number,true,true,true,true,true,1.0000,true,true,answered,answered,45,45,slack-security-001 email-010 slack-security-002,slack-security-001 email-010 slack-security-002,3,3,true,8,5,0,0,0,0,0.000000,0,stop,
20260903-223624-oracle,1,oracle,mock,oracle,v1,c9ff11afc1436a70,dff88c3a4526f8e2,fa7f7600,16,q-current-training-owner,current,superseded keyword,string,true,true,true,true,true,1.0000,true,true,answered,answered,Nils Berg,Nils Berg,slack-security-025 slack-security-026 slack-security-027,slack-security-025 slack-security-026 slack-security-027,3,3,true,7,5,0,0,0,0,0.000000,0,stop,
20260903-223624-oracle,1,oracle,mock,oracle,v1,c9ff11afc1436a70,dff88c3a4526f8e2,fa7f7600,16,q-current-verity-seats,current,superseded proposal statement_shaped_question,number,true,true,true,true,true,1.0000,true,true,answered,answered,120,120,email-015 email-030 slack-sales-010 slack-sales-011,email-015 email-030 slack-sales-010 slack-sales-011,3,3,true,8,6,0,0,0,0,0.000000,0,stop,
20260903-223624-oracle,1,oracle,mock,oracle,v1,c9ff11afc1436a70,dff88c3a4526f8e2,fa7f7600,16,q-exhaustive-affected-regions-apr,exhaustive,negation superseded,string[],true,true,false,,true,1.0000,true,true,answered,answered,"[""eu-west"",""us-east""]","[""eu-west"",""us-east""]",doc-055 slack-incidents-006 slack-incidents-013 slack-incidents-014 slack-incidents-015 slack-incidents-019,doc-055 slack-incidents-006 slack-incidents-013 slack-incidents-014 slack-incidents-015 slack-incidents-019,0,0,true,7,4,0,0,0,0,0.000000,0,stop,
20260903-223624-oracle,1,oracle,mock,oracle,v1,c9ff11afc1436a70,dff88c3a4526f8e2,fa7f7600,16,q-exhaustive-annex-differences,exhaustive,negation,string[],true,true,false,,true,1.0000,true,true,answered,answered,"[""sub-processor notice""]","[""sub-processor notice""]",slack-general-019 slack-general-020,slack-general-019 slack-general-020,0,0,true,8,6,0,0,0,0,0.000000,0,stop,
20260903-223624-oracle,1,oracle,mock,oracle,v1,c9ff11afc1436a70,dff88c3a4526f8e2,fa7f7600,16,q-exhaustive-audit-log-fields,exhaustive,negation,string[],true,true,false,,true,1.0000,true,true,answered,answered,"[""actor"",""action"",""resource""]","[""actor"",""action"",""resource""]",slack-eng-core-034 slack-eng-core-035 slack-eng-core-036,slack-eng-core-034 slack-eng-core-035 slack-eng-core-036,0,0,true,6,4,0,0,0,0,0.000000,0,stop,
20260903-223624-oracle,1,oracle,mock,oracle,v1,c9ff11afc1436a70,dff88c3a4526f8e2,fa7f7600,16,q-exhaustive-badge-holders,exhaustive,same_name negation,string[],true,true,false,,true,1.0000,true,true,answered,answered,"[""Ravi Iyer"",""Diego Alvarez""]","[""Ravi Iyer"",""Diego Alvarez""]",doc-026 slack-infra-022 slack-infra-023 slack-infra-029,doc-026 slack-infra-022 slack-infra-023 slack-infra-029,0,0,true,8,5,0,0,0,0,0.000000,0,stop,
20260903-223624-oracle,1,oracle,mock,oracle,v1,c9ff11afc1436a70,dff88c3a4526f8e2,fa7f7600,16,q-exhaustive-channels-monitored,exhaustive,negation,string[],true,true,false,,true,1.0000,true,true,answered,answered,"[""incidents"",""support""]","[""incidents"",""support""]",doc-044 slack-support-024 slack-support-025,doc-044 slack-support-024 slack-support-025,0,0,true,8,5,0,0,0,0,0.000000,0,stop,
20260903-223624-oracle,1,oracle,mock,oracle,v1,c9ff11afc1436a70,dff88c3a4526f8e2,fa7f7600,16,q-exhaustive-components-frozen,exhaustive,negation planned_vs_done,string[],true,true,false,,true,1.0000,true,true,answered,answered,"[""edge nodes"",""control plane"",""normalise stage""]","[""edge nodes"",""control plane"",""normalise stage""]",slack-release-008 slack-release-009 slack-release-010,slack-release-008 slack-release-009 slack-release-010,0,0,true,8,5,0,0,0,0,0.000000,0,stop,
20260903-223624-oracle,1,oracle,mock,oracle,v1,c9ff11afc1436a70,dff88c3a4526f8e2,fa7f7600,16,q-exhaustive-customers-502,exhaustive,format,string[],true,true,false,,true,1.0000,true,true,answered,answered,"[""Meridian Logistics"",""Halcyon Media"",""Orso Retail""]","[""Meridian Logistics"",""Halcyon Media"",""Orso Retail""]",issue-wrn-4102 slack-support-026 slack-support-027 slack-support-028 slack-support-029,issue-wrn-4102 slack-support-026 slack-support-027 slack-support-028 slack-support-029,0,0,true,7,5,0,0,0,0,0.000000,0,stop,
20260903-223624-oracle,1,oracle,mock,oracle,v1,c9ff11afc1436a70,dff88c3a4526f8e2,fa7f7600,16,q-exhaustive-dach-channels,exhaustive,negation format,string[],true,true,false,,true,1.0000,true,true,answered,answered,"[""dach"",""support""]","[""dach"",""support""]",slack-dach-013 slack-dach-014,slack-dach-013 slack-dach-014,0,0,true,7,5,0,0,0,0,0.000000,0,stop,
20260903-223624-oracle,1,oracle,mock,oracle,v1,c9ff11afc1436a70,dff88c3a4526f8e2,fa7f7600,16,q-exhaustive-dach-customers,exhaustive,format superseded,string[],true,true,false,,true,1.0000,true,true,answered,answered,"[""Orso Retail"",""Verity Insurance""]","[""Orso Retail"",""Verity Insurance""]",email-025 email-026 slack-dach-005,email-025 email-026 slack-dach-005,0,0,true,8,5,0,0,0,0,0.000000,0,stop,
20260903-223624-oracle,1,oracle,mock,oracle,v1,c9ff11afc1436a70,dff88c3a4526f8e2,fa7f7600,16,q-exhaustive-deploy-teams,exhaustive,negation,string[],true,true,false,,true,1.0000,true,true,answered,answered,"[""the platform team"",""the relay team""]","[""the platform team"",""the relay team""]",slack-infra-053 slack-infra-054,slack-infra-053 slack-infra-054,0,0,true,7,4,0,0,0,0,0.000000,0,stop,
20260903-223624-oracle,1,oracle,mock,oracle,v1,c9ff11afc1436a70,dff88c3a4526f8e2,fa7f7600,16,q-exhaustive-enterprise-customers,exhaustive,negation superseded,string[],true,true,false,,true,1.0000,true,true,answered,answered,"[""Meridian Logistics""]","[""Meridian Logistics""]",slack-sales-048 slack-sales-049,slack-sales-048 slack-sales-049,0,0,true,8,5,0,0,0,0,0.000000,0,stop,
20260903-223624-oracle,1,oracle,mock,oracle,v1,c9ff11afc1436a70,dff88c3a4526f8e2,fa7f7600,16,q-exhaustive-freeze-exempt,exhaustive,negation,string[],true,true,false,,true,1.0000,true,true,answered,answered,"[""security fixes"",""incident fixes""]","[""security fixes"",""incident fixes""]",doc-024 mtg-007 slack-eng-core-013 slack-eng-core-014 slack-eng-core-018,doc-024 mtg-007 slack-eng-core-013 slack-eng-core-014 slack-eng-core-018,0,0,true,8,5,0,0,0,0,0.000000,0,stop,
20260903-223624-oracle,1,oracle,mock,oracle,v1,c9ff11afc1436a70,dff88c3a4526f8e2,fa7f7600,16,q-exhaustive-gateway-components,exhaustive,negation keyword,string[],true,true,false,,true,1.0000,true,true,answered,answered,"[""edge nodes"",""admin api"",""control plane""]","[""edge nodes"",""admin api"",""control plane""]",doc-013 doc-018 doc-025 doc-034 slack-eng-core-007 slack-eng-core-015 slack-eng-core-016 slack-eng-core-017,doc-013 doc-018 doc-025 doc-034 slack-eng-core-007 slack-eng-core-015 slack-eng-core-016 slack-eng-core-017,0,0,true,8,5,0,0,0,0,0.000000,0,stop,
20260903-223624-oracle,1,oracle,mock,oracle,v1,c9ff11afc1436a70,dff88c3a4526f8e2,fa7f7600,16,q-exhaustive-german-invoicing,exhaustive,format negation,string[],true,true,false,,true,1.0000,true,true,answered,answered,"[""Germany"",""Austria""]","[""Germany"",""Austria""]",doc-035 slack-general-017 slack-general-018 slack-general-031,doc-035 slack-general-017 slack-general-018 slack-general-031,0,0,true,8,6,0,0,0,0,0.000000,0,stop,
20260903-223624-oracle,1,oracle,mock,oracle,v1,c9ff11afc1436a70,dff88c3a4526f8e2,fa7f7600,16,q-exhaustive-incident-numbers,exhaustive,keyword negation,string[],true,true,false,,true,1.0000,true,true,answered,answered,"[""INC-2027-009"",""INC-2027-014"",""INC-2027-021""]","[""INC-2027-009"",""INC-2027-014"",""INC-2027-021""]",slack-incidents-036 slack-incidents-037 slack-incidents-038,slack-incidents-036 slack-incidents-037 slack-incidents-038,0,0,true,7,4,0,0,0,0,0.000000,0,stop,
20260903-223624-oracle,1,oracle,mock,oracle,v1,c9ff11afc1436a70,dff88c3a4526f8e2,fa7f7600,16,q-exhaustive-incident-roles,exhaustive,negation,string[],true,true,false,,true,1.0000,true,true,answered,answered,"[""incident commander"",""scribe""]","[""incident commander"",""scribe""]",doc-007 slack-incidents-011 slack-incidents-012 slack-incidents-021,doc-007 slack-incidents-011 slack-incidents-012 slack-incidents-021,0,0,true,8,5,0,0,0,0,0.000000,0,stop,
20260903-223624-oracle,1,oracle,mock,oracle,v1,c9ff11afc1436a70,dff88c3a4526f8e2,fa7f7600,16,q-exhaustive-limiter-regions,exhaustive,superseded negation,string[],true,true,true,true,true,1.0000,true,true,answered,answered,"[""eu-west"",""ap-south""]","[""eu-west"",""ap-south""]",slack-eng-palisade-026 slack-eng-palisade-027 slack-eng-palisade-028,slack-eng-palisade-026 slack-eng-palisade-027 slack-eng-palisade-028,3,3,true,8,5,0,0,0,0,0.000000,0,stop,
20260903-223624-oracle,1,oracle,mock,oracle,v1,c9ff11afc1436a70,dff88c3a4526f8e2,fa7f7600,16,q-exhaustive-maintenance-regions,exhaustive,timezone,string[],true,true,false,,true,1.0000,true,true,answered,answered,"[""eu-west"",""us-east"",""ap-south""]","[""eu-west"",""us-east"",""ap-south""]",slack-infra-040 slack-infra-041,slack-infra-040 slack-infra-041,0,0,true,7,4,0,0,0,0,0.000000,0,stop,
20260903-223624-oracle,1,oracle,mock,oracle,v1,c9ff11afc1436a70,dff88c3a4526f8e2,fa7f7600,16,q-exhaustive-negotiated-annex,exhaustive,negation,string[],true,true,false,,true,1.0000,true,true,answered,answered,"[""Tanaka Foods"",""Halcyon Media""]","[""Tanaka Foods"",""Halcyon Media""]",doc-022 slack-data-platform-017 slack-general-004 slack-general-007 slack-general-008 slack-general-009 slack-general-010,doc-022 slack-data-platform-017 slack-general-004 slack-general-007 slack-general-008 slack-general-009 slack-general-010,0,0,true,8,5,0,0,0,0,0.000000,0,stop,
20260903-223624-oracle,1,oracle,mock,oracle,v1,c9ff11afc1436a70,dff88c3a4526f8e2,fa7f7600,16,q-exhaustive-oncall-may,exhaustive,same_name,string[],true,true,false,,true,1.0000,true,true,answered,answered,"[""Ravi Iyer"",""Elena Sokolova"",""Ravi Menon""]","[""Ravi Iyer"",""Elena Sokolova"",""Ravi Menon""]",slack-infra-012 slack-infra-020 slack-infra-021,slack-infra-012 slack-infra-020 slack-infra-021,0,0,true,8,5,0,0,0,0,0.000000,0,stop,
20260903-223624-oracle,1,oracle,mock,oracle,v1,c9ff11afc1436a70,dff88c3a4526f8e2,fa7f7600,16,q-exhaustive-postmortems-written,exhaustive,,string[],true,true,false,,true,1.0000,true,true,answered,answered,"[""Priya Raman"",""Diego Alvarez"",""Elena Sokolova""]","[""Priya Raman"",""Diego Alvarez"",""Elena Sokolova""]",doc-028 doc-039 slack-incidents-016,doc-028 doc-039 slack-incidents-016,0,0,true,7,5,0,0,0,0,0.000000,0,stop,
20260903-223624-oracle,1,oracle,mock,oracle,v1,c9ff11afc1436a70,dff88c3a4526f8e2,fa7f7600,16,q-exhaustive-premium-customers,exhaustive,superseded,string[],true,true,false,,true,1.0000,true,true,answered,answered,"[""Orso Retail"",""Kestrel Health""]","[""Orso Retail"",""Kestrel Health""]",doc-016 slack-sales-025 slack-sales-029 slack-sales-030 slack-sales-031 slack-sales-035,doc-016 slack-sales-025 slack-sales-029 slack-sales-030 slack-sales-031 slack-sales-035,0,0,true,8,5,0,0,0,0,0.000000,0,stop,
20260903-223624-oracle,1,oracle,mock,oracle,v1,c9ff11afc1436a70,dff88c3a4526f8e2,fa7f7600,16,q-exhaustive-q1-purchase-orders,exhaustive,negation,string[],true,true,false,,true,1.0000,true,true,answered,answered,"[""PO-90114"",""PO-90115"",""PO-90117""]","[""PO-90114"",""PO-90115"",""PO-90117""]",slack-general-056 slack-general-057 slack-general-058,slack-general-056 slack-general-057 slack-general-058,0,0,true,7,5,0,0,0,0,0.000000,0,stop,
20260903-223624-oracle,1,oracle,mock,oracle,v1,c9ff11afc1436a70,dff88c3a4526f8e2,fa7f7600,16,q-exhaustive-regions-offered,exhaustive,proposal,string[],true,true,false,,true,1.0000,true,true,answered,answered,"[""eu-west"",""us-east"",""ap-south""]","[""eu-west"",""us-east"",""ap-south""]",doc-008 slack-data-platform-015 slack-data-platform-016,doc-008 slack-data-platform-015 slack-data-platform-016,0,0,true,8,6,0,0,0,0,0.000000,0,stop,
20260903-223624-oracle,1,oracle,mock,oracle,v1,c9ff11afc1436a70,dff88c3a4526f8e2,fa7f7600,16,q-exhaustive-relay-connectors,exhaustive,superseded negation,string[],true,true,false,,true,1.0000,true,true,answered,answered,"[""Kestrel Health"",""Orso Retail"",""Halcyon Media""]","[""Kestrel Health"",""Orso Retail"",""Halcyon Media""]",slack-eng-relay-066 slack-eng-relay-067 slack-eng-relay-068,slack-eng-relay-066 slack-eng-relay-067 slack-eng-relay-068,0,0,true,6,3,0,0,0,0,0.000000,0,stop,
20260903-223624-oracle,1,oracle,mock,oracle,v1,c9ff11afc1436a70,dff88c3a4526f8e2,fa7f7600,16,q-exhaustive-relay-stages,exhaustive,planned_vs_done,string[],true,true,false,,true,1.0000,true,true,answered,answered,"[""fetch"",""normalise"",""validate"",""load""]","[""fetch"",""normalise"",""validate"",""load""]",doc-010 slack-eng-relay-036 slack-eng-relay-037 slack-eng-relay-048,doc-010 slack-eng-relay-036 slack-eng-relay-037 slack-eng-relay-048,0,0,true,7,5,0,0,0,0,0.000000,0,stop,
20260903-223624-oracle,1,oracle,mock,oracle,v1,c9ff11afc1436a70,dff88c3a4526f8e2,fa7f7600,16,q-exhaustive-sandbox-regions,exhaustive,negation superseded,string[],true,true,false,,true,1.0000,true,true,answered,answered,"[""eu-west"",""us-east""]","[""eu-west"",""us-east""]",slack-infra-050 slack-infra-051 slack-infra-052,slack-infra-050 slack-infra-051 slack-infra-052,0,0,true,8,6,0,0,0,0,0.000000,0,stop,
20260903-223624-oracle,1,oracle,mock,oracle,v1,c9ff11afc1436a70,dff88c3a4526f8e2,fa7f7600,16,q-exhaustive-security-signoff,exhaustive,negation same_name,string[],true,true,false,,true,1.0000,true,true,answered,answered,"[""Yusuf Demir"",""Ingrid Halvorsen""]","[""Yusuf Demir"",""Ingrid Halvorsen""]",slack-security-030 slack-security-031 slack-security-032,slack-security-030 slack-security-031 slack-security-032,0,0,true,9,6,0,0,0,0,0.000000,0,stop,
20260903-223624-oracle,1,oracle,mock,oracle,v1,c9ff11afc1436a70,dff88c3a4526f8e2,fa7f7600,16,q-exhaustive-sub-processors,exhaustive,proposal,string[],true,true,false,,true,1.0000,true,true,answered,answered,"[""Nordhaven"",""Steinfeld"",""Lumen Mail""]","[""Nordhaven"",""Steinfeld"",""Lumen Mail""]",slack-general-011 slack-general-012 slack-general-013 slack-general-033 slack-general-039,slack-general-011 slack-general-012 slack-general-013 slack-general-033 slack-general-039,0,0,true,7,5,0,0,0,0,0.000000,0,stop,
20260903-223624-oracle,1,oracle,mock,oracle,v1,c9ff11afc1436a70,dff88c3a4526f8e2,fa7f7600,16,q-exhaustive-tools-renewed,exhaustive,planned_vs_done,string[],true,true,false,,true,1.0000,true,true,answered,answered,"[""Tidemark"",""Beacon"",""Lantern""]","[""Tidemark"",""Beacon"",""Lantern""]",slack-general-014 slack-general-015 slack-general-016,slack-general-014 slack-general-015 slack-general-016,0,0,true,7,5,0,0,0,0,0.000000,0,stop,
20260903-223624-oracle,1,oracle,mock,oracle,v1,c9ff11afc1436a70,dff88c3a4526f8e2,fa7f7600,16,q-join-acceptance-port,join,scope,number,true,true,false,,true,1.0000,true,true,answered,answered,8445,8445,slack-release-021 doc-060,slack-release-021 doc-060,0,0,true,8,5,0,0,0,0,0.000000,0,stop,
20260903-223624-oracle,1,oracle,mock,oracle,v1,c9ff11afc1436a70,dff88c3a4526f8e2,fa7f7600,16,q-join-badge-holder,join,same_name,string,true,true,false,,true,1.0000,true,true,answered,answered,Ravi Iyer,Ravi Iyer,doc-026 slack-infra-015 slack-infra-022 slack-infra-029,doc-026 slack-infra-015 slack-infra-022 slack-infra-029,0,0,true,8,5,0,0,0,0,0.000000,0,stop,
20260903-223624-oracle,1,oracle,mock,oracle,v1,c9ff11afc1436a70,dff88c3a4526f8e2,fa7f7600,16,q-join-beacon-po,join,unit,number,true,true,false,,true,1.0000,true,true,answered,answered,9600,9600,slack-general-060 email-039,slack-general-060 email-039,0,0,true,7,5,0,0,0,0,0.000000,0,stop,
20260903-223624-oracle,1,oracle,mock,oracle,v1,c9ff11afc1436a70,dff88c3a4526f8e2,fa7f7600,16,q-join-brightline-owner,join,same_name,string,true,true,false,,true,1.0000,true,true,answered,answered,Anna Brandt,Anna Brandt,issue-wrn-4815 slack-sales-050,issue-wrn-4815 slack-sales-050,0,0,true,7,5,0,0,0,0,0.000000,0,stop,
20260903-223624-oracle,1,oracle,mock,oracle,v1,c9ff11afc1436a70,dff88c3a4526f8e2,fa7f7600,16,q-join-brightline-renewal,join,,date,true,true,false,,true,1.0000,true,true,answered,answered,2027-11-30,2027-11-30,issue-wrn-4425 slack-sales-024,issue-wrn-4425 slack-sales-024,0,0,true,8,5,0,0,0,0,0.000000,0,stop,
20260903-223624-oracle,1,oracle,mock,oracle,v1,c9ff11afc1436a70,dff88c3a4526f8e2,fa7f7600,16,q-join-component-team,join,,string,true,true,false,,true,1.0000,true,true,answered,answered,the relay team,the relay team,slack-eng-relay-029 doc-013,slack-eng-relay-029 doc-013,0,0,true,8,5,0,0,0,0,0.000000,0,stop,
20260903-223624-oracle,1,oracle,mock,oracle,v1,c9ff11afc1436a70,dff88c3a4526f8e2,fa7f7600,16,q-join-contract-signer,join,,string,true,true,false,,true,1.0000,true,true,answered,answered,Ingrid Halvorsen,Ingrid Halvorsen,doc-012 slack-general-001,doc-012 slack-general-001,0,0,true,8,6,0,0,0,0,0.000000,0,stop,
20260903-223624-oracle,1,oracle,mock,oracle,v1,c9ff11afc1436a70,dff88c3a4526f8e2,fa7f7600,16,q-join-dc-provider,join,,string,true,true,false,,true,1.0000,true,true,answered,answered,Nordhaven,Nordhaven,doc-014 slack-infra-011 slack-infra-013 slack-infra-014,doc-014 slack-infra-011 slack-infra-013 slack-infra-014,0,0,true,7,4,0,0,0,0,0.000000,0,stop,
20260903-223624-oracle,1,oracle,mock,oracle,v1,c9ff11afc1436a70,dff88c3a4526f8e2,fa7f7600,16,q-join-deploy-window,join,,string,true,true,false,,true,1.0000,true,true,answered,answered,Tuesday,Tuesday,doc-027 slack-eng-relay-030 slack-infra-027,doc-027 slack-eng-relay-030 slack-infra-027,0,0,true,7,4,0,0,0,0,0.000000,0,stop,
20260903-223624-oracle,1,oracle,mock,oracle,v1,c9ff11afc1436a70,dff88c3a4526f8e2,fa7f7600,16,q-join-halcyon-owner,join,same_name,string,true,true,false,,true,1.0000,true,true,answered,answered,Anna Brandt,Anna Brandt,issue-wrn-4318 slack-sales-022,issue-wrn-4318 slack-sales-022,0,0,true,8,5,0,0,0,0,0.000000,0,stop,
20260903-223624-oracle,1,oracle,mock,oracle,v1,c9ff11afc1436a70,dff88c3a4526f8e2,fa7f7600,16,q-join-kestrel-region,join,,string,true,true,false,,true,1.0000,true,true,answered,answered,eu-west,eu-west,issue-wrn-4265 slack-data-platform-007 slack-data-platform-019,issue-wrn-4265 slack-data-platform-007 slack-data-platform-019,0,0,true,8,5,0,0,0,0,0.000000,0,stop,
20260903-223624-oracle,1,oracle,mock,oracle,v1,c9ff11afc1436a70,dff88c3a4526f8e2,fa7f7600,16,q-join-lb-swap-utc,join,relative_date timezone,time,true,true,false,,true,1.0000,true,true,answered,answered,23:00,23:00,slack-infra-038 slack-infra-039,slack-infra-038 slack-infra-039,0,0,true,9,6,0,0,0,0,0.000000,0,stop,
20260903-223624-oracle,1,oracle,mock,oracle,v1,c9ff11afc1436a70,dff88c3a4526f8e2,fa7f7600,16,q-join-meridian-escalation,join,same_name,string,true,true,false,,true,1.0000,true,true,answered,answered,Ravi Menon,Ravi Menon,issue-wrn-4210 slack-support-016,issue-wrn-4210 slack-support-016,0,0,true,8,5,0,0,0,0,0.000000,0,stop,
20260903-223624-oracle,1,oracle,mock,oracle,v1,c9ff11afc1436a70,dff88c3a4526f8e2,fa7f7600,16,q-join-northwind-audit,join,,date,true,true,false,,true,1.0000,true,true,answered,answered,2027-09-01,2027-09-01,issue-wrn-4501 doc-011,issue-wrn-4501 doc-011,0,0,true,9,5,0,0,0,0,0.000000,0,stop,
20260903-223624-oracle,1,oracle,mock,oracle,v1,c9ff11afc1436a70,dff88c3a4526f8e2,fa7f7600,16,q-join-orso-tier,join,,string,true,true,false,,true,1.0000,true,true,answered,answered,premium,premium,issue-wrn-4533 slack-sales-025 slack-sales-029 slack-sales-030,issue-wrn-4533 slack-sales-025 slack-sales-029 slack-sales-030,0,0,true,9,6,0,0,0,0,0.000000,0,stop,
20260903-223624-oracle,1,oracle,mock,oracle,v1,c9ff11afc1436a70,dff88c3a4526f8e2,fa7f7600,16,q-join-pentest-landed,join,relative_date planned_vs_done,date,true,true,false,,true,1.0000,true,true,answered,answered,2027-03-25,2027-03-25,slack-sales-041 slack-sales-042,slack-sales-041 slack-sales-042,0,0,true,8,5,0,0,0,0,0.000000,0,stop,
20260903-223624-oracle,1,oracle,mock,oracle,v1,c9ff11afc1436a70,dff88c3a4526f8e2,fa7f7600,16,q-join-po-amount,join,unit,number,true,true,false,,true,1.0000,true,true,answered,answered,14400,14400,slack-general-002 email-024,slack-general-002 email-024,0,0,true,7,4,0,0,0,0,0.000000,0,stop,
20260903-223624-oracle,1,oracle,mock,oracle,v1,c9ff11afc1436a70,dff88c3a4526f8e2,fa7f7600,16,q-join-postmortem-author,join,,string,true,true,false,,true,1.0000,true,true,answered,answered,Diego Alvarez,Diego Alvarez,doc-028 doc-055 slack-incidents-008,doc-028 doc-055 slack-incidents-008,0,0,true,8,6,0,0,0,0,0.000000,0,stop,
20260903-223624-oracle,1,oracle,mock,oracle,v1,c9ff11afc1436a70,dff88c3a4526f8e2,fa7f7600,16,q-join-queue-owner,join,keyword,string,true,true,false,,true,1.0000,true,true,answered,answered,the relay team,the relay team,doc-013 doc-032 slack-eng-relay-031,doc-013 doc-032 slack-eng-relay-031,0,0,true,9,6,0,0,0,0,0.000000,0,stop,
20260903-223624-oracle,1,oracle,mock,oracle,v1,c9ff11afc1436a70,dff88c3a4526f8e2,fa7f7600,16,q-join-report-recipient,join,same_name,string,true,true,false,,true,1.0000,true,true,answered,answered,Ingrid Halvorsen,Ingrid Halvorsen,slack-support-045 slack-general-059,slack-support-045 slack-general-059,0,0,true,8,5,0,0,0,0,0.000000,0,stop,
20260903-223624-oracle,1,oracle,mock,oracle,v1,c9ff11afc1436a70,dff88c3a4526f8e2,fa7f7600,16,q-join-runbook-owner,join,keyword,string,true,true,false,,true,1.0000,true,true,answered,answered,Diego Alvarez,Diego Alvarez,slack-incidents-007 doc-015,slack-incidents-007 doc-015,0,0,true,9,6,0,0,0,0,0.000000,0,stop,
20260903-223624-oracle,1,oracle,mock,oracle,v1,c9ff11afc1436a70,dff88c3a4526f8e2,fa7f7600,16,q-join-shard-approver,join,same_name,string,true,true,false,,true,1.0000,true,true,answered,answered,Ravi Iyer,Ravi Iyer,slack-data-platform-033 slack-data-platform-034,slack-data-platform-033 slack-data-platform-034,0,0,true,8,5,0,0,0,0,0.000000,0,stop,
20260903-223624-oracle,1,oracle,mock,oracle,v1,c9ff11afc1436a70,dff88c3a4526f8e2,fa7f7600,16,q-join-store-runbook,join,,string,true,true,false,,true,1.0000,true,true,answered,answered,Elena Sokolova,Elena Sokolova,slack-data-platform-031 slack-data-platform-032,slack-data-platform-031 slack-data-platform-032,0,0,true,7,5,0,0,0,0,0.000000,0,stop,
20260903-223624-oracle,1,oracle,mock,oracle,v1,c9ff11afc1436a70,dff88c3a4526f8e2,fa7f7600,16,q-join-tanaka-language,join,negation,string,true,true,false,,true,1.0000,true,true,answered,answered,English,English,issue-wrn-4460 slack-support-018,issue-wrn-4460 slack-support-018,0,0,true,8,6,0,0,0,0,0.000000,0,stop,
20260903-223624-oracle,1,oracle,mock,oracle,v1,c9ff11afc1436a70,dff88c3a4526f8e2,fa7f7600,16,q-join-thread-decision,join,keyword,string,true,true,false,,true,1.0000,true,true,answered,answered,Priya Raman,Priya Raman,slack-eng-core-005 slack-eng-core-006,slack-eng-core-005 slack-eng-core-006,0,0,true,7,4,0,0,0,0,0.000000,0,stop,
20260903-223624-oracle,1,oracle,mock,oracle,v1,c9ff11afc1436a70,dff88c3a4526f8e2,fa7f7600,16,q-join-training-language,join,format,string,true,true,false,,true,1.0000,true,true,answered,answered,German,German,slack-dach-015 slack-dach-016,slack-dach-015 slack-dach-016,0,0,true,8,5,0,0,0,0,0.000000,0,stop,
20260903-223624-oracle,1,oracle,mock,oracle,v1,c9ff11afc1436a70,dff88c3a4526f8e2,fa7f7600,16,q-join-training-owner,join,same_name,string,true,true,false,,true,1.0000,true,true,answered,answered,Ravi Menon,Ravi Menon,slack-support-020 doc-029,slack-support-020 doc-029,0,0,true,8,5,0,0,0,0,0.000000,0,stop,
20260903-223624-oracle,1,oracle,mock,oracle,v1,c9ff11afc1436a70,dff88c3a4526f8e2,fa7f7600,16,q-join-vendor-renewal,join,,date,true,true,false,,true,1.0000,true,true,answered,answered,2027-12-01,2027-12-01,doc-030 doc-031,doc-030 doc-031,0,0,true,9,6,0,0,0,0,0.000000,0,stop,
20260903-223624-oracle,1,oracle,mock,oracle,v1,c9ff11afc1436a70,dff88c3a4526f8e2,fa7f7600,16,q-join-verity-invoice,join,,string,true,true,false,,true,1.0000,true,true,answered,answered,PO-88214,PO-88214,issue-wrn-4390 email-023,issue-wrn-4390 email-023,0,0,true,8,6,0,0,0,0,0.000000,0,stop,
20260903-223624-oracle,1,oracle,mock,oracle,v1,c9ff11afc1436a70,dff88c3a4526f8e2,fa7f7600,16,q-join-verity-region,join,keyword,string,true,true,false,,true,1.0000,true,true,answered,answered,us-east,us-east,issue-wrn-4802 slack-data-platform-030,issue-wrn-4802 slack-data-platform-030,0,0,true,8,6,0,0,0,0,0.000000,0,stop,
20260903-223624-oracle,1,oracle,mock,oracle,v1,c9ff11afc1436a70,dff88c3a4526f8e2,fa7f7600,16,q-lookup-41-shipped,lookup,planned_vs_done,date,true,true,false,,true,1.0000,true,true,answered,answered,2027-01-27,2027-01-27,slack-release-013,slack-release-013,0,0,true,8,6,0,0,0,0,0.000000,0,stop,
20260903-223624-oracle,1,oracle,mock,oracle,v1,c9ff11afc1436a70,dff88c3a4526f8e2,fa7f7600,16,q-lookup-4102-rate,lookup,keyword statement_shaped_question,number,true,true,false,,true,1.0000,true,true,answered,answered,3,3,issue-wrn-4102,issue-wrn-4102,0,0,true,7,5,0,0,0,0,0.000000,0,stop,
20260903-223624-oracle,1,oracle,mock,oracle,v1,c9ff11afc1436a70,dff88c3a4526f8e2,fa7f7600,16,q-lookup-admin-auth,lookup,negation proposal statement_shaped_question,string,true,true,false,,true,1.0000,true,true,answered,answered,mTLS client certificate,mTLS client certificate,slack-eng-core-004,slack-eng-core-004,0,0,true,6,4,0,0,0,0,0.000000,0,stop,
20260903-223624-oracle,1,oracle,mock,oracle,v1,c9ff11afc1436a70,dff88c3a4526f8e2,fa7f7600,16,q-lookup-april-window,lookup,timezone,time,true,true,false,,true,1.0000,true,true,answered,answered,20:00,20:00,slack-infra-035,slack-infra-035,0,0,true,8,6,0,0,0,0,0.000000,0,stop,
20260903-223624-oracle,1,oracle,mock,oracle,v1,c9ff11afc1436a70,dff88c3a4526f8e2,fa7f7600,16,q-lookup-backfill-rate,lookup,chunk_split unit,number,true,true,false,,true,1.0000,true,true,answered,answered,200,200,doc-046,doc-046,0,0,true,8,6,0,0,0,0,0.000000,0,stop,
20260903-223624-oracle,1,oracle,mock,oracle,v1,c9ff11afc1436a70,dff88c3a4526f8e2,fa7f7600,16,q-lookup-bodysize,lookup,proposal unit statement_shaped_question,number,true,true,false,,true,1.0000,true,true,answered,answered,8,8,slack-eng-core-002,slack-eng-core-002,0,0,true,8,5,0,0,0,0,0.000000,0,stop,
20260903-223624-oracle,1,oracle,mock,oracle,v1,c9ff11afc1436a70,dff88c3a4526f8e2,fa7f7600,16,q-lookup-breach-hours,lookup,chunk_split negation,number,true,true,false,,true,1.0000,true,true,answered,answered,72,72,doc-008,doc-008,0,0,true,8,5,0,0,0,0,0.000000,0,stop,
20260903-223624-oracle,1,oracle,mock,oracle,v1,c9ff11afc1436a70,dff88c3a4526f8e2,fa7f7600,16,q-lookup-build-owner,lookup,same_name retraction,string,true,true,false,,true,1.0000,true,true,answered,answered,Ravi Iyer,Ravi Iyer,slack-infra-007,slack-infra-007,0,0,true,8,5,0,0,0,0,0.000000,0,stop,
20260903-223624-oracle,1,oracle,mock,oracle,v1,c9ff11afc1436a70,dff88c3a4526f8e2,fa7f7600,16,q-lookup-credit-ceiling,lookup,chunk_split negation keyword format,number,true,true,false,,true,1.0000,true,true,answered,answered,500,500,doc-044,doc-044,0,0,true,6,4,0,0,0,0,0.000000,0,stop,
20260903-223624-oracle,1,oracle,mock,oracle,v1,c9ff11afc1436a70,dff88c3a4526f8e2,fa7f7600,16,q-lookup-dach-oncall,lookup,format quoted_email,string,true,true,false,,true,1.0000,true,true,answered,answered,Hannah Fischer,Hannah Fischer,slack-support-015,slack-support-015,0,0,true,6,4,0,0,0,0,0.000000,0,stop,
20260903-223624-oracle,1,oracle,mock,oracle,v1,c9ff11afc1436a70,dff88c3a4526f8e2,fa7f7600,16,q-lookup-deletion-days,lookup,chunk_split keyword,number,true,true,false,,true,1.0000,true,true,answered,answered,14,14,doc-008,doc-008,0,0,true,7,5,0,0,0,0,0.000000,0,stop,
20260903-223624-oracle,1,oracle,mock,oracle,v1,c9ff11afc1436a70,dff88c3a4526f8e2,fa7f7600,16,q-lookup-deploy-berlin,lookup,timezone,time,true,true,false,,true,1.0000,true,true,answered,answered,08:00,08:00,slack-eng-palisade-030,slack-eng-palisade-030,0,0,true,6,4,0,0,0,0,0.000000,0,stop,
20260903-223624-oracle,1,oracle,mock,oracle,v1,c9ff11afc1436a70,dff88c3a4526f8e2,fa7f7600,16,q-lookup-disclosure-mailbox,lookup,statement_shaped_question retraction,string,true,true,false,,true,1.0000,true,true,answered,answered,security-reports@wrenfield.example,security-reports@wrenfield.example,slack-security-011,slack-security-011,0,0,true,7,5,0,0,0,0,0.000000,0,stop,
20260903-223624-oracle,1,oracle,mock,oracle,v1,c9ff11afc1436a70,dff88c3a4526f8e2,fa7f7600,16,q-lookup-drain-timeout,lookup,chunk_split unit keyword,number,true,true,false,,true,1.0000,true,true,answered,answered,120,120,doc-009,doc-009,0,0,true,6,4,0,0,0,0,0.000000,0,stop,
20260903-223624-oracle,1,oracle,mock,oracle,v1,c9ff11afc1436a70,dff88c3a4526f8e2,fa7f7600,16,q-lookup-first-update,lookup,chunk_split keyword statement_shaped_question,number,true,true,false,,true,1.0000,true,true,answered,answered,20,20,doc-007,doc-007,0,0,true,7,4,0,0,0,0,0.000000,0,stop,
20260903-223624-oracle,1,oracle,mock,oracle,v1,c9ff11afc1436a70,dff88c3a4526f8e2,fa7f7600,16,q-lookup-freeze-start,lookup,format proposal,date,true,true,false,,true,1.0000,true,true,answered,answered,2027-07-19,2027-07-19,mtg-007,mtg-007,0,0,true,7,5,0,0,0,0,0.000000,0,stop,
20260903-223624-oracle,1,oracle,mock,oracle,v1,c9ff11afc1436a70,dff88c3a4526f8e2,fa7f7600,16,q-lookup-ga-date,lookup,retraction planned_vs_done quoted_email,date,true,true,false,,true,1.0000,true,true,answered,answered,2027-05-18,2027-05-18,email-020,email-020,0,0,true,6,4,0,0,0,0,0.000000,0,stop,
20260903-223624-oracle,1,oracle,mock,oracle,v1,c9ff11afc1436a70,dff88c3a4526f8e2,fa7f7600,16,q-lookup-healthpath,lookup,keyword statement_shaped_question proposal,string,true,true,false,,true,1.0000,true,true,answered,answered,/healthz/gateway,/healthz/gateway,slack-eng-palisade-024,slack-eng-palisade-024,0,0,true,6,4,0,0,0,0,0.000000,0,stop,
20260903-223624-oracle,1,oracle,mock,oracle,v1,c9ff11afc1436a70,dff88c3a4526f8e2,fa7f7600,16,q-lookup-incident-review,lookup,timezone format,time,true,true,false,,true,1.0000,true,true,answered,answered,14:30,14:30,mtg-009,mtg-009,0,0,true,7,5,0,0,0,0,0.000000,0,stop,
20260903-223624-oracle,1,oracle,mock,oracle,v1,c9ff11afc1436a70,dff88c3a4526f8e2,fa7f7600,16,q-lookup-ingest-timeout,lookup,unit proposal,number,true,true,false,,true,1.0000,true,true,answered,answered,90,90,slack-eng-relay-027,slack-eng-relay-027,0,0,true,8,5,0,0,0,0,0.000000,0,stop,
20260903-223624-oracle,1,oracle,mock,oracle,v1,c9ff11afc1436a70,dff88c3a4526f8e2,fa7f7600,16,q-lookup-legal-entity,lookup,quoted_email proposal,string,true,true,false,,true,1.0000,true,true,answered,answered,Wrenfield Technologies GmbH,Wrenfield Technologies GmbH,email-021,email-021,0,0,true,7,4,0,0,0,0,0.000000,0,stop,
20260903-223624-oracle,1,oracle,mock,oracle,v1,c9ff11afc1436a70,dff88c3a4526f8e2,fa7f7600,16,q-lookup-migration-done,lookup,planned_vs_done format,date,true,true,false,,true,1.0000,true,true,answered,answered,2027-04-16,2027-04-16,slack-infra-009 slack-infra-034,slack-infra-009 slack-infra-034,0,0,true,7,5,0,0,0,0,0.000000,0,stop,
20260903-223624-oracle,1,oracle,mock,oracle,v1,c9ff11afc1436a70,dff88c3a4526f8e2,fa7f7600,16,q-lookup-min-edge-nodes,lookup,chunk_split,number,true,true,false,,true,1.0000,true,true,answered,answered,4,4,doc-009,doc-009,0,0,true,8,5,0,0,0,0,0.000000,0,stop,
20260903-223624-oracle,1,oracle,mock,oracle,v1,c9ff11afc1436a70,dff88c3a4526f8e2,fa7f7600,16,q-lookup-old-cert-days,lookup,chunk_split proposal,number,true,true,false,,true,1.0000,true,true,answered,answered,30,30,doc-043,doc-043,0,0,true,8,6,0,0,0,0,0.000000,0,stop,
20260903-223624-oracle,1,oracle,mock,oracle,v1,c9ff11afc1436a70,dff88c3a4526f8e2,fa7f7600,16,q-lookup-orso-address,lookup,format keyword quoted_email,string,true,true,false,,true,1.0000,true,true,answered,answered,"Viale Monza 44, Mailand","Viale Monza 44, Mailand",slack-dach-003,slack-dach-003,0,0,true,8,5,0,0,0,0,0.000000,0,stop,
20260903-223624-oracle,1,oracle,mock,oracle,v1,c9ff11afc1436a70,dff88c3a4526f8e2,fa7f7600,16,q-lookup-outage-unaffected,lookup,negation,string,true,true,false,,true,1.0000,true,true,answered,answered,ap-south,ap-south,slack-incidents-006,slack-incidents-006,0,0,true,8,6,0,0,0,0,0.000000,0,stop,
20260903-223624-oracle,1,oracle,mock,oracle,v1,c9ff11afc1436a70,dff88c3a4526f8e2,fa7f7600,16,q-lookup-port,lookup,format scope retraction,number,true,true,false,,true,1.0000,true,true,answered,answered,8443,8443,doc-006,doc-006,0,0,true,8,5,0,0,0,0,0.000000,0,stop,
20260903-223624-oracle,1,oracle,mock,oracle,v1,c9ff11afc1436a70,dff88c3a4526f8e2,fa7f7600,16,q-lookup-relay-buffer,lookup,chunk_split same_name statement_shaped_question,number,true,true,false,,true,1.0000,true,true,answered,answered,50000,50000,doc-010,doc-010,0,0,true,8,5,0,0,0,0,0.000000,0,stop,
20260903-223624-oracle,1,oracle,mock,oracle,v1,c9ff11afc1436a70,dff88c3a4526f8e2,fa7f7600,16,q-lookup-relay-fetch,lookup,chunk_split,string,true,true,false,,true,1.0000,true,true,answered,answered,fetch,fetch,doc-010,doc-010,0,0,true,8,5,0,0,0,0,0.000000,0,stop,
20260903-223624-oracle,1,oracle,mock,oracle,v1,c9ff11afc1436a70,dff88c3a4526f8e2,fa7f7600,16,q-lookup-replicas,lookup,scope proposal,number,true,true,false,,true,1.0000,true,true,answered,answered,12,12,slack-infra-008,slack-infra-008,0,0,true,8,5,0,0,0,0,0.000000,0,stop,
20260903-223624-oracle,1,oracle,mock,oracle,v1,c9ff11afc1436a70,dff88c3a4526f8e2,fa7f7600,16,q-lookup-review-finished,lookup,planned_vs_done quoted_email,date,true,true,false,,true,1.0000,true,true,answered,answered,2027-04-27,2027-04-27,email-029,email-029,0,0,true,7,5,0,0,0,0,0.000000,0,stop,
20260903-223624-oracle,1,oracle,mock,oracle,v1,c9ff11afc1436a70,dff88c3a4526f8e2,fa7f7600,16,q-lookup-rotation-window,lookup,chunk_split timezone,time,true,true,false,,true,1.0000,true,true,answered,answered,01:00,01:00,doc-043,doc-043,0,0,true,7,4,0,0,0,0,0.000000,0,stop,
20260903-223624-oracle,1,oracle,mock,oracle,v1,c9ff11afc1436a70,dff88c3a4526f8e2,fa7f7600,16,q-lookup-scribe,lookup,chunk_split keyword,number,true,true,false,,true,1.0000,true,true,answered,answered,30,30,doc-007,doc-007,0,0,true,6,4,0,0,0,0,0.000000,0,stop,
20260903-223624-oracle,1,oracle,mock,oracle,v1,c9ff11afc1436a70,dff88c3a4526f8e2,fa7f7600,16,q-lookup-soak-hours,lookup,chunk_split planned_vs_done statement_shaped_question,number,true,true,false,,true,1.0000,true,true,answered,answered,48,48,doc-045,doc-045,0,0,true,7,4,0,0,0,0,0.000000,0,stop,
20260903-223624-oracle,1,oracle,mock,oracle,v1,c9ff11afc1436a70,dff88c3a4526f8e2,fa7f7600,16,q-lookup-sync-time,lookup,timezone proposal statement_shaped_question,time,true,true,false,,true,1.0000,true,true,answered,answered,15:00,15:00,slack-eng-core-001,slack-eng-core-001,0,0,true,8,5,0,0,0,0,0.000000,0,stop,
20260903-223624-oracle,1,oracle,mock,oracle,v1,c9ff11afc1436a70,dff88c3a4526f8e2,fa7f7600,16,q-lookup-us-shift,lookup,timezone scope,time,true,true,false,,true,1.0000,true,true,answered,answered,09:00,09:00,slack-support-036,slack-support-036,0,0,true,6,4,0,0,0,0,0.000000,0,stop,
20260903-223624-oracle,1,oracle,mock,oracle,v1,c9ff11afc1436a70,dff88c3a4526f8e2,fa7f7600,16,q-lookup-verity-upgrade-date,lookup,quoted_email same_name,date,true,true,false,,true,1.0000,true,true,answered,answered,2027-04-13,2027-04-13,email-030,email-030,0,0,true,8,5,0,0,0,0,0.000000,0,stop,
20260903-223624-oracle,1,oracle,mock,oracle,v1,c9ff11afc1436a70,dff88c3a4526f8e2,fa7f7600,16,q-multihop-43-branch,multihop,relative_date quoted_email,date,true,true,false,,true,1.0000,true,true,answered,answered,2027-06-18,2027-06-18,email-032 email-033 slack-release-014,email-032 email-033 slack-release-014,0,0,true,8,5,0,0,0,0,0.000000,0,stop,
20260903-223624-oracle,1,oracle,mock,oracle,v1,c9ff11afc1436a70,dff88c3a4526f8e2,fa7f7600,16,q-multihop-apsouth-support,multihop,negation,string,true,true,false,,true,1.0000,true,true,answered,answered,the European shift,the European shift,doc-019 doc-038 slack-support-022 slack-support-023,doc-019 doc-038 slack-support-022 slack-support-023,0,0,true,7,5,0,0,0,0,0.000000,0,stop,
20260903-223624-oracle,1,oracle,mock,oracle,v1,c9ff11afc1436a70,dff88c3a4526f8e2,fa7f7600,16,q-multihop-audit-log-retention,multihop,,number,true,true,false,,true,1.0000,true,true,answered,answered,180,180,slack-data-platform-002 slack-data-platform-011 slack-data-platform-012 slack-eng-core-008,slack-data-platform-002 slack-data-platform-011 slack-data-platform-012 slack-eng-core-008,0,0,true,7,5,0,0,0,0,0.000000,0,stop,
20260903-223624-oracle,1,oracle,mock,oracle,v1,c9ff11afc1436a70,dff88c3a4526f8e2,fa7f7600,16,q-multihop-brightline-notice,multihop,,number,true,true,false,,true,1.0000,true,true,answered,answered,10,10,mtg-008 slack-security-013 slack-security-014 slack-security-018,mtg-008 slack-security-013 slack-security-014 slack-security-018,0,0,true,6,4,0,0,0,0,0.000000,0,stop,
20260903-223624-oracle,1,oracle,mock,oracle,v1,c9ff11afc1436a70,dff88c3a4526f8e2,fa7f7600,16,q-multihop-cert-provider-contact,multihop,keyword,string,true,true,false,,true,1.0000,true,true,answered,answered,Omar Haddad,Omar Haddad,slack-data-platform-010 slack-infra-013 slack-infra-014,slack-data-platform-010 slack-infra-013 slack-infra-014,0,0,true,8,5,0,0,0,0,0.000000,0,stop,
20260903-223624-oracle,1,oracle,mock,oracle,v1,c9ff11afc1436a70,dff88c3a4526f8e2,fa7f7600,16,q-multihop-connector-approval,multihop,superseded,string,true,true,false,,true,1.0000,true,true,answered,answered,Lukas Fenn,Lukas Fenn,slack-eng-relay-070 slack-eng-relay-071 slack-eng-relay-067,slack-eng-relay-070 slack-eng-relay-071 slack-eng-relay-067,0,0,true,7,4,0,0,0,0,0.000000,0,stop,
20260903-223624-oracle,1,oracle,mock,oracle,v1,c9ff11afc1436a70,dff88c3a4526f8e2,fa7f7600,16,q-multihop-connector-notice,multihop,negation,number,true,true,false,,true,1.0000,true,true,answered,answered,60,60,slack-general-063 slack-general-064 slack-eng-relay-067,slack-general-063 slack-general-064 slack-eng-relay-067,0,0,true,8,6,0,0,0,0,0.000000,0,stop,
20260903-223624-oracle,1,oracle,mock,oracle,v1,c9ff11afc1436a70,dff88c3a4526f8e2,fa7f7600,16,q-multihop-dach-invoice-language,multihop,format,string,true,true,false,,true,1.0000,true,true,answered,answered,Italian,Italian,slack-dach-004 slack-general-005 doc-035,slack-dach-004 slack-general-005 doc-035,0,0,true,8,5,0,0,0,0,0.000000,0,stop,
20260903-223624-oracle,1,oracle,mock,oracle,v1,c9ff11afc1436a70,dff88c3a4526f8e2,fa7f7600,16,q-multihop-escalation-ladder,multihop,,string,true,true,false,,true,1.0000,true,true,answered,answered,Tomas Ruiz,Tomas Ruiz,slack-incidents-009 slack-eng-core-009 doc-034,slack-incidents-009 slack-eng-core-009 doc-034,0,0,true,8,5,0,0,0,0,0.000000,0,stop,
20260903-223624-oracle,1,oracle,mock,oracle,v1,c9ff11afc1436a70,dff88c3a4526f8e2,fa7f7600,16,q-multihop-freeze-exception,multihop,,string,true,true,false,,true,1.0000,true,true,answered,answered,Tomas Ruiz,Tomas Ruiz,slack-eng-core-007 doc-024 doc-025,slack-eng-core-007 doc-024 doc-025,0,0,true,6,4,0,0,0,0,0.000000,0,stop,
20260903-223624-oracle,1,oracle,mock,oracle,v1,c9ff11afc1436a70,dff88c3a4526f8e2,fa7f7600,16,q-multihop-freeze-security,multihop,negation,boolean,true,true,false,,true,1.0000,true,true,answered,answered,false,false,doc-024 slack-eng-core-011 slack-eng-core-012 slack-eng-core-013 slack-eng-core-014 slack-eng-core-018 slack-eng-core-020 slack-security-015,doc-024 slack-eng-core-011 slack-eng-core-012 slack-eng-core-013 slack-eng-core-014 slack-eng-core-018 slack-eng-core-020 slack-security-015,0,0,true,8,6,0,0,0,0,0.000000,0,stop,
20260903-223624-oracle,1,oracle,mock,oracle,v1,c9ff11afc1436a70,dff88c3a4526f8e2,fa7f7600,16,q-multihop-gateway-cert-owner,multihop,keyword,string,true,true,false,,true,1.0000,true,true,answered,answered,the platform team,the platform team,slack-incidents-010 slack-infra-016 slack-eng-core-010,slack-incidents-010 slack-infra-016 slack-eng-core-010,0,0,true,7,5,0,0,0,0,0.000000,0,stop,
20260903-223624-oracle,1,oracle,mock,oracle,v1,c9ff11afc1436a70,dff88c3a4526f8e2,fa7f7600,16,q-multihop-halcyon-region-support,multihop,,string,true,true,false,,true,1.0000,true,true,answered,answered,US business hours,US business hours,slack-data-platform-009 doc-019 slack-support-019,slack-data-platform-009 doc-019 slack-support-019,0,0,true,6,4,0,0,0,0,0.000000,0,stop,
20260903-223624-oracle,1,oracle,mock,oracle,v1,c9ff11afc1436a70,dff88c3a4526f8e2,fa7f7600,16,q-multihop-invoice-approver,multihop,,string,true,true,false,,true,1.0000,true,true,answered,answered,Marta Nowak,Marta Nowak,doc-020 doc-021 doc-037 slack-general-003,doc-020 doc-021 doc-037 slack-general-003,0,0,true,8,6,0,0,0,0,0.000000,0,stop,
20260903-223624-oracle,1,oracle,mock,oracle,v1,c9ff11afc1436a70,dff88c3a4526f8e2,fa7f7600,16,q-multihop-kestrel-breach-clock,multihop,scope,number,true,true,false,,true,1.0000,true,true,answered,answered,72,72,doc-008 slack-data-platform-013 slack-data-platform-014 slack-general-007 slack-general-020,doc-008 slack-data-platform-013 slack-data-platform-014 slack-general-007 slack-general-020,0,0,true,9,5,0,0,0,0,0.000000,0,stop,
20260903-223624-oracle,1,oracle,mock,oracle,v1,c9ff11afc1436a70,dff88c3a4526f8e2,fa7f7600,16,q-multihop-kestrel-sla,multihop,,number,true,true,false,,true,1.0000,true,true,answered,answered,30,30,doc-016 doc-017 doc-033 slack-sales-026,doc-016 doc-017 doc-033 slack-sales-026,0,0,true,8,6,0,0,0,0,0.000000,0,stop,
20260903-223624-oracle,1,oracle,mock,oracle,v1,c9ff11afc1436a70,dff88c3a4526f8e2,fa7f7600,16,q-multihop-meridian-response,multihop,superseded,number,true,true,false,,true,1.0000,true,true,answered,answered,15,15,doc-017 doc-033 slack-sales-027 slack-support-021,doc-017 doc-033 slack-sales-027 slack-support-021,0,0,true,8,5,0,0,0,0,0.000000,0,stop,
20260903-223624-oracle,1,oracle,mock,oracle,v1,c9ff11afc1436a70,dff88c3a4526f8e2,fa7f7600,16,q-multihop-nordhaven-capacity,multihop,,number,true,true,false,,true,1.0000,true,true,answered,answered,4,4,doc-009 slack-infra-017 slack-infra-018 slack-infra-019 slack-infra-030,doc-009 slack-infra-017 slack-infra-018 slack-infra-019 slack-infra-030,0,0,true,7,4,0,0,0,0,0.000000,0,stop,
20260903-223624-oracle,1,oracle,mock,oracle,v1,c9ff11afc1436a70,dff88c3a4526f8e2,fa7f7600,16,q-multihop-northwind-oncall,multihop,same_name,string,true,true,false,,true,1.0000,true,true,answered,answered,Ravi Iyer,Ravi Iyer,slack-eng-palisade-025 doc-018 slack-infra-012,slack-eng-palisade-025 doc-018 slack-infra-012,0,0,true,8,5,0,0,0,0,0.000000,0,stop,
20260903-223624-oracle,1,oracle,mock,oracle,v1,c9ff11afc1436a70,dff88c3a4526f8e2,fa7f7600,16,q-multihop-orso-invoice-language,multihop,negation format,string,true,true,false,,true,1.0000,true,true,answered,answered,Italian,Italian,slack-eng-relay-069 slack-general-061 slack-general-062,slack-eng-relay-069 slack-general-061 slack-general-062,0,0,true,8,6,0,0,0,0,0.000000,0,stop,
20260903-223624-oracle,1,oracle,mock,oracle,v1,c9ff11afc1436a70,dff88c3a4526f8e2,fa7f7600,16,q-multihop-orso-replay,multihop,superseded,string,true,true,false,,true,1.0000,true,true,answered,answered,Lukas Fenn,Lukas Fenn,slack-eng-relay-033 slack-eng-relay-034 slack-eng-relay-035 slack-sales-029,slack-eng-relay-033 slack-eng-relay-034 slack-eng-relay-035 slack-sales-029,0,0,true,8,6,0,0,0,0,0.000000,0,stop,
20260903-223624-oracle,1,oracle,mock,oracle,v1,c9ff11afc1436a70,dff88c3a4526f8e2,fa7f7600,16,q-multihop-relay-maintenance,multihop,relative_date timezone,time,true,true,false,,true,1.0000,true,true,answered,answered,01:00,01:00,slack-eng-relay-049 slack-eng-relay-050 slack-eng-relay-051,slack-eng-relay-049 slack-eng-relay-050 slack-eng-relay-051,0,0,true,7,5,0,0,0,0,0.000000,0,stop,
20260903-223624-oracle,1,oracle,mock,oracle,v1,c9ff11afc1436a70,dff88c3a4526f8e2,fa7f7600,16,q-multihop-replay-approval,multihop,,string,true,true,false,,true,1.0000,true,true,answered,answered,Lukas Fenn,Lukas Fenn,doc-036 slack-eng-relay-032 slack-eng-relay-033 slack-eng-relay-035,doc-036 slack-eng-relay-032 slack-eng-relay-033 slack-eng-relay-035,0,0,true,8,5,0,0,0,0,0.000000,0,stop,
20260903-223624-oracle,1,oracle,mock,oracle,v1,c9ff11afc1436a70,dff88c3a4526f8e2,fa7f7600,16,q-multihop-report-language,multihop,format negation,string,true,true,false,,true,1.0000,true,true,answered,answered,English,English,slack-support-048 slack-support-045 slack-general-059,slack-support-048 slack-support-045 slack-general-059,0,0,true,8,5,0,0,0,0,0.000000,0,stop,
20260903-223624-oracle,1,oracle,mock,oracle,v1,c9ff11afc1436a70,dff88c3a4526f8e2,fa7f7600,16,q-multihop-sandbox-quota-region,multihop,negation,string[],true,true,false,,true,1.0000,true,true,answered,answered,"[""eu-west"",""us-east""]","[""eu-west"",""us-east""]",slack-eng-palisade-050 slack-infra-051 slack-infra-052,slack-eng-palisade-050 slack-infra-051 slack-infra-052,0,0,true,7,5,0,0,0,0,0.000000,0,stop,
20260903-223624-oracle,1,oracle,mock,oracle,v1,c9ff11afc1436a70,dff88c3a4526f8e2,fa7f7600,16,q-multihop-shard-page,multihop,same_name keyword,string,true,true,false,,true,1.0000,true,true,answered,answered,Ravi Iyer,Ravi Iyer,slack-infra-055 slack-data-platform-033 slack-data-platform-034,slack-infra-055 slack-data-platform-033 slack-data-platform-034,0,0,true,8,6,0,0,0,0,0.000000,0,stop,
20260903-223624-oracle,1,oracle,mock,oracle,v1,c9ff11afc1436a70,dff88c3a4526f8e2,fa7f7600,16,q-multihop-tanaka-notice,multihop,scope,number,true,true,false,,true,1.0000,true,true,answered,answered,60,60,doc-022 doc-023 slack-general-004 slack-general-019 slack-general-028,doc-022 doc-023 slack-general-004 slack-general-019 slack-general-028,0,0,true,8,5,0,0,0,0,0.000000,0,stop,
20260903-223624-oracle,1,oracle,mock,oracle,v1,c9ff11afc1436a70,dff88c3a4526f8e2,fa7f7600,16,q-multihop-training-signoff,multihop,same_name keyword,string,true,true,false,,true,1.0000,true,true,answered,answered,Yusuf Demir,Yusuf Demir,slack-security-033 slack-security-034 slack-security-031,slack-security-033 slack-security-034 slack-security-031,0,0,true,7,5,0,0,0,0,0.000000,0,stop,
20260903-223624-oracle,1,oracle,mock,oracle,v1,c9ff11afc1436a70,dff88c3a4526f8e2,fa7f7600,16,q-multihop-verity-approver-chain,multihop,unit,string,true,true,false,,true,1.0000,true,true,answered,answered,Marta Nowak,Marta Nowak,doc-021 doc-037 slack-general-006 slack-sales-028,doc-021 doc-037 slack-general-006 slack-sales-028,0,0,true,8,5,0,0,0,0,0.000000,0,stop,
20260903-223624-oracle,1,oracle,mock,oracle,v1,c9ff11afc1436a70,dff88c3a4526f8e2,fa7f7600,16,q-multihop-verity-shift,multihop,negation,string,true,true,false,,true,1.0000,true,true,answered,answered,the US shift,the US shift,slack-support-046 slack-support-047 slack-data-platform-030,slack-support-046 slack-support-047 slack-data-platform-030,0,0,true,8,5,0,0,0,0,0.000000,0,stop,
20260903-223624-oracle,1,oracle,mock,oracle,v1,c9ff11afc1436a70,dff88c3a4526f8e2,fa7f7600,16,q-rule-apsouth-floor,rule,,boolean,true,true,false,,true,1.0000,true,true,answered,answered,false,false,slack-infra-019 slack-infra-026 slack-infra-030 slack-infra-031 slack-infra-037,slack-infra-019 slack-infra-026 slack-infra-030 slack-infra-031 slack-infra-037,0,0,true,7,5,0,0,0,0,0.000000,0,stop,
20260903-223624-oracle,1,oracle,mock,oracle,v1,c9ff11afc1436a70,dff88c3a4526f8e2,fa7f7600,16,q-rule-apsouth-node-added,rule,planned_vs_done,boolean,true,true,false,,true,1.0000,true,true,answered,answered,false,false,slack-infra-037,slack-infra-037,0,0,true,7,4,0,0,0,0,0.000000,0,stop,
20260903-223624-oracle,1,oracle,mock,oracle,v1,c9ff11afc1436a70,dff88c3a4526f8e2,fa7f7600,16,q-rule-backfill-notice,rule,chunk_split relative_date,number,true,true,false,,true,1.0000,true,true,answered,answered,3,3,doc-046,doc-046,0,0,true,8,5,0,0,0,0,0.000000,0,stop,
20260903-223624-oracle,1,oracle,mock,oracle,v1,c9ff11afc1436a70,dff88c3a4526f8e2,fa7f7600,16,q-rule-badge-rule,rule,same_name,boolean,true,true,false,,true,1.0000,true,true,answered,answered,false,false,doc-026 slack-infra-022 slack-infra-023 slack-infra-028 slack-infra-029,doc-026 slack-infra-022 slack-infra-023 slack-infra-028 slack-infra-029,0,0,true,6,4,0,0,0,0,0.000000,0,stop,
20260903-223624-oracle,1,oracle,mock,oracle,v1,c9ff11afc1436a70,dff88c3a4526f8e2,fa7f7600,16,q-rule-band-large,rule,unit,string,true,true,false,,true,1.0000,true,true,answered,answered,Ingrid Halvorsen,Ingrid Halvorsen,doc-021 doc-037 slack-general-006 slack-general-034 slack-general-035,doc-021 doc-037 slack-general-006 slack-general-034 slack-general-035,0,0,true,7,5,0,0,0,0,0.000000,0,stop,
20260903-223624-oracle,1,oracle,mock,oracle,v1,c9ff11afc1436a70,dff88c3a4526f8e2,fa7f7600,16,q-rule-certificate-notice-rule,rule,scope,number,true,true,false,,true,1.0000,true,true,answered,answered,0,0,slack-security-018 slack-security-019,slack-security-018 slack-security-019,0,0,true,7,4,0,0,0,0,0.000000,0,stop,
20260903-223624-oracle,1,oracle,mock,oracle,v1,c9ff11afc1436a70,dff88c3a4526f8e2,fa7f7600,16,q-rule-connector-replay-lead,rule,scope,boolean,true,true,false,,true,1.0000,true,true,answered,answered,true,true,slack-eng-relay-067 slack-eng-relay-071,slack-eng-relay-067 slack-eng-relay-071,0,0,true,8,5,0,0,0,0,0.000000,0,stop,
20260903-223624-oracle,1,oracle,mock,oracle,v1,c9ff11afc1436a70,dff88c3a4526f8e2,fa7f7600,16,q-rule-credit-alone,rule,chunk_split unit,boolean,true,true,false,,true,1.0000,true,true,answered,answered,true,true,doc-044,doc-044,0,0,true,8,5,0,0,0,0,0.000000,0,stop,
20260903-223624-oracle,1,oracle,mock,oracle,v1,c9ff11afc1436a70,dff88c3a4526f8e2,fa7f7600,16,q-rule-credit-approval,rule,unit,string,true,true,false,,true,1.0000,true,true,answered,answered,Marta Nowak,Marta Nowak,slack-general-029 slack-general-030,slack-general-029 slack-general-030,0,0,true,8,6,0,0,0,0,0.000000,0,stop,
20260903-223624-oracle,1,oracle,mock,oracle,v1,c9ff11afc1436a70,dff88c3a4526f8e2,fa7f7600,16,q-rule-deploy-tuesday,rule,,boolean,true,true,false,,true,1.0000,true,true,answered,answered,false,false,doc-027 slack-eng-relay-042 slack-infra-027,doc-027 slack-eng-relay-042 slack-infra-027,0,0,true,8,6,0,0,0,0,0.000000,0,stop,
20260903-223624-oracle,1,oracle,mock,oracle,v1,c9ff11afc1436a70,dff88c3a4526f8e2,fa7f7600,16,q-rule-digest-line,rule,,boolean,true,true,false,,true,1.0000,true,true,answered,answered,false,false,slack-incidents-024 slack-incidents-025,slack-incidents-024 slack-incidents-025,0,0,true,8,5,0,0,0,0,0.000000,0,stop,
20260903-223624-oracle,1,oracle,mock,oracle,v1,c9ff11afc1436a70,dff88c3a4526f8e2,fa7f7600,16,q-rule-escalation-vp,rule,negation,boolean,true,true,false,,true,1.0000,true,true,answered,answered,false,false,slack-eng-relay-043 slack-incidents-009 slack-incidents-023,slack-eng-relay-043 slack-incidents-009 slack-incidents-023,0,0,true,7,5,0,0,0,0,0.000000,0,stop,
20260903-223624-oracle,1,oracle,mock,oracle,v1,c9ff11afc1436a70,dff88c3a4526f8e2,fa7f7600,16,q-rule-eu-support-access,rule,negation,boolean,true,true,false,,true,1.0000,true,true,answered,answered,false,false,slack-data-platform-018 slack-data-platform-019,slack-data-platform-018 slack-data-platform-019,0,0,true,8,6,0,0,0,0,0.000000,0,stop,
20260903-223624-oracle,1,oracle,mock,oracle,v1,c9ff11afc1436a70,dff88c3a4526f8e2,fa7f7600,16,q-rule-freeze-merge,rule,,boolean,true,true,false,,true,1.0000,true,true,answered,answered,true,true,doc-024 doc-042 slack-eng-core-011 slack-eng-core-013 slack-eng-core-014 slack-eng-core-018,doc-024 doc-042 slack-eng-core-011 slack-eng-core-013 slack-eng-core-014 slack-eng-core-018,0,0,true,8,5,0,0,0,0,0.000000,0,stop,
20260903-223624-oracle,1,oracle,mock,oracle,v1,c9ff11afc1436a70,dff88c3a4526f8e2,fa7f7600,16,q-rule-freeze-security-merge,rule,,boolean,true,true,false,,true,1.0000,true,true,answered,answered,true,true,doc-024 doc-042 slack-eng-core-012 slack-eng-core-013 slack-eng-core-014 slack-eng-core-018 slack-eng-core-019 slack-eng-core-020,doc-024 doc-042 slack-eng-core-012 slack-eng-core-013 slack-eng-core-014 slack-eng-core-018 slack-eng-core-019 slack-eng-core-020,0,0,true,8,5,0,0,0,0,0.000000,0,stop,
20260903-223624-oracle,1,oracle,mock,oracle,v1,c9ff11afc1436a70,dff88c3a4526f8e2,fa7f7600,16,q-rule-invoice-language-rule,rule,negation,string,true,true,false,,true,1.0000,true,true,answered,answered,English,English,doc-035 slack-general-017 slack-general-031 slack-sales-036,doc-035 slack-general-017 slack-general-031 slack-sales-036,0,0,true,8,5,0,0,0,0,0.000000,0,stop,
20260903-223624-oracle,1,oracle,mock,oracle,v1,c9ff11afc1436a70,dff88c3a4526f8e2,fa7f7600,16,q-rule-invoice-language-tanaka,rule,negation keyword,string,true,true,false,,true,1.0000,true,true,answered,answered,English,English,slack-general-065 slack-general-062,slack-general-065 slack-general-062,0,0,true,7,5,0,0,0,0,0.000000,0,stop,
20260903-223624-oracle,1,oracle,mock,oracle,v1,c9ff11afc1436a70,dff88c3a4526f8e2,fa7f7600,16,q-rule-kowalski-signoff,rule,same_name negation,boolean,true,true,false,,true,1.0000,true,true,answered,answered,false,false,slack-security-031 slack-security-032,slack-security-031 slack-security-032,0,0,true,7,5,0,0,0,0,0.000000,0,stop,
20260903-223624-oracle,1,oracle,mock,oracle,v1,c9ff11afc1436a70,dff88c3a4526f8e2,fa7f7600,16,q-rule-notice-tanaka,rule,scope,number,true,true,false,,true,1.0000,true,true,answered,answered,60,60,doc-023 slack-data-platform-017 slack-general-008 slack-general-019 slack-general-028,doc-023 slack-data-platform-017 slack-general-008 slack-general-019 slack-general-028,0,0,true,9,6,0,0,0,0,0.000000,0,stop,
20260903-223624-oracle,1,oracle,mock,oracle,v1,c9ff11afc1436a70,dff88c3a4526f8e2,fa7f7600,16,q-rule-objection-window,rule,,date,true,true,false,,true,1.0000,true,true,answered,answered,2027-03-13,2027-03-13,slack-general-012 slack-general-032 slack-general-033 slack-general-038 slack-general-039,slack-general-012 slack-general-032 slack-general-033 slack-general-038 slack-general-039,0,0,true,8,6,0,0,0,0,0.000000,0,stop,
20260903-223624-oracle,1,oracle,mock,oracle,v1,c9ff11afc1436a70,dff88c3a4526f8e2,fa7f7600,16,q-rule-patch-due,rule,superseded,date,true,true,false,,true,1.0000,true,true,answered,answered,2027-06-18,2027-06-18,slack-security-016 slack-security-017,slack-security-016 slack-security-017,0,0,true,9,6,0,0,0,0,0.000000,0,stop,
20260903-223624-oracle,1,oracle,mock,oracle,v1,c9ff11afc1436a70,dff88c3a4526f8e2,fa7f7600,16,q-rule-postmortem-not-required,rule,negation,boolean,true,true,false,,true,1.0000,true,true,answered,answered,false,false,doc-040 doc-041 slack-incidents-018 slack-incidents-020,doc-040 doc-041 slack-incidents-018 slack-incidents-020,0,0,true,7,4,0,0,0,0,0.000000,0,stop,
20260903-223624-oracle,1,oracle,mock,oracle,v1,c9ff11afc1436a70,dff88c3a4526f8e2,fa7f7600,16,q-rule-postmortem-required,rule,,boolean,true,true,false,,true,1.0000,true,true,answered,answered,true,true,doc-040 slack-incidents-017 slack-incidents-019,doc-040 slack-incidents-017 slack-incidents-019,0,0,true,7,5,0,0,0,0,0.000000,0,stop,
20260903-223624-oracle,1,oracle,mock,oracle,v1,c9ff11afc1436a70,dff88c3a4526f8e2,fa7f7600,16,q-rule-replay-needs-lead,rule,,boolean,true,true,false,,true,1.0000,true,true,answered,answered,true,true,doc-036 slack-eng-relay-034 slack-eng-relay-041 slack-sales-035,doc-036 slack-eng-relay-034 slack-eng-relay-041 slack-sales-035,0,0,true,8,5,0,0,0,0,0.000000,0,stop,
20260903-223624-oracle,1,oracle,mock,oracle,v1,c9ff11afc1436a70,dff88c3a4526f8e2,fa7f7600,16,q-rule-retention-backups,rule,negation,boolean,true,true,false,,true,1.0000,true,true,answered,answered,false,false,slack-data-platform-020 slack-data-platform-021,slack-data-platform-020 slack-data-platform-021,0,0,true,7,5,0,0,0,0,0.000000,0,stop,
20260903-223624-oracle,1,oracle,mock,oracle,v1,c9ff11afc1436a70,dff88c3a4526f8e2,fa7f7600,16,q-rule-sandbox-apsouth,rule,negation,boolean,true,true,false,,true,1.0000,true,true,answered,answered,false,false,slack-infra-056 slack-infra-052,slack-infra-056 slack-infra-052,0,0,true,9,6,0,0,0,0,0.000000,0,stop,
20260903-223624-oracle,1,oracle,mock,oracle,v1,c9ff11afc1436a70,dff88c3a4526f8e2,fa7f7600,16,q-rule-scribe-needed,rule,,boolean,true,true,false,,true,1.0000,true,true,answered,answered,true,true,doc-055 slack-incidents-008 slack-incidents-017 slack-incidents-019 slack-incidents-021 slack-incidents-022,doc-055 slack-incidents-008 slack-incidents-017 slack-incidents-019 slack-incidents-021 slack-incidents-022,0,0,true,7,5,0,0,0,0,0.000000,0,stop,
20260903-223624-oracle,1,oracle,mock,oracle,v1,c9ff11afc1436a70,dff88c3a4526f8e2,fa7f7600,16,q-rule-shard-selfapprove,rule,same_name,boolean,true,true,false,,true,1.0000,true,true,answered,answered,false,false,slack-data-platform-033 slack-data-platform-034,slack-data-platform-033 slack-data-platform-034,0,0,true,8,6,0,0,0,0,0.000000,0,stop,
20260903-223624-oracle,1,oracle,mock,oracle,v1,c9ff11afc1436a70,dff88c3a4526f8e2,fa7f7600,16,q-rule-shortened-soak,rule,chunk_split negation,boolean,true,true,false,,true,1.0000,true,true,answered,answered,false,false,doc-045,doc-045,0,0,true,8,5,0,0,0,0,0.000000,0,stop,
20260903-223624-oracle,1,oracle,mock,oracle,v1,c9ff11afc1436a70,dff88c3a4526f8e2,fa7f7600,16,q-rule-support-deploy,rule,negation keyword,boolean,true,true,false,,true,1.0000,true,true,answered,answered,false,false,slack-infra-057 slack-infra-054,slack-infra-057 slack-infra-054,0,0,true,8,5,0,0,0,0,0.000000,0,stop,
20260903-223624-oracle,1,oracle,mock,oracle,v1,c9ff11afc1436a70,dff88c3a4526f8e2,fa7f7600,16,q-temporal-audit-in-two-weeks,temporal,relative_date,date,true,true,false,,true,1.0000,true,true,answered,answered,2027-03-22,2027-03-22,slack-sales-037,slack-sales-037,0,0,true,8,5,0,0,0,0,0.000000,0,stop,
20260903-223624-oracle,1,oracle,mock,oracle,v1,c9ff11afc1436a70,dff88c3a4526f8e2,fa7f7600,16,q-temporal-backfill-start,temporal,relative_date,date,true,true,false,,true,1.0000,true,true,answered,answered,2027-05-25,2027-05-25,slack-data-platform-022,slack-data-platform-022,0,0,true,8,5,0,0,0,0,0.000000,0,stop,
20260903-223624-oracle,1,oracle,mock,oracle,v1,c9ff11afc1436a70,dff88c3a4526f8e2,fa7f7600,16,q-temporal-batch,temporal,superseded proposal,number,true,true,false,,true,1.0000,true,true,answered,answered,3,3,slack-eng-relay-001 slack-eng-relay-002 doc-config-batch slack-eng-relay-003,slack-eng-relay-001 slack-eng-relay-002 doc-config-batch slack-eng-relay-003,0,0,true,7,5,0,0,0,0,0.000000,0,stop,
20260903-223624-oracle,1,oracle,mock,oracle,v1,c9ff11afc1436a70,dff88c3a4526f8e2,fa7f7600,16,q-temporal-branch-cut,temporal,relative_date,date,true,true,false,,true,1.0000,true,true,answered,answered,2027-04-12,2027-04-12,slack-release-011,slack-release-011,0,0,true,8,5,0,0,0,0,0.000000,0,stop,
20260903-223624-oracle,1,oracle,mock,oracle,v1,c9ff11afc1436a70,dff88c3a4526f8e2,fa7f7600,16,q-temporal-close-date,temporal,relative_date,date,true,true,false,,true,1.0000,true,true,answered,answered,2027-06-30,2027-06-30,email-027,email-027,0,0,true,7,4,0,0,0,0,0.000000,0,stop,
20260903-223624-oracle,1,oracle,mock,oracle,v1,c9ff11afc1436a70,dff88c3a4526f8e2,fa7f7600,16,q-temporal-contract-length,temporal,superseded,number,true,true,false,,true,1.0000,true,true,answered,answered,183,183,email-018 slack-general-036 slack-general-037 slack-sales-015,email-018 slack-general-036 slack-general-037 slack-sales-015,0,0,true,7,4,0,0,0,0,0.000000,0,stop,
20260903-223624-oracle,1,oracle,mock,oracle,v1,c9ff11afc1436a70,dff88c3a4526f8e2,fa7f7600,16,q-temporal-cutover-next-tuesday,temporal,relative_date,date,true,true,false,,true,1.0000,true,true,answered,answered,2027-02-16,2027-02-16,slack-infra-032,slack-infra-032,0,0,true,8,5,0,0,0,0,0.000000,0,stop,
20260903-223624-oracle,1,oracle,mock,oracle,v1,c9ff11afc1436a70,dff88c3a4526f8e2,fa7f7600,16,q-temporal-days-to-onboarding,temporal,relative_date superseded,number,true,true,false,,true,1.0000,true,true,answered,answered,91,91,email-012 slack-sales-038 slack-sales-039,email-012 slack-sales-038 slack-sales-039,0,0,true,8,6,0,0,0,0,0.000000,0,stop,
20260903-223624-oracle,1,oracle,mock,oracle,v1,c9ff11afc1436a70,dff88c3a4526f8e2,fa7f7600,16,q-temporal-dst-gap,temporal,timezone,number,true,true,false,,true,1.0000,true,true,answered,answered,2,2,slack-eng-relay-046,slack-eng-relay-046,0,0,true,9,6,0,0,0,0,0.000000,0,stop,
20260903-223624-oracle,1,oracle,mock,oracle,v1,c9ff11afc1436a70,dff88c3a4526f8e2,fa7f7600,16,q-temporal-dst-shift,temporal,timezone,date,true,true,false,,true,1.0000,true,true,answered,answered,2027-03-28,2027-03-28,slack-eng-relay-022 slack-eng-relay-044,slack-eng-relay-022 slack-eng-relay-044,0,0,true,7,5,0,0,0,0,0.000000,0,stop,
20260903-223624-oracle,1,oracle,mock,oracle,v1,c9ff11afc1436a70,dff88c3a4526f8e2,fa7f7600,16,q-temporal-export-utc,temporal,timezone superseded,time,true,true,false,,true,1.0000,true,true,answered,answered,22:15,22:15,slack-eng-relay-046,slack-eng-relay-046,0,0,true,8,5,0,0,0,0,0.000000,0,stop,
20260903-223624-oracle,1,oracle,mock,oracle,v1,c9ff11afc1436a70,dff88c3a4526f8e2,fa7f7600,16,q-temporal-freeze-length,temporal,,number,true,true,false,,true,1.0000,true,true,answered,answered,22,22,doc-042 mtg-007 slack-eng-core-019 slack-eng-core-021,doc-042 mtg-007 slack-eng-core-019 slack-eng-core-021,0,0,true,8,5,0,0,0,0,0.000000,0,stop,
20260903-223624-oracle,1,oracle,mock,oracle,v1,c9ff11afc1436a70,dff88c3a4526f8e2,fa7f7600,16,q-temporal-halcyon-renewal,temporal,superseded,number,true,true,false,,true,1.0000,true,true,answered,answered,141,141,slack-sales-044 slack-sales-046,slack-sales-044 slack-sales-046,0,0,true,8,5,0,0,0,0,0.000000,0,stop,
20260903-223624-oracle,1,oracle,mock,oracle,v1,c9ff11afc1436a70,dff88c3a4526f8e2,fa7f7600,16,q-temporal-incident-gap,temporal,,number,true,true,false,,true,1.0000,true,true,answered,answered,30,30,slack-incidents-026 slack-incidents-027,slack-incidents-026 slack-incidents-027,0,0,true,8,5,0,0,0,0,0.000000,0,stop,
20260903-223624-oracle,1,oracle,mock,oracle,v1,c9ff11afc1436a70,dff88c3a4526f8e2,fa7f7600,16,q-temporal-load-slip,temporal,planned_vs_done,number,true,true,false,,true,1.0000,true,true,answered,answered,7,7,slack-eng-relay-047 slack-eng-relay-048,slack-eng-relay-047 slack-eng-relay-048,0,0,true,7,5,0,0,0,0,0.000000,0,stop,
20260903-223624-oracle,1,oracle,mock,oracle,v1,c9ff11afc1436a70,dff88c3a4526f8e2,fa7f7600,16,q-temporal-migration-slip,temporal,planned_vs_done,number,true,true,false,,true,1.0000,true,true,answered,answered,2,2,slack-infra-009 slack-infra-010 slack-infra-033 slack-infra-034,slack-infra-009 slack-infra-010 slack-infra-033 slack-infra-034,0,0,true,8,5,0,0,0,0,0.000000,0,stop,
20260903-223624-oracle,1,oracle,mock,oracle,v1,c9ff11afc1436a70,dff88c3a4526f8e2,fa7f7600,16,q-temporal-notes-due,temporal,relative_date keyword,date,true,true,false,,true,1.0000,true,true,answered,answered,2027-02-18,2027-02-18,slack-sales-040,slack-sales-040,0,0,true,7,4,0,0,0,0,0.000000,0,stop,
20260903-223624-oracle,1,oracle,mock,oracle,v1,c9ff11afc1436a70,dff88c3a4526f8e2,fa7f7600,16,q-temporal-notice-close,temporal,,number,true,true,false,,true,1.0000,true,true,answered,answered,30,30,slack-general-012 slack-general-032 slack-general-033 slack-general-038 slack-general-039,slack-general-012 slack-general-032 slack-general-033 slack-general-038 slack-general-039,0,0,true,6,4,0,0,0,0,0.000000,0,stop,
20260903-223624-oracle,1,oracle,mock,oracle,v1,c9ff11afc1436a70,dff88c3a4526f8e2,fa7f7600,16,q-temporal-p99,temporal,superseded,date,true,true,false,,true,1.0000,true,true,answered,answered,2027-05-04,2027-05-04,slack-eng-palisade-002,slack-eng-palisade-002,0,0,true,7,5,0,0,0,0,0.000000,0,stop,
20260903-223624-oracle,1,oracle,mock,oracle,v1,c9ff11afc1436a70,dff88c3a4526f8e2,fa7f7600,16,q-temporal-page-delay,temporal,superseded keyword,date,true,true,false,,true,1.0000,true,true,answered,answered,2027-06-14,2027-06-14,mtg-044,mtg-044,0,0,true,8,5,0,0,0,0,0.000000,0,stop,
20260903-223624-oracle,1,oracle,mock,oracle,v1,c9ff11afc1436a70,dff88c3a4526f8e2,fa7f7600,16,q-temporal-postmortem-due,temporal,,date,true,true,false,,true,1.0000,true,true,answered,answered,2027-04-19,2027-04-19,slack-incidents-028 slack-incidents-029,slack-incidents-028 slack-incidents-029,0,0,true,7,4,0,0,0,0,0.000000,0,stop,
20260903-223624-oracle,1,oracle,mock,oracle,v1,c9ff11afc1436a70,dff88c3a4526f8e2,fa7f7600,16,q-temporal-quarter-end-report,temporal,relative_date,date,true,true,false,,true,1.0000,true,true,answered,answered,2027-06-30,2027-06-30,slack-support-035,slack-support-035,0,0,true,7,5,0,0,0,0,0.000000,0,stop,
20260903-223624-oracle,1,oracle,mock,oracle,v1,c9ff11afc1436a70,dff88c3a4526f8e2,fa7f7600,16,q-temporal-ratelimit,temporal,superseded,number,true,true,false,,true,1.0000,true,true,answered,answered,122,122,slack-eng-palisade-008 slack-eng-palisade-009,slack-eng-palisade-008 slack-eng-palisade-009,0,0,true,6,4,0,0,0,0,0.000000,0,stop,
20260903-223624-oracle,1,oracle,mock,oracle,v1,c9ff11afc1436a70,dff88c3a4526f8e2,fa7f7600,16,q-temporal-renewal-decision,temporal,,date,true,true,false,,true,1.0000,true,true,answered,answered,2027-10-01,2027-10-01,doc-031 slack-general-040 slack-general-041,doc-031 slack-general-040 slack-general-041,0,0,true,8,5,0,0,0,0,0.000000,0,stop,
20260903-223624-oracle,1,oracle,mock,oracle,v1,c9ff11afc1436a70,dff88c3a4526f8e2,fa7f7600,16,q-temporal-review-week,temporal,relative_date,date,true,true,false,,true,1.0000,true,true,answered,answered,2027-05-11,2027-05-11,slack-eng-palisade-029,slack-eng-palisade-029,0,0,true,6,4,0,0,0,0,0.000000,0,stop,
20260903-223624-oracle,1,oracle,mock,oracle,v1,c9ff11afc1436a70,dff88c3a4526f8e2,fa7f7600,16,q-temporal-status-threshold,temporal,superseded statement_shaped_question,date,true,true,false,,true,1.0000,true,true,answered,answered,2027-04-30,2027-04-30,mtg-005,mtg-005,0,0,true,9,6,0,0,0,0,0.000000,0,stop,
20260903-223624-oracle,1,oracle,mock,oracle,v1,c9ff11afc1436a70,dff88c3a4526f8e2,fa7f7600,16,q-temporal-store-shards,temporal,superseded proposal,number,true,true,false,,true,1.0000,true,true,answered,answered,2,2,slack-data-platform-026 slack-data-platform-027 doc-config-store-shards,slack-data-platform-026 slack-data-platform-027 doc-config-store-shards,0,0,true,9,6,0,0,0,0,0.000000,0,stop,
20260903-223624-oracle,1,oracle,mock,oracle,v1,c9ff11afc1436a70,dff88c3a4526f8e2,fa7f7600,16,q-temporal-tanaka-contract,temporal,superseded,date,true,true,false,,true,1.0000,true,true,answered,answered,2027-06-18,2027-06-18,slack-sales-016,slack-sales-016,0,0,true,7,4,0,0,0,0,0.000000,0,stop,
20260903-223624-oracle,1,oracle,mock,oracle,v1,c9ff11afc1436a70,dff88c3a4526f8e2,fa7f7600,16,q-temporal-tls-window,temporal,superseded,number,true,true,false,,true,1.0000,true,true,answered,answered,119,119,slack-security-001 slack-security-002,slack-security-001 slack-security-002,0,0,true,8,6,0,0,0,0,0.000000,0,stop,
20260903-223624-oracle,1,oracle,mock,oracle,v1,c9ff11afc1436a70,dff88c3a4526f8e2,fa7f7600,16,q-temporal-verity-seats,temporal,superseded proposal,number,true,true,false,,true,1.0000,true,true,answered,answered,2,2,slack-sales-010 email-015 slack-sales-011,slack-sales-010 email-015 slack-sales-011,0,0,true,8,5,0,0,0,0,0.000000,0,stop,
20260903-223627-null,1,null,mock,null,v1,c9ff11afc1436a70,dff88c3a4526f8e2,fa7f7600,16,q-abstain-admin-healthpath,abstain,keyword,string,true,true,false,,true,,true,,not_in_evidence,not_in_evidence,,,,,0,0,true,24,10,0,0,0,0,0.000000,0,stop,
20260903-223627-null,1,null,mock,null,v1,c9ff11afc1436a70,dff88c3a4526f8e2,fa7f7600,16,q-abstain-apsouth-sandbox-date,abstain,negation,date,true,true,false,,true,,true,,not_in_evidence,not_in_evidence,,,,,0,0,true,7,5,0,0,0,0,0.000000,0,stop,
20260903-223627-null,1,null,mock,null,v1,c9ff11afc1436a70,dff88c3a4526f8e2,fa7f7600,16,q-abstain-audit-log-no-customer,abstain,scope keyword,number,true,true,false,,true,,true,,not_in_evidence,not_in_evidence,,,,,0,0,true,7,4,0,0,0,0,0.000000,0,stop,
20260903-223627-null,1,null,mock,null,v1,c9ff11afc1436a70,dff88c3a4526f8e2,fa7f7600,16,q-abstain-dach-report-day,abstain,scope keyword,string,true,true,false,,true,,true,,not_in_evidence,not_in_evidence,,,,,0,0,true,7,5,0,0,0,0,0.000000,0,stop,
20260903-223627-null,1,null,mock,null,v1,c9ff11afc1436a70,dff88c3a4526f8e2,fa7f7600,16,q-abstain-fra1-nodes,abstain,negation,number,true,true,false,,true,,true,,not_in_evidence,not_in_evidence,,,,,0,0,true,8,6,0,0,0,0,0.000000,0,stop,
20260903-223627-null,1,null,mock,null,v1,c9ff11afc1436a70,dff88c3a4526f8e2,fa7f7600,16,q-abstain-halcyon-po,abstain,keyword,string,true,true,false,,true,,true,,not_in_evidence,not_in_evidence,,,,,0,0,true,8,6,0,0,0,0,0.000000,0,stop,
20260903-223627-null,1,null,mock,null,v1,c9ff11afc1436a70,dff88c3a4526f8e2,fa7f7600,16,q-abstain-july-oncall,abstain,same_name,string,true,true,false,,true,,true,,not_in_evidence,not_in_evidence,,,,,0,0,true,8,5,0,0,0,0,0.000000,0,stop,
20260903-223627-null,1,null,mock,null,v1,c9ff11afc1436a70,dff88c3a4526f8e2,fa7f7600,16,q-abstain-kestrel-audit-window,abstain,keyword,date,true,true,false,,true,,true,,not_in_evidence,not_in_evidence,,,,,0,0,true,8,5,0,0,0,0,0.000000,0,stop,
20260903-223627-null,1,null,mock,null,v1,c9ff11afc1436a70,dff88c3a4526f8e2,fa7f7600,16,q-abstain-kestrel-batch,abstain,scope,number,true,true,false,,true,,true,,not_in_evidence,not_in_evidence,,,,,0,0,true,9,6,0,0,0,0,0.000000,0,stop,
20260903-223627-null,1,null,mock,null,v1,c9ff11afc1436a70,dff88c3a4526f8e2,fa7f7600,16,q-abstain-kestrel-invoice,abstain,unit keyword,number,true,true,false,,true,,true,,not_in_evidence,not_in_evidence,,,,,0,0,true,9,6,0,0,0,0,0.000000,0,stop,
20260903-223627-null,1,null,mock,null,v1,c9ff11afc1436a70,dff88c3a4526f8e2,fa7f7600,16,q-abstain-kestrel-seats,abstain,keyword,number,true,true,false,,true,,true,,not_in_evidence,not_in_evidence,,,,,0,0,true,8,6,0,0,0,0,0.000000,0,stop,
20260903-223627-null,1,null,mock,null,v1,c9ff11afc1436a70,dff88c3a4526f8e2,fa7f7600,16,q-abstain-meridian-po,abstain,keyword,string,true,true,false,,true,,true,,not_in_evidence,not_in_evidence,,,,,0,0,true,8,6,0,0,0,0,0.000000,0,stop,
20260903-223627-null,1,null,mock,null,v1,c9ff11afc1436a70,dff88c3a4526f8e2,fa7f7600,16,q-abstain-meridian-retention,abstain,keyword,number,true,true,false,,true,,true,,not_in_evidence,not_in_evidence,,,,,0,0,true,8,6,0,0,0,0,0.000000,0,stop,
20260903-223627-null,1,null,mock,null,v1,c9ff11afc1436a70,dff88c3a4526f8e2,fa7f7600,16,q-abstain-p50,abstain,scope,number,true,true,false,,true,,true,,not_in_evidence,not_in_evidence,,,,,0,0,true,7,5,0,0,0,0,0.000000,0,stop,
20260903-223627-null,1,null,mock,null,v1,c9ff11afc1436a70,dff88c3a4526f8e2,fa7f7600,16,q-abstain-po-90118-amount,abstain,keyword,number,true,true,false,,true,,true,,not_in_evidence,not_in_evidence,,,,,0,0,true,9,6,0,0,0,0,0.000000,0,stop,
20260903-223627-null,1,null,mock,null,v1,c9ff11afc1436a70,dff88c3a4526f8e2,fa7f7600,16,q-abstain-premium-connections,abstain,scope keyword,number,true,true,false,,true,,true,,not_in_evidence,not_in_evidence,,,,,0,0,true,8,5,0,0,0,0,0.000000,0,stop,
20260903-223627-null,1,null,mock,null,v1,c9ff11afc1436a70,dff88c3a4526f8e2,fa7f7600,16,q-abstain-premium-rate-limit,abstain,scope,number,true,true,false,,true,,true,,not_in_evidence,not_in_evidence,,,,,0,0,true,8,6,0,0,0,0,0.000000,0,stop,
20260903-223627-null,1,null,mock,null,v1,c9ff11afc1436a70,dff88c3a4526f8e2,fa7f7600,16,q-abstain-premium-resolution,abstain,keyword,number,true,true,false,,true,,true,,not_in_evidence,not_in_evidence,,,,,0,0,true,8,6,0,0,0,0,0.000000,0,stop,
20260903-223627-null,1,null,mock,null,v1,c9ff11afc1436a70,dff88c3a4526f8e2,fa7f7600,16,q-abstain-relay-error-budget,abstain,scope unit,number,true,true,false,,true,,true,,not_in_evidence,not_in_evidence,,,,,0,0,true,7,4,0,0,0,0,0.000000,0,stop,
20260903-223627-null,1,null,mock,null,v1,c9ff11afc1436a70,dff88c3a4526f8e2,fa7f7600,16,q-abstain-relay-tls,abstain,scope,number,true,true,false,,true,,true,,not_in_evidence,not_in_evidence,,,,,0,0,true,9,6,0,0,0,0,0.000000,0,stop,
20260903-223627-null,1,null,mock,null,v1,c9ff11afc1436a70,dff88c3a4526f8e2,fa7f7600,16,q-abstain-sandbox-quota-customer,abstain,scope,number,true,true,false,,true,,true,,not_in_evidence,not_in_evidence,,,,,0,0,true,8,6,0,0,0,0,0.000000,0,stop,
20260903-223627-null,1,null,mock,null,v1,c9ff11afc1436a70,dff88c3a4526f8e2,fa7f7600,16,q-abstain-security-deploy-day,abstain,negation,string,true,true,false,,true,,true,,not_in_evidence,not_in_evidence,,,,,0,0,true,7,4,0,0,0,0,0.000000,0,stop,
20260903-223627-null,1,null,mock,null,v1,c9ff11afc1436a70,dff88c3a4526f8e2,fa7f7600,16,q-abstain-staging-cache,abstain,scope,number,true,true,false,,true,,true,,not_in_evidence,not_in_evidence,,,,,0,0,true,8,5,0,0,0,0,0.000000,0,stop,
20260903-223627-null,1,null,mock,null,v1,c9ff11afc1436a70,dff88c3a4526f8e2,fa7f7600,16,q-abstain-staging-idle-timeout,abstain,scope,number,true,true,false,,true,,true,,not_in_evidence,not_in_evidence,,,,,0,0,true,8,5,0,0,0,0,0.000000,0,stop,
20260903-223627-null,1,null,mock,null,v1,c9ff11afc1436a70,dff88c3a4526f8e2,fa7f7600,16,q-abstain-tanaka-escalation,abstain,keyword,string,true,true,false,,true,,true,,not_in_evidence,not_in_evidence,,,,,0,0,true,8,6,0,0,0,0,0.000000,0,stop,
20260903-223627-null,1,null,mock,null,v1,c9ff11afc1436a70,dff88c3a4526f8e2,fa7f7600,16,q-abstain-training-attendance,abstain,keyword,number,true,true,false,,true,,true,,not_in_evidence,not_in_evidence,,,,,0,0,true,7,4,0,0,0,0,0.000000,0,stop,
20260903-223627-null,1,null,mock,null,v1,c9ff11afc1436a70,dff88c3a4526f8e2,fa7f7600,16,q-abstain-useast-datacentre,abstain,scope,string,true,true,false,,true,,true,,not_in_evidence,not_in_evidence,,,,,0,0,true,8,5,0,0,0,0,0.000000,0,stop,
20260903-223627-null,1,null,mock,null,v1,c9ff11afc1436a70,dff88c3a4526f8e2,fa7f7600,16,q-abstain-useast-nightly,abstain,timezone scope,time,true,true,false,,true,,true,,not_in_evidence,not_in_evidence,,,,,0,0,true,9,6,0,0,0,0,0.000000,0,stop,
20260903-223627-null,1,null,mock,null,v1,c9ff11afc1436a70,dff88c3a4526f8e2,fa7f7600,16,q-abstain-verity-connector-date,abstain,negation keyword,date,true,true,false,,true,,true,,not_in_evidence,not_in_evidence,,,,,0,0,true,8,5,0,0,0,0,0.000000,0,stop,
20260903-223627-null,1,null,mock,null,v1,c9ff11afc1436a70,dff88c3a4526f8e2,fa7f7600,16,q-abstain-verity-renewal,abstain,keyword,date,true,true,false,,true,,true,,not_in_evidence,not_in_evidence,,,,,0,0,true,7,5,0,0,0,0,0.000000,0,stop,
20260903-223627-null,1,null,mock,null,v1,c9ff11afc1436a70,dff88c3a4526f8e2,fa7f7600,16,q-aggregation-annex-customers-count,aggregation,negation,number,false,false,false,,false,0.0000,false,true,answered,not_in_evidence,2,,doc-022 slack-data-platform-017 slack-general-004 slack-general-007 slack-general-008 slack-general-009 slack-general-010,,0,0,true,8,5,0,0,0,0,0.000000,0,stop,
20260903-223627-null,1,null,mock,null,v1,c9ff11afc1436a70,dff88c3a4526f8e2,fa7f7600,16,q-aggregation-audit-field-count,aggregation,negation,number,false,false,false,,false,0.0000,false,true,answered,not_in_evidence,3,,slack-eng-core-034 slack-eng-core-035 slack-eng-core-036,,0,0,true,9,6,0,0,0,0,0.000000,0,stop,
20260903-223627-null,1,null,mock,null,v1,c9ff11afc1436a70,dff88c3a4526f8e2,fa7f7600,16,q-aggregation-badges-count,aggregation,negation same_name,number,false,false,false,,false,0.0000,false,true,answered,not_in_evidence,2,,doc-026 slack-infra-022 slack-infra-023 slack-infra-029,,0,0,true,8,5,0,0,0,0,0.000000,0,stop,
20260903-223627-null,1,null,mock,null,v1,c9ff11afc1436a70,dff88c3a4526f8e2,fa7f7600,16,q-aggregation-components-frozen-count,aggregation,negation,number,false,false,false,,false,0.0000,false,true,answered,not_in_evidence,3,,slack-release-008 slack-release-009 slack-release-010,,0,0,true,7,4,0,0,0,0,0.000000,0,stop,
20260903-223627-null,1,null,mock,null,v1,c9ff11afc1436a70,dff88c3a4526f8e2,fa7f7600,16,q-aggregation-connector-count,aggregation,superseded negation,number,false,false,false,,false,0.0000,false,true,answered,not_in_evidence,3,,slack-eng-relay-066 slack-eng-relay-067 slack-eng-relay-068,,0,0,true,8,5,0,0,0,0,0.000000,0,stop,
20260903-223627-null,1,null,mock,null,v1,c9ff11afc1436a70,dff88c3a4526f8e2,fa7f7600,16,q-aggregation-credits-march,aggregation,unit,number,false,false,false,,false,0.0000,false,true,answered,not_in_evidence,4100,,slack-general-021 slack-general-022 slack-general-023,,0,0,true,8,5,0,0,0,0,0.000000,0,stop,
20260903-223627-null,1,null,mock,null,v1,c9ff11afc1436a70,dff88c3a4526f8e2,fa7f7600,16,q-aggregation-customers-502-count,aggregation,format,number,false,false,false,,false,0.0000,false,true,answered,not_in_evidence,3,,issue-wrn-4102 slack-support-026 slack-support-027 slack-support-028 slack-support-029,,0,0,true,8,5,0,0,0,0,0.000000,0,stop,
20260903-223627-null,1,null,mock,null,v1,c9ff11afc1436a70,dff88c3a4526f8e2,fa7f7600,16,q-aggregation-dach-channel-count,aggregation,format negation,number,false,false,false,,false,0.0000,false,true,answered,not_in_evidence,2,,slack-dach-013 slack-dach-014,,0,0,true,8,6,0,0,0,0,0.000000,0,stop,
20260903-223627-null,1,null,mock,null,v1,c9ff11afc1436a70,dff88c3a4526f8e2,fa7f7600,16,q-aggregation-deploy-teams-count,aggregation,negation,number,false,false,false,,false,0.0000,false,true,answered,not_in_evidence,2,,slack-infra-053 slack-infra-054,,0,0,true,8,5,0,0,0,0,0.000000,0,stop,
20260903-223627-null,1,null,mock,null,v1,c9ff11afc1436a70,dff88c3a4526f8e2,fa7f7600,16,q-aggregation-edge-nodes-total,aggregation,,number,false,false,false,,false,0.0000,false,true,answered,not_in_evidence,14,,slack-infra-024 slack-infra-025 slack-infra-026 slack-infra-031 slack-infra-037,,0,0,true,7,5,0,0,0,0,0.000000,0,stop,
20260903-223627-null,1,null,mock,null,v1,c9ff11afc1436a70,dff88c3a4526f8e2,fa7f7600,16,q-aggregation-enterprise-count,aggregation,negation,number,false,false,false,,false,0.0000,false,true,answered,not_in_evidence,1,,slack-sales-048 slack-sales-049,,0,0,true,7,4,0,0,0,0,0.000000,0,stop,
20260903-223627-null,1,null,mock,null,v1,c9ff11afc1436a70,dff88c3a4526f8e2,fa7f7600,16,q-aggregation-escalations-q2,aggregation,,number,false,false,false,,false,0.0000,false,true,answered,not_in_evidence,4,,slack-general-025 slack-general-026 slack-general-027,,0,0,true,8,6,0,0,0,0,0.000000,0,stop,
20260903-223627-null,1,null,mock,null,v1,c9ff11afc1436a70,dff88c3a4526f8e2,fa7f7600,16,q-aggregation-freeze-exempt-count,aggregation,negation,number,false,false,false,,false,0.0000,false,true,answered,not_in_evidence,2,,doc-024 mtg-007 slack-eng-core-013 slack-eng-core-014 slack-eng-core-018,,0,0,true,7,5,0,0,0,0,0.000000,0,stop,
20260903-223627-null,1,null,mock,null,v1,c9ff11afc1436a70,dff88c3a4526f8e2,fa7f7600,16,q-aggregation-german-invoice-countries,aggregation,format negation,number,false,false,false,,false,0.0000,false,true,answered,not_in_evidence,2,,doc-035 slack-general-017 slack-general-018 slack-general-031,,0,0,true,8,5,0,0,0,0,0.000000,0,stop,
20260903-223627-null,1,null,mock,null,v1,c9ff11afc1436a70,dff88c3a4526f8e2,fa7f7600,16,q-aggregation-hours-lost-relay,aggregation,unit,number,false,false,false,,false,0.0000,false,true,answered,not_in_evidence,9,,slack-eng-relay-038 slack-eng-relay-039 slack-eng-relay-040,,0,0,true,8,6,0,0,0,0,0.000000,0,stop,
20260903-223627-null,1,null,mock,null,v1,c9ff11afc1436a70,dff88c3a4526f8e2,fa7f7600,16,q-aggregation-incident-minutes,aggregation,,number,false,false,false,,false,0.0000,false,true,answered,not_in_evidence,53,,slack-incidents-008 slack-incidents-017 slack-incidents-018 slack-incidents-019 slack-incidents-020 slack-incidents-022,,0,0,true,8,6,0,0,0,0,0.000000,0,stop,
20260903-223627-null,1,null,mock,null,v1,c9ff11afc1436a70,dff88c3a4526f8e2,fa7f7600,16,q-aggregation-incident-numbers-count,aggregation,negation,number,false,false,false,,false,0.0000,false,true,answered,not_in_evidence,3,,slack-incidents-036 slack-incidents-037 slack-incidents-038,,0,0,true,8,5,0,0,0,0,0.000000,0,stop,
20260903-223627-null,1,null,mock,null,v1,c9ff11afc1436a70,dff88c3a4526f8e2,fa7f7600,16,q-aggregation-invoice-two-months,aggregation,unit,number,false,false,false,,false,0.0000,false,true,answered,not_in_evidence,7800,,email-007 slack-general-024 slack-sales-034,,0,0,true,9,6,0,0,0,0,0.000000,0,stop,
20260903-223627-null,1,null,mock,null,v1,c9ff11afc1436a70,dff88c3a4526f8e2,fa7f7600,16,q-aggregation-oncall-people-count,aggregation,same_name,number,false,false,false,,false,0.0000,false,true,answered,not_in_evidence,3,,slack-infra-012 slack-infra-020 slack-infra-021,,0,0,true,7,4,0,0,0,0,0.000000,0,stop,
20260903-223627-null,1,null,mock,null,v1,c9ff11afc1436a70,dff88c3a4526f8e2,fa7f7600,16,q-aggregation-postmortems-count,aggregation,,number,false,false,false,,false,0.0000,false,true,answered,not_in_evidence,3,,doc-028 doc-039 slack-incidents-016,,0,0,true,8,6,0,0,0,0,0.000000,0,stop,
20260903-223627-null,1,null,mock,null,v1,c9ff11afc1436a70,dff88c3a4526f8e2,fa7f7600,16,q-aggregation-premium-count-june,aggregation,superseded,number,false,false,false,,false,0.0000,false,true,answered,not_in_evidence,2,,slack-sales-025 slack-sales-029 slack-sales-030 slack-sales-031 slack-sales-035,,0,0,true,6,4,0,0,0,0,0.000000,0,stop,
20260903-223627-null,1,null,mock,null,v1,c9ff11afc1436a70,dff88c3a4526f8e2,fa7f7600,16,q-aggregation-q1-po-total,aggregation,unit,number,false,false,false,,false,0.0000,false,true,answered,not_in_evidence,28200,,email-039 email-040,,0,0,true,7,4,0,0,0,0,0.000000,0,stop,
20260903-223627-null,1,null,mock,null,v1,c9ff11afc1436a70,dff88c3a4526f8e2,fa7f7600,16,q-aggregation-regions-with-limiter-count,aggregation,superseded,number,false,false,false,,false,0.0000,false,true,answered,not_in_evidence,2,,slack-eng-palisade-026 slack-eng-palisade-027 slack-eng-palisade-028,,0,0,true,8,6,0,0,0,0,0.000000,0,stop,
20260903-223627-null,1,null,mock,null,v1,c9ff11afc1436a70,dff88c3a4526f8e2,fa7f7600,16,q-aggregation-releases-half,aggregation,relative_date planned_vs_done,number,false,false,false,,false,0.0000,false,true,answered,not_in_evidence,6,,slack-release-016 slack-release-017,,0,0,true,8,6,0,0,0,0,0.000000,0,stop,
20260903-223627-null,1,null,mock,null,v1,c9ff11afc1436a70,dff88c3a4526f8e2,fa7f7600,16,q-aggregation-renewals-q1-count,aggregation,planned_vs_done,number,false,false,false,,false,0.0000,false,true,answered,not_in_evidence,3,,slack-general-014 slack-general-015 slack-general-016,,0,0,true,8,6,0,0,0,0,0.000000,0,stop,
20260903-223627-null,1,null,mock,null,v1,c9ff11afc1436a70,dff88c3a4526f8e2,fa7f7600,16,q-aggregation-sandbox-regions-count,aggregation,negation superseded,number,false,false,false,,false,0.0000,false,true,answered,not_in_evidence,2,,slack-infra-050 slack-infra-051 slack-infra-052,,0,0,true,9,6,0,0,0,0,0.000000,0,stop,
20260903-223627-null,1,null,mock,null,v1,c9ff11afc1436a70,dff88c3a4526f8e2,fa7f7600,16,q-aggregation-seats-june,aggregation,,number,false,false,false,,false,0.0000,false,true,answered,not_in_evidence,105,,slack-sales-032 slack-sales-033,,0,0,true,9,6,0,0,0,0,0.000000,0,stop,
20260903-223627-null,1,null,mock,null,v1,c9ff11afc1436a70,dff88c3a4526f8e2,fa7f7600,16,q-aggregation-signoff-count,aggregation,negation,number,false,false,false,,false,0.0000,false,true,answered,not_in_evidence,2,,slack-security-030 slack-security-031 slack-security-032,,0,0,true,8,6,0,0,0,0,0.000000,0,stop,
20260903-223627-null,1,null,mock,null,v1,c9ff11afc1436a70,dff88c3a4526f8e2,fa7f7600,16,q-aggregation-sub-processor-count,aggregation,proposal,number,false,false,false,,false,0.0000,false,true,answered,not_in_evidence,3,,slack-general-011 slack-general-012 slack-general-013 slack-general-033 slack-general-039,,0,0,true,6,4,0,0,0,0,0.000000,0,stop,
20260903-223627-null,1,null,mock,null,v1,c9ff11afc1436a70,dff88c3a4526f8e2,fa7f7600,16,q-aggregation-tickets-week,aggregation,format,number,false,false,false,,false,0.0000,false,true,answered,not_in_evidence,47,,slack-support-031 slack-support-032 slack-support-033 slack-support-034,,0,0,true,6,4,0,0,0,0,0.000000,0,stop,
20260903-223627-null,1,null,mock,null,v1,c9ff11afc1436a70,dff88c3a4526f8e2,fa7f7600,16,q-asof-batch,asof,superseded proposal retraction,number,false,false,true,false,false,0.0000,false,true,answered,not_in_evidence,1000,,slack-eng-relay-001 slack-eng-relay-002 doc-config-batch slack-eng-relay-003,,4,0,true,7,5,0,0,0,0,0.000000,0,stop,
20260903-223627-null,1,null,mock,null,v1,c9ff11afc1436a70,dff88c3a4526f8e2,fa7f7600,16,q-asof-cache-ttl,asof,superseded keyword retraction,number,false,false,true,false,false,0.0000,false,true,answered,not_in_evidence,300,,slack-eng-palisade-018 slack-eng-palisade-019 cmt-wrn-4477-001,,3,0,true,6,4,0,0,0,0,0.000000,0,stop,
20260903-223627-null,1,null,mock,null,v1,c9ff11afc1436a70,dff88c3a4526f8e2,fa7f7600,16,q-asof-connector-timeout,asof,superseded same_name retraction,number,false,false,true,false,false,0.0000,false,true,answered,not_in_evidence,30,,slack-eng-relay-009 slack-eng-relay-010 slack-eng-relay-011,,3,0,true,8,5,0,0,0,0,0.000000,0,stop,
20260903-223627-null,1,null,mock,null,v1,c9ff11afc1436a70,dff88c3a4526f8e2,fa7f7600,16,q-asof-dlq-retries,asof,superseded proposal,number,false,false,true,false,false,0.0000,false,true,answered,not_in_evidence,5,,slack-eng-relay-017 slack-eng-relay-018 cmt-wrn-5120-001,,3,0,true,9,6,0,0,0,0,0.000000,0,stop,
20260903-223627-null,1,null,mock,null,v1,c9ff11afc1436a70,dff88c3a4526f8e2,fa7f7600,16,q-asof-error-budget,asof,superseded,number,false,false,true,false,false,0.0000,false,true,answered,not_in_evidence,0.5,,slack-eng-palisade-013 slack-eng-palisade-014 doc-config-error-budget,,3,0,true,8,5,0,0,0,0,0.000000,0,stop,
20260903-223627-null,1,null,mock,null,v1,c9ff11afc1436a70,dff88c3a4526f8e2,fa7f7600,16,q-asof-fetch-concurrency,asof,superseded keyword,number,false,false,true,false,false,0.0000,false,true,answered,not_in_evidence,8,,slack-eng-relay-061 slack-eng-relay-062 slack-eng-relay-063,,3,0,true,8,5,0,0,0,0,0.000000,0,stop,
20260903-223627-null,1,null,mock,null,v1,c9ff11afc1436a70,dff88c3a4526f8e2,fa7f7600,16,q-asof-halcyon-invoice,asof,superseded unit quoted_email,number,false,false,true,false,false,0.0000,false,true,answered,not_in_evidence,3400,,slack-sales-001 doc-003 email-007,,3,0,true,7,4,0,0,0,0,0.000000,0,stop,
20260903-223627-null,1,null,mock,null,v1,c9ff11afc1436a70,dff88c3a4526f8e2,fa7f7600,16,q-asof-halcyon-renewal,asof,superseded,date,false,false,true,false,false,0.0000,false,true,answered,not_in_evidence,2027-10-31,,slack-sales-044 slack-sales-045 slack-sales-046,,3,0,true,8,5,0,0,0,0,0.000000,0,stop,
20260903-223627-null,1,null,mock,null,v1,c9ff11afc1436a70,dff88c3a4526f8e2,fa7f7600,16,q-asof-idle-timeout,asof,superseded keyword,number,false,false,true,false,false,0.0000,false,true,answered,not_in_evidence,90,,slack-eng-palisade-038 slack-eng-palisade-039 doc-058,,3,0,true,8,5,0,0,0,0,0.000000,0,stop,
20260903-223627-null,1,null,mock,null,v1,c9ff11afc1436a70,dff88c3a4526f8e2,fa7f7600,16,q-asof-kestrel-retention,asof,superseded retraction proposal,number,false,false,true,false,false,0.0000,false,true,answered,not_in_evidence,90,,email-004 slack-data-platform-001 slack-data-platform-002 slack-data-platform-012,,3,0,true,6,4,0,0,0,0,0.000000,0,stop,
20260903-223627-null,1,null,mock,null,v1,c9ff11afc1436a70,dff88c3a4526f8e2,fa7f7600,16,q-asof-meridian-tier,asof,superseded retraction,string,false,false,true,false,false,0.0000,false,true,answered,not_in_evidence,premium,,email-002 slack-support-001 slack-support-002 slack-support-021,,3,0,true,7,4,0,0,0,0,0.000000,0,stop,
20260903-223627-null,1,null,mock,null,v1,c9ff11afc1436a70,dff88c3a4526f8e2,fa7f7600,16,q-asof-nightly-job,asof,superseded timezone,time,false,false,true,false,false,0.0000,false,true,answered,not_in_evidence,03:00,,slack-eng-relay-021 slack-eng-relay-022 slack-eng-relay-023,,3,0,true,8,5,0,0,0,0,0.000000,0,stop,
20260903-223627-null,1,null,mock,null,v1,c9ff11afc1436a70,dff88c3a4526f8e2,fa7f7600,16,q-asof-northwind-onboarding,asof,superseded retraction,date,false,false,true,false,false,0.0000,false,true,answered,not_in_evidence,2027-04-26,,email-012 slack-sales-004 slack-sales-005 slack-sales-039,,3,0,true,8,6,0,0,0,0,0.000000,0,stop,
20260903-223627-null,1,null,mock,null,v1,c9ff11afc1436a70,dff88c3a4526f8e2,fa7f7600,16,q-asof-oncall-owner,asof,superseded same_name keyword retraction,string,false,false,true,false,false,0.0000,false,true,answered,not_in_evidence,Ravi Iyer,,slack-infra-001 slack-infra-002 email-006,,3,0,true,7,4,0,0,0,0,0.000000,0,stop,
20260903-223627-null,1,null,mock,null,v1,c9ff11afc1436a70,dff88c3a4526f8e2,fa7f7600,16,q-asof-p99,asof,superseded quoted_email proposal,number,false,false,true,false,false,0.0000,false,true,answered,not_in_evidence,165,,slack-eng-palisade-001 mtg-001 slack-eng-palisade-002,,3,0,true,7,4,0,0,0,0,0.000000,0,stop,
20260903-223627-null,1,null,mock,null,v1,c9ff11afc1436a70,dff88c3a4526f8e2,fa7f7600,16,q-asof-page-delay,asof,superseded keyword,number,false,false,true,false,false,0.0000,false,true,answered,not_in_evidence,10,,slack-incidents-032 slack-incidents-033 mtg-044,,3,0,true,8,5,0,0,0,0,0.000000,0,stop,
20260903-223627-null,1,null,mock,null,v1,c9ff11afc1436a70,dff88c3a4526f8e2,fa7f7600,16,q-asof-patch-sla,asof,superseded scope,number,false,false,true,false,false,0.0000,false,true,answered,not_in_evidence,7,,doc-005 email-019 slack-security-007 slack-security-017,,3,0,true,7,5,0,0,0,0,0.000000,0,stop,
20260903-223627-null,1,null,mock,null,v1,c9ff11afc1436a70,dff88c3a4526f8e2,fa7f7600,16,q-asof-premium-response,asof,superseded scope retraction format,number,false,false,true,false,false,0.0000,false,true,answered,not_in_evidence,30,,slack-support-008 doc-004 slack-support-009,,3,0,true,8,6,0,0,0,0,0.000000,0,stop,
20260903-223627-null,1,null,mock,null,v1,c9ff11afc1436a70,dff88c3a4526f8e2,fa7f7600,16,q-asof-ratelimit,asof,superseded scope quoted_email,number,false,false,true,false,false,0.0000,false,true,answered,not_in_evidence,900,,slack-eng-palisade-008 doc-001 slack-eng-palisade-009,,3,0,true,8,6,0,0,0,0,0.000000,0,stop,
20260903-223627-null,1,null,mock,null,v1,c9ff11afc1436a70,dff88c3a4526f8e2,fa7f7600,16,q-asof-release-cadence,asof,superseded,number,false,false,true,false,false,0.0000,false,true,answered,not_in_evidence,2,,slack-release-001 doc-002 slack-release-002,,3,0,true,8,6,0,0,0,0,0.000000,0,stop,
20260903-223627-null,1,null,mock,null,v1,c9ff11afc1436a70,dff88c3a4526f8e2,fa7f7600,16,q-asof-replay-batch,asof,superseded proposal quoted_email,number,false,false,true,false,false,0.0000,false,true,answered,not_in_evidence,500,,slack-eng-relay-058 doc-059 slack-eng-relay-059,,3,0,true,8,6,0,0,0,0,0.000000,0,stop,
20260903-223627-null,1,null,mock,null,v1,c9ff11afc1436a70,dff88c3a4526f8e2,fa7f7600,16,q-asof-report-day,asof,superseded retraction format,string,false,false,true,false,false,0.0000,false,true,answered,not_in_evidence,Wednesday,,slack-support-041 slack-support-042 email-038,,3,0,true,8,5,0,0,0,0,0.000000,0,stop,
20260903-223627-null,1,null,mock,null,v1,c9ff11afc1436a70,dff88c3a4526f8e2,fa7f7600,16,q-asof-sandbox-quota,asof,superseded keyword unit,number,false,false,true,false,false,0.0000,false,true,answered,not_in_evidence,20000,,slack-eng-palisade-044 slack-eng-palisade-045 slack-eng-palisade-046,,3,0,true,8,5,0,0,0,0,0.000000,0,stop,
20260903-223627-null,1,null,mock,null,v1,c9ff11afc1436a70,dff88c3a4526f8e2,fa7f7600,16,q-asof-status-threshold,asof,superseded format,number,false,false,true,false,false,0.0000,false,true,answered,not_in_evidence,10,,slack-incidents-001 slack-incidents-002 mtg-005,,3,0,true,8,6,0,0,0,0,0.000000,0,stop,
20260903-223627-null,1,null,mock,null,v1,c9ff11afc1436a70,dff88c3a4526f8e2,fa7f7600,16,q-asof-store-shards,asof,superseded proposal,number,false,false,true,false,false,0.0000,false,true,answered,not_in_evidence,12,,slack-data-platform-026 slack-data-platform-027 doc-config-store-shards,,3,0,true,8,5,0,0,0,0,0.000000,0,stop,
20260903-223627-null,1,null,mock,null,v1,c9ff11afc1436a70,dff88c3a4526f8e2,fa7f7600,16,q-asof-tanaka-contract,asof,superseded retraction,date,false,false,true,false,false,0.0000,false,true,answered,not_in_evidence,2028-03-31,,email-018 slack-general-036 slack-general-037 slack-sales-015 slack-sales-016,,3,0,true,8,5,0,0,0,0,0.000000,0,stop,
20260903-223627-null,1,null,mock,null,v1,c9ff11afc1436a70,dff88c3a4526f8e2,fa7f7600,16,q-asof-tanaka-invoice-day,asof,superseded statement_shaped_question,number,false,false,true,false,false,0.0000,false,true,answered,not_in_evidence,5,,slack-general-051 slack-general-052 slack-general-053,,3,0,true,8,5,0,0,0,0,0.000000,0,stop,
20260903-223627-null,1,null,mock,null,v1,c9ff11afc1436a70,dff88c3a4526f8e2,fa7f7600,16,q-asof-tls-window,asof,superseded quoted_email retraction,number,false,false,true,false,false,0.0000,false,true,answered,not_in_evidence,30,,slack-security-001 email-010 slack-security-002,,3,0,true,8,5,0,0,0,0,0.000000,0,stop,
20260903-223627-null,1,null,mock,null,v1,c9ff11afc1436a70,dff88c3a4526f8e2,fa7f7600,16,q-asof-training-owner,asof,superseded keyword,string,false,false,true,false,false,0.0000,false,true,answered,not_in_evidence,Hannah Fischer,,slack-security-025 slack-security-026 slack-security-027,,3,0,true,8,5,0,0,0,0,0.000000,0,stop,
20260903-223627-null,1,null,mock,null,v1,c9ff11afc1436a70,dff88c3a4526f8e2,fa7f7600,16,q-asof-verity-seats,asof,superseded quoted_email,number,false,false,true,false,false,0.0000,false,true,answered,not_in_evidence,75,,email-015 email-030 slack-sales-010 slack-sales-011,,3,0,true,8,5,0,0,0,0,0.000000,0,stop,
20260903-223627-null,1,null,mock,null,v1,c9ff11afc1436a70,dff88c3a4526f8e2,fa7f7600,16,q-current-batch,current,superseded format unit retraction,number,false,false,true,false,false,0.0000,false,true,answered,not_in_evidence,1500,,slack-eng-relay-001 slack-eng-relay-002 doc-config-batch slack-eng-relay-003,,4,0,true,9,6,0,0,0,0,0.000000,0,stop,
20260903-223627-null,1,null,mock,null,v1,c9ff11afc1436a70,dff88c3a4526f8e2,fa7f7600,16,q-current-cache-ttl,current,superseded keyword retraction statement_shaped_question quoted_email,number,false,false,true,false,false,0.0000,false,true,answered,not_in_evidence,120,,slack-eng-palisade-018 slack-eng-palisade-019 cmt-wrn-4477-001,,3,0,true,8,5,0,0,0,0,0.000000,0,stop,
20260903-223627-null,1,null,mock,null,v1,c9ff11afc1436a70,dff88c3a4526f8e2,fa7f7600,16,q-current-connector-timeout,current,superseded same_name keyword retraction statement_shaped_question,number,false,false,true,false,false,0.0000,false,true,answered,not_in_evidence,45,,slack-eng-relay-009 slack-eng-relay-010 slack-eng-relay-011,,3,0,true,8,5,0,0,0,0,0.000000,0,stop,
20260903-223627-null,1,null,mock,null,v1,c9ff11afc1436a70,dff88c3a4526f8e2,fa7f7600,16,q-current-dlq-retries,current,superseded proposal statement_shaped_question quoted_email,number,false,false,true,false,false,0.0000,false,true,answered,not_in_evidence,8,,slack-eng-relay-017 slack-eng-relay-018 cmt-wrn-5120-001,,3,0,true,7,4,0,0,0,0,0.000000,0,stop,
20260903-223627-null,1,null,mock,null,v1,c9ff11afc1436a70,dff88c3a4526f8e2,fa7f7600,16,q-current-error-budget,current,superseded statement_shaped_question format,number,false,false,true,false,false,0.0000,false,true,answered,not_in_evidence,0.25,,slack-eng-palisade-013 slack-eng-palisade-014 doc-config-error-budget,,3,0,true,7,4,0,0,0,0,0.000000,0,stop,
20260903-223627-null,1,null,mock,null,v1,c9ff11afc1436a70,dff88c3a4526f8e2,fa7f7600,16,q-current-fetch-concurrency,current,superseded keyword format,number,false,false,true,false,false,0.0000,false,true,answered,not_in_evidence,6,,slack-eng-relay-061 slack-eng-relay-062 slack-eng-relay-063,,3,0,true,8,6,0,0,0,0,0.000000,0,stop,
20260903-223627-null,1,null,mock,null,v1,c9ff11afc1436a70,dff88c3a4526f8e2,fa7f7600,16,q-current-halcyon-invoice,current,superseded unit format quoted_email,number,false,false,true,false,false,0.0000,false,true,answered,not_in_evidence,3900,,slack-sales-001 doc-003 email-007,,3,0,true,9,6,0,0,0,0,0.000000,0,stop,
20260903-223627-null,1,null,mock,null,v1,c9ff11afc1436a70,dff88c3a4526f8e2,fa7f7600,16,q-current-halcyon-renewal,current,superseded,date,false,false,true,false,false,0.0000,false,true,answered,not_in_evidence,2027-09-30,,slack-sales-044 slack-sales-045 slack-sales-046,,3,0,true,7,4,0,0,0,0,0.000000,0,stop,
20260903-223627-null,1,null,mock,null,v1,c9ff11afc1436a70,dff88c3a4526f8e2,fa7f7600,16,q-current-idle-timeout,current,superseded statement_shaped_question keyword format,number,false,false,true,false,false,0.0000,false,true,answered,not_in_evidence,120,,slack-eng-palisade-038 slack-eng-palisade-039 doc-058,,3,0,true,8,6,0,0,0,0,0.000000,0,stop,
20260903-223627-null,1,null,mock,null,v1,c9ff11afc1436a70,dff88c3a4526f8e2,fa7f7600,16,q-current-kestrel-retention,current,superseded proposal retraction statement_shaped_question quoted_email,number,false,false,true,false,false,0.0000,false,true,answered,not_in_evidence,180,,email-004 slack-data-platform-001 slack-data-platform-002 slack-data-platform-012,,3,0,true,7,4,0,0,0,0,0.000000,0,stop,
20260903-223627-null,1,null,mock,null,v1,c9ff11afc1436a70,dff88c3a4526f8e2,fa7f7600,16,q-current-meridian-tier,current,superseded statement_shaped_question format retraction,string,false,false,true,false,false,0.0000,false,true,answered,not_in_evidence,enterprise,,email-002 slack-support-001 slack-support-002 slack-support-021,,3,0,true,7,4,0,0,0,0,0.000000,0,stop,
20260903-223627-null,1,null,mock,null,v1,c9ff11afc1436a70,dff88c3a4526f8e2,fa7f7600,16,q-current-nightly-job,current,superseded timezone quoted_email,time,false,false,true,false,false,0.0000,false,true,answered,not_in_evidence,01:30,,slack-eng-relay-021 slack-eng-relay-022 slack-eng-relay-023,,3,0,true,7,5,0,0,0,0,0.000000,0,stop,
20260903-223627-null,1,null,mock,null,v1,c9ff11afc1436a70,dff88c3a4526f8e2,fa7f7600,16,q-current-northwind-onboarding,current,superseded planned_vs_done retraction statement_shaped_question,date,false,false,true,false,false,0.0000,false,true,answered,not_in_evidence,2027-06-21,,email-012 slack-sales-004 slack-sales-005 slack-sales-039,,3,0,true,7,4,0,0,0,0,0.000000,0,stop,
20260903-223627-null,1,null,mock,null,v1,c9ff11afc1436a70,dff88c3a4526f8e2,fa7f7600,16,q-current-oncall-owner,current,superseded same_name retraction,string,false,false,true,false,false,0.0000,false,true,answered,not_in_evidence,Priya Raman,,slack-infra-001 slack-infra-002 email-006,,3,0,true,6,4,0,0,0,0,0.000000,0,stop,
20260903-223627-null,1,null,mock,null,v1,c9ff11afc1436a70,dff88c3a4526f8e2,fa7f7600,16,q-current-p99,current,superseded statement_shaped_question proposal quoted_email,number,false,false,true,false,false,0.0000,false,true,answered,not_in_evidence,150,,slack-eng-palisade-001 mtg-001 slack-eng-palisade-002,,3,0,true,8,5,0,0,0,0,0.000000,0,stop,
20260903-223627-null,1,null,mock,null,v1,c9ff11afc1436a70,dff88c3a4526f8e2,fa7f7600,16,q-current-page-delay,current,superseded keyword,number,false,false,true,false,false,0.0000,false,true,answered,not_in_evidence,3,,slack-incidents-032 slack-incidents-033 mtg-044,,3,0,true,8,5,0,0,0,0,0.000000,0,stop,
20260903-223627-null,1,null,mock,null,v1,c9ff11afc1436a70,dff88c3a4526f8e2,fa7f7600,16,q-current-patch-sla,current,superseded statement_shaped_question scope,number,false,false,true,false,false,0.0000,false,true,answered,not_in_evidence,3,,doc-005 email-019 slack-security-007 slack-security-017,,3,0,true,8,5,0,0,0,0,0.000000,0,stop,
20260903-223627-null,1,null,mock,null,v1,c9ff11afc1436a70,dff88c3a4526f8e2,fa7f7600,16,q-current-premium-response,current,superseded scope format retraction quoted_email,number,false,false,true,false,false,0.0000,false,true,answered,not_in_evidence,15,,slack-support-008 doc-004 slack-support-009,,3,0,true,7,4,0,0,0,0,0.000000,0,stop,
20260903-223627-null,1,null,mock,null,v1,c9ff11afc1436a70,dff88c3a4526f8e2,fa7f7600,16,q-current-ratelimit,current,superseded scope proposal,number,false,false,true,false,false,0.0000,false,true,answered,not_in_evidence,1200,,slack-eng-palisade-008 doc-001 slack-eng-palisade-009,,3,0,true,7,5,0,0,0,0,0.000000,0,stop,
20260903-223627-null,1,null,mock,null,v1,c9ff11afc1436a70,dff88c3a4526f8e2,fa7f7600,16,q-current-release-cadence,current,superseded retraction format,number,false,false,true,false,false,0.0000,false,true,answered,not_in_evidence,3,,slack-release-001 doc-002 slack-release-002,,3,0,true,8,6,0,0,0,0,0.000000,0,stop,
20260903-223627-null,1,null,mock,null,v1,c9ff11afc1436a70,dff88c3a4526f8e2,fa7f7600,16,q-current-replay-batch,current,superseded proposal quoted_email scope,number,false,false,true,false,false,0.0000,false,true,answered,not_in_evidence,250,,slack-eng-relay-058 doc-059 slack-eng-relay-059,,3,0,true,8,5,0,0,0,0,0.000000,0,stop,
20260903-223627-null,1,null,mock,null,v1,c9ff11afc1436a70,dff88c3a4526f8e2,fa7f7600,16,q-current-report-day,current,superseded retraction format,string,false,false,true,false,false,0.0000,false,true,answered,not_in_evidence,Thursday,,slack-support-041 slack-support-042 email-038,,3,0,true,6,3,0,0,0,0,0.000000,0,stop,
20260903-223627-null,1,null,mock,null,v1,c9ff11afc1436a70,dff88c3a4526f8e2,fa7f7600,16,q-current-sandbox-quota,current,superseded keyword unit,number,false,false,true,false,false,0.0000,false,true,answered,not_in_evidence,50000,,slack-eng-palisade-044 slack-eng-palisade-045 slack-eng-palisade-046,,3,0,true,6,4,0,0,0,0,0.000000,0,stop,
20260903-223627-null,1,null,mock,null,v1,c9ff11afc1436a70,dff88c3a4526f8e2,fa7f7600,16,q-current-status-threshold,current,superseded statement_shaped_question format,number,false,false,true,false,false,0.0000,false,true,answered,not_in_evidence,20,,slack-incidents-001 slack-incidents-002 mtg-005,,3,0,true,7,4,0,0,0,0,0.000000,0,stop,
20260903-223627-null,1,null,mock,null,v1,c9ff11afc1436a70,dff88c3a4526f8e2,fa7f7600,16,q-current-store-shards,current,superseded proposal format,number,false,false,true,false,false,0.0000,false,true,answered,not_in_evidence,16,,slack-data-platform-026 slack-data-platform-027 doc-config-store-shards,,3,0,true,7,5,0,0,0,0,0.000000,0,stop,
20260903-223627-null,1,null,mock,null,v1,c9ff11afc1436a70,dff88c3a4526f8e2,fa7f7600,16,q-current-tanaka-contract,current,superseded retraction statement_shaped_question,date,false,false,true,false,false,0.0000,false,true,answered,not_in_evidence,2028-09-30,,email-018 slack-general-036 slack-general-037 slack-sales-015 slack-sales-016,,3,0,true,6,4,0,0,0,0,0.000000,0,stop,
20260903-223627-null,1,null,mock,null,v1,c9ff11afc1436a70,dff88c3a4526f8e2,fa7f7600,16,q-current-tanaka-invoice-day,current,superseded statement_shaped_question,number,false,false,true,false,false,0.0000,false,true,answered,not_in_evidence,3,,slack-general-051 slack-general-052 slack-general-053,,3,0,true,8,5,0,0,0,0,0.000000,0,stop,
20260903-223627-null,1,null,mock,null,v1,c9ff11afc1436a70,dff88c3a4526f8e2,fa7f7600,16,q-current-tls-window,current,superseded retraction statement_shaped_question,number,false,false,true,false,false,0.0000,false,true,answered,not_in_evidence,45,,slack-security-001 email-010 slack-security-002,,3,0,true,6,4,0,0,0,0,0.000000,0,stop,
20260903-223627-null,1,null,mock,null,v1,c9ff11afc1436a70,dff88c3a4526f8e2,fa7f7600,16,q-current-training-owner,current,superseded keyword,string,false,false,true,false,false,0.0000,false,true,answered,not_in_evidence,Nils Berg,,slack-security-025 slack-security-026 slack-security-027,,3,0,true,8,5,0,0,0,0,0.000000,0,stop,
20260903-223627-null,1,null,mock,null,v1,c9ff11afc1436a70,dff88c3a4526f8e2,fa7f7600,16,q-current-verity-seats,current,superseded proposal statement_shaped_question,number,false,false,true,false,false,0.0000,false,true,answered,not_in_evidence,120,,email-015 email-030 slack-sales-010 slack-sales-011,,3,0,true,8,6,0,0,0,0,0.000000,0,stop,
20260903-223627-null,1,null,mock,null,v1,c9ff11afc1436a70,dff88c3a4526f8e2,fa7f7600,16,q-exhaustive-affected-regions-apr,exhaustive,negation superseded,string[],false,false,false,,false,0.0000,false,true,answered,not_in_evidence,"[""eu-west"",""us-east""]",,doc-055 slack-incidents-006 slack-incidents-013 slack-incidents-014 slack-incidents-015 slack-incidents-019,,0,0,true,8,5,0,0,0,0,0.000000,0,stop,
20260903-223627-null,1,null,mock,null,v1,c9ff11afc1436a70,dff88c3a4526f8e2,fa7f7600,16,q-exhaustive-annex-differences,exhaustive,negation,string[],false,false,false,,false,0.0000,false,true,answered,not_in_evidence,"[""sub-processor notice""]",,slack-general-019 slack-general-020,,0,0,true,6,4,0,0,0,0,0.000000,0,stop,
20260903-223627-null,1,null,mock,null,v1,c9ff11afc1436a70,dff88c3a4526f8e2,fa7f7600,16,q-exhaustive-audit-log-fields,exhaustive,negation,string[],false,false,false,,false,0.0000,false,true,answered,not_in_evidence,"[""actor"",""action"",""resource""]",,slack-eng-core-034 slack-eng-core-035 slack-eng-core-036,,0,0,true,7,5,0,0,0,0,0.000000,0,stop,
20260903-223627-null,1,null,mock,null,v1,c9ff11afc1436a70,dff88c3a4526f8e2,fa7f7600,16,q-exhaustive-badge-holders,exhaustive,same_name negation,string[],false,false,false,,false,0.0000,false,true,answered,not_in_evidence,"[""Ravi Iyer"",""Diego Alvarez""]",,doc-026 slack-infra-022 slack-infra-023 slack-infra-029,,0,0,true,8,5,0,0,0,0,0.000000,0,stop,
20260903-223627-null,1,null,mock,null,v1,c9ff11afc1436a70,dff88c3a4526f8e2,fa7f7600,16,q-exhaustive-channels-monitored,exhaustive,negation,string[],false,false,false,,false,0.0000,false,true,answered,not_in_evidence,"[""incidents"",""support""]",,doc-044 slack-support-024 slack-support-025,,0,0,true,7,5,0,0,0,0,0.000000,0,stop,
20260903-223627-null,1,null,mock,null,v1,c9ff11afc1436a70,dff88c3a4526f8e2,fa7f7600,16,q-exhaustive-components-frozen,exhaustive,negation planned_vs_done,string[],false,false,false,,false,0.0000,false,true,answered,not_in_evidence,"[""edge nodes"",""control plane"",""normalise stage""]",,slack-release-008 slack-release-009 slack-release-010,,0,0,true,8,6,0,0,0,0,0.000000,0,stop,
20260903-223627-null,1,null,mock,null,v1,c9ff11afc1436a70,dff88c3a4526f8e2,fa7f7600,16,q-exhaustive-customers-502,exhaustive,format,string[],false,false,false,,false,0.0000,false,true,answered,not_in_evidence,"[""Meridian Logistics"",""Halcyon Media"",""Orso Retail""]",,issue-wrn-4102 slack-support-026 slack-support-027 slack-support-028 slack-support-029,,0,0,true,8,5,0,0,0,0,0.000000,0,stop,
20260903-223627-null,1,null,mock,null,v1,c9ff11afc1436a70,dff88c3a4526f8e2,fa7f7600,16,q-exhaustive-dach-channels,exhaustive,negation format,string[],false,false,false,,false,0.0000,false,true,answered,not_in_evidence,"[""dach"",""support""]",,slack-dach-013 slack-dach-014,,0,0,true,8,5,0,0,0,0,0.000000,0,stop,
20260903-223627-null,1,null,mock,null,v1,c9ff11afc1436a70,dff88c3a4526f8e2,fa7f7600,16,q-exhaustive-dach-customers,exhaustive,format superseded,string[],false,false,false,,false,0.0000,false,true,answered,not_in_evidence,"[""Orso Retail"",""Verity Insurance""]",,email-025 email-026 slack-dach-005,,0,0,true,9,6,0,0,0,0,0.000000,0,stop,
20260903-223627-null,1,null,mock,null,v1,c9ff11afc1436a70,dff88c3a4526f8e2,fa7f7600,16,q-exhaustive-deploy-teams,exhaustive,negation,string[],false,false,false,,false,0.0000,false,true,answered,not_in_evidence,"[""the platform team"",""the relay team""]",,slack-infra-053 slack-infra-054,,0,0,true,7,4,0,0,0,0,0.000000,0,stop,
20260903-223627-null,1,null,mock,null,v1,c9ff11afc1436a70,dff88c3a4526f8e2,fa7f7600,16,q-exhaustive-enterprise-customers,exhaustive,negation superseded,string[],false,false,false,,false,0.0000,false,true,answered,not_in_evidence,"[""Meridian Logistics""]",,slack-sales-048 slack-sales-049,,0,0,true,8,5,0,0,0,0,0.000000,0,stop,
20260903-223627-null,1,null,mock,null,v1,c9ff11afc1436a70,dff88c3a4526f8e2,fa7f7600,16,q-exhaustive-freeze-exempt,exhaustive,negation,string[],false,false,false,,false,0.0000,false,true,answered,not_in_evidence,"[""security fixes"",""incident fixes""]",,doc-024 mtg-007 slack-eng-core-013 slack-eng-core-014 slack-eng-core-018,,0,0,true,8,5,0,0,0,0,0.000000,0,stop,
20260903-223627-null,1,null,mock,null,v1,c9ff11afc1436a70,dff88c3a4526f8e2,fa7f7600,16,q-exhaustive-gateway-components,exhaustive,negation keyword,string[],false,false,false,,false,0.0000,false,true,answered,not_in_evidence,"[""edge nodes"",""admin api"",""control plane""]",,doc-013 doc-018 doc-025 doc-034 slack-eng-core-007 slack-eng-core-015 slack-eng-core-016 slack-eng-core-017,,0,0,true,6,4,0,0,0,0,0.000000,0,stop,
20260903-223627-null,1,null,mock,null,v1,c9ff11afc1436a70,dff88c3a4526f8e2,fa7f7600,16,q-exhaustive-german-invoicing,exhaustive,format negation,string[],false,false,false,,false,0.0000,false,true,answered,not_in_evidence,"[""Germany"",""Austria""]",,doc-035 slack-general-017 slack-general-018 slack-general-031,,0,0,true,8,5,0,0,0,0,0.000000,0,stop,
20260903-223627-null,1,null,mock,null,v1,c9ff11afc1436a70,dff88c3a4526f8e2,fa7f7600,16,q-exhaustive-incident-numbers,exhaustive,keyword negation,string[],false,false,false,,false,0.0000,false,true,answered,not_in_evidence,"[""INC-2027-009"",""INC-2027-014"",""INC-2027-021""]",,slack-incidents-036 slack-incidents-037 slack-incidents-038,,0,0,true,8,5,0,0,0,0,0.000000,0,stop,
20260903-223627-null,1,null,mock,null,v1,c9ff11afc1436a70,dff88c3a4526f8e2,fa7f7600,16,q-exhaustive-incident-roles,exhaustive,negation,string[],false,false,false,,false,0.0000,false,true,answered,not_in_evidence,"[""incident commander"",""scribe""]",,doc-007 slack-incidents-011 slack-incidents-012 slack-incidents-021,,0,0,true,7,4,0,0,0,0,0.000000,0,stop,
20260903-223627-null,1,null,mock,null,v1,c9ff11afc1436a70,dff88c3a4526f8e2,fa7f7600,16,q-exhaustive-limiter-regions,exhaustive,superseded negation,string[],false,false,true,false,false,0.0000,false,true,answered,not_in_evidence,"[""eu-west"",""ap-south""]",,slack-eng-palisade-026 slack-eng-palisade-027 slack-eng-palisade-028,,3,0,true,8,5,0,0,0,0,0.000000,0,stop,
20260903-223627-null,1,null,mock,null,v1,c9ff11afc1436a70,dff88c3a4526f8e2,fa7f7600,16,q-exhaustive-maintenance-regions,exhaustive,timezone,string[],false,false,false,,false,0.0000,false,true,answered,not_in_evidence,"[""eu-west"",""us-east"",""ap-south""]",,slack-infra-040 slack-infra-041,,0,0,true,7,4,0,0,0,0,0.000000,0,stop,
20260903-223627-null,1,null,mock,null,v1,c9ff11afc1436a70,dff88c3a4526f8e2,fa7f7600,16,q-exhaustive-negotiated-annex,exhaustive,negation,string[],false,false,false,,false,0.0000,false,true,answered,not_in_evidence,"[""Tanaka Foods"",""Halcyon Media""]",,doc-022 slack-data-platform-017 slack-general-004 slack-general-007 slack-general-008 slack-general-009 slack-general-010,,0,0,true,8,5,0,0,0,0,0.000000,0,stop,
20260903-223627-null,1,null,mock,null,v1,c9ff11afc1436a70,dff88c3a4526f8e2,fa7f7600,16,q-exhaustive-oncall-may,exhaustive,same_name,string[],false,false,false,,false,0.0000,false,true,answered,not_in_evidence,"[""Ravi Iyer"",""Elena Sokolova"",""Ravi Menon""]",,slack-infra-012 slack-infra-020 slack-infra-021,,0,0,true,8,5,0,0,0,0,0.000000,0,stop,
20260903-223627-null,1,null,mock,null,v1,c9ff11afc1436a70,dff88c3a4526f8e2,fa7f7600,16,q-exhaustive-postmortems-written,exhaustive,,string[],false,false,false,,false,0.0000,false,true,answered,not_in_evidence,"[""Priya Raman"",""Diego Alvarez"",""Elena Sokolova""]",,doc-028 doc-039 slack-incidents-016,,0,0,true,8,5,0,0,0,0,0.000000,0,stop,
20260903-223627-null,1,null,mock,null,v1,c9ff11afc1436a70,dff88c3a4526f8e2,fa7f7600,16,q-exhaustive-premium-customers,exhaustive,superseded,string[],false,false,false,,false,0.0000,false,true,answered,not_in_evidence,"[""Orso Retail"",""Kestrel Health""]",,doc-016 slack-sales-025 slack-sales-029 slack-sales-030 slack-sales-031 slack-sales-035,,0,0,true,8,5,0,0,0,0,0.000000,0,stop,
20260903-223627-null,1,null,mock,null,v1,c9ff11afc1436a70,dff88c3a4526f8e2,fa7f7600,16,q-exhaustive-q1-purchase-orders,exhaustive,negation,string[],false,false,false,,false,0.0000,false,true,answered,not_in_evidence,"[""PO-90114"",""PO-90115"",""PO-90117""]",,slack-general-056 slack-general-057 slack-general-058,,0,0,true,7,5,0,0,0,0,0.000000,0,stop,
20260903-223627-null,1,null,mock,null,v1,c9ff11afc1436a70,dff88c3a4526f8e2,fa7f7600,16,q-exhaustive-regions-offered,exhaustive,proposal,string[],false,false,false,,false,0.0000,false,true,answered,not_in_evidence,"[""eu-west"",""us-east"",""ap-south""]",,doc-008 slack-data-platform-015 slack-data-platform-016,,0,0,true,8,6,0,0,0,0,0.000000,0,stop,
20260903-223627-null,1,null,mock,null,v1,c9ff11afc1436a70,dff88c3a4526f8e2,fa7f7600,16,q-exhaustive-relay-connectors,exhaustive,superseded negation,string[],false,false,false,,false,0.0000,false,true,answered,not_in_evidence,"[""Kestrel Health"",""Orso Retail"",""Halcyon Media""]",,slack-eng-relay-066 slack-eng-relay-067 slack-eng-relay-068,,0,0,true,7,4,0,0,0,0,0.000000,0,stop,
20260903-223627-null,1,null,mock,null,v1,c9ff11afc1436a70,dff88c3a4526f8e2,fa7f7600,16,q-exhaustive-relay-stages,exhaustive,planned_vs_done,string[],false,false,false,,false,0.0000,false,true,answered,not_in_evidence,"[""fetch"",""normalise"",""validate"",""load""]",,doc-010 slack-eng-relay-036 slack-eng-relay-037 slack-eng-relay-048,,0,0,true,7,5,0,0,0,0,0.000000,0,stop,
20260903-223627-null,1,null,mock,null,v1,c9ff11afc1436a70,dff88c3a4526f8e2,fa7f7600,16,q-exhaustive-sandbox-regions,exhaustive,negation superseded,string[],false,false,false,,false,0.0000,false,true,answered,not_in_evidence,"[""eu-west"",""us-east""]",,slack-infra-050 slack-infra-051 slack-infra-052,,0,0,true,8,6,0,0,0,0,0.000000,0,stop,
20260903-223627-null,1,null,mock,null,v1,c9ff11afc1436a70,dff88c3a4526f8e2,fa7f7600,16,q-exhaustive-security-signoff,exhaustive,negation same_name,string[],false,false,false,,false,0.0000,false,true,answered,not_in_evidence,"[""Yusuf Demir"",""Ingrid Halvorsen""]",,slack-security-030 slack-security-031 slack-security-032,,0,0,true,8,5,0,0,0,0,0.000000,0,stop,
20260903-223627-null,1,null,mock,null,v1,c9ff11afc1436a70,dff88c3a4526f8e2,fa7f7600,16,q-exhaustive-sub-processors,exhaustive,proposal,string[],false,false,false,,false,0.0000,false,true,answered,not_in_evidence,"[""Nordhaven"",""Steinfeld"",""Lumen Mail""]",,slack-general-011 slack-general-012 slack-general-013 slack-general-033 slack-general-039,,0,0,true,7,4,0,0,0,0,0.000000,0,stop,
20260903-223627-null,1,null,mock,null,v1,c9ff11afc1436a70,dff88c3a4526f8e2,fa7f7600,16,q-exhaustive-tools-renewed,exhaustive,planned_vs_done,string[],false,false,false,,false,0.0000,false,true,answered,not_in_evidence,"[""Tidemark"",""Beacon"",""Lantern""]",,slack-general-014 slack-general-015 slack-general-016,,0,0,true,7,5,0,0,0,0,0.000000,0,stop,
20260903-223627-null,1,null,mock,null,v1,c9ff11afc1436a70,dff88c3a4526f8e2,fa7f7600,16,q-join-acceptance-port,join,scope,number,false,false,false,,false,0.0000,false,true,answered,not_in_evidence,8445,,slack-release-021 doc-060,,0,0,true,9,6,0,0,0,0,0.000000,0,stop,
20260903-223627-null,1,null,mock,null,v1,c9ff11afc1436a70,dff88c3a4526f8e2,fa7f7600,16,q-join-badge-holder,join,same_name,string,false,false,false,,false,0.0000,false,true,answered,not_in_evidence,Ravi Iyer,,doc-026 slack-infra-015 slack-infra-022 slack-infra-029,,0,0,true,8,5,0,0,0,0,0.000000,0,stop,
20260903-223627-null,1,null,mock,null,v1,c9ff11afc1436a70,dff88c3a4526f8e2,fa7f7600,16,q-join-beacon-po,join,unit,number,false,false,false,,false,0.0000,false,true,answered,not_in_evidence,9600,,slack-general-060 email-039,,0,0,true,7,5,0,0,0,0,0.000000,0,stop,
20260903-223627-null,1,null,mock,null,v1,c9ff11afc1436a70,dff88c3a4526f8e2,fa7f7600,16,q-join-brightline-owner,join,same_name,string,false,false,false,,false,0.0000,false,true,answered,not_in_evidence,Anna Brandt,,issue-wrn-4815 slack-sales-050,,0,0,true,8,6,0,0,0,0,0.000000,0,stop,
20260903-223627-null,1,null,mock,null,v1,c9ff11afc1436a70,dff88c3a4526f8e2,fa7f7600,16,q-join-brightline-renewal,join,,date,false,false,false,,false,0.0000,false,true,answered,not_in_evidence,2027-11-30,,issue-wrn-4425 slack-sales-024,,0,0,true,8,6,0,0,0,0,0.000000,0,stop,
20260903-223627-null,1,null,mock,null,v1,c9ff11afc1436a70,dff88c3a4526f8e2,fa7f7600,16,q-join-component-team,join,,string,false,false,false,,false,0.0000,false,true,answered,not_in_evidence,the relay team,,slack-eng-relay-029 doc-013,,0,0,true,9,6,0,0,0,0,0.000000,0,stop,
20260903-223627-null,1,null,mock,null,v1,c9ff11afc1436a70,dff88c3a4526f8e2,fa7f7600,16,q-join-contract-signer,join,,string,false,false,false,,false,0.0000,false,true,answered,not_in_evidence,Ingrid Halvorsen,,doc-012 slack-general-001,,0,0,true,9,6,0,0,0,0,0.000000,0,stop,
20260903-223627-null,1,null,mock,null,v1,c9ff11afc1436a70,dff88c3a4526f8e2,fa7f7600,16,q-join-dc-provider,join,,string,false,false,false,,false,0.0000,false,true,answered,not_in_evidence,Nordhaven,,doc-014 slack-infra-011 slack-infra-013 slack-infra-014,,0,0,true,8,6,0,0,0,0,0.000000,0,stop,
20260903-223627-null,1,null,mock,null,v1,c9ff11afc1436a70,dff88c3a4526f8e2,fa7f7600,16,q-join-deploy-window,join,,string,false,false,false,,false,0.0000,false,true,answered,not_in_evidence,Tuesday,,doc-027 slack-eng-relay-030 slack-infra-027,,0,0,true,7,5,0,0,0,0,0.000000,0,stop,
20260903-223627-null,1,null,mock,null,v1,c9ff11afc1436a70,dff88c3a4526f8e2,fa7f7600,16,q-join-halcyon-owner,join,same_name,string,false,false,false,,false,0.0000,false,true,answered,not_in_evidence,Anna Brandt,,issue-wrn-4318 slack-sales-022,,0,0,true,7,4,0,0,0,0,0.000000,0,stop,
20260903-223627-null,1,null,mock,null,v1,c9ff11afc1436a70,dff88c3a4526f8e2,fa7f7600,16,q-join-kestrel-region,join,,string,false,false,false,,false,0.0000,false,true,answered,not_in_evidence,eu-west,,issue-wrn-4265 slack-data-platform-007 slack-data-platform-019,,0,0,true,8,5,0,0,0,0,0.000000,0,stop,
20260903-223627-null,1,null,mock,null,v1,c9ff11afc1436a70,dff88c3a4526f8e2,fa7f7600,16,q-join-lb-swap-utc,join,relative_date timezone,time,false,false,false,,false,0.0000,false,true,answered,not_in_evidence,23:00,,slack-infra-038 slack-infra-039,,0,0,true,7,5,0,0,0,0,0.000000,0,stop,
20260903-223627-null,1,null,mock,null,v1,c9ff11afc1436a70,dff88c3a4526f8e2,fa7f7600,16,q-join-meridian-escalation,join,same_name,string,false,false,false,,false,0.0000,false,true,answered,not_in_evidence,Ravi Menon,,issue-wrn-4210 slack-support-016,,0,0,true,8,6,0,0,0,0,0.000000,0,stop,
20260903-223627-null,1,null,mock,null,v1,c9ff11afc1436a70,dff88c3a4526f8e2,fa7f7600,16,q-join-northwind-audit,join,,date,false,false,false,,false,0.0000,false,true,answered,not_in_evidence,2027-09-01,,issue-wrn-4501 doc-011,,0,0,true,7,5,0,0,0,0,0.000000,0,stop,
20260903-223627-null,1,null,mock,null,v1,c9ff11afc1436a70,dff88c3a4526f8e2,fa7f7600,16,q-join-orso-tier,join,,string,false,false,false,,false,0.0000,false,true,answered,not_in_evidence,premium,,issue-wrn-4533 slack-sales-025 slack-sales-029 slack-sales-030,,0,0,true,8,5,0,0,0,0,0.000000,0,stop,
20260903-223627-null,1,null,mock,null,v1,c9ff11afc1436a70,dff88c3a4526f8e2,fa7f7600,16,q-join-pentest-landed,join,relative_date planned_vs_done,date,false,false,false,,false,0.0000,false,true,answered,not_in_evidence,2027-03-25,,slack-sales-041 slack-sales-042,,0,0,true,8,6,0,0,0,0,0.000000,0,stop,
20260903-223627-null,1,null,mock,null,v1,c9ff11afc1436a70,dff88c3a4526f8e2,fa7f7600,16,q-join-po-amount,join,unit,number,false,false,false,,false,0.0000,false,true,answered,not_in_evidence,14400,,slack-general-002 email-024,,0,0,true,7,5,0,0,0,0,0.000000,0,stop,
20260903-223627-null,1,null,mock,null,v1,c9ff11afc1436a70,dff88c3a4526f8e2,fa7f7600,16,q-join-postmortem-author,join,,string,false,false,false,,false,0.0000,false,true,answered,not_in_evidence,Diego Alvarez,,doc-028 doc-055 slack-incidents-008,,0,0,true,6,4,0,0,0,0,0.000000,0,stop,
20260903-223627-null,1,null,mock,null,v1,c9ff11afc1436a70,dff88c3a4526f8e2,fa7f7600,16,q-join-queue-owner,join,keyword,string,false,false,false,,false,0.0000,false,true,answered,not_in_evidence,the relay team,,doc-013 doc-032 slack-eng-relay-031,,0,0,true,8,6,0,0,0,0,0.000000,0,stop,
20260903-223627-null,1,null,mock,null,v1,c9ff11afc1436a70,dff88c3a4526f8e2,fa7f7600,16,q-join-report-recipient,join,same_name,string,false,false,false,,false,0.0000,false,true,answered,not_in_evidence,Ingrid Halvorsen,,slack-support-045 slack-general-059,,0,0,true,8,5,0,0,0,0,0.000000,0,stop,
20260903-223627-null,1,null,mock,null,v1,c9ff11afc1436a70,dff88c3a4526f8e2,fa7f7600,16,q-join-runbook-owner,join,keyword,string,false,false,false,,false,0.0000,false,true,answered,not_in_evidence,Diego Alvarez,,slack-incidents-007 doc-015,,0,0,true,9,6,0,0,0,0,0.000000,0,stop,
20260903-223627-null,1,null,mock,null,v1,c9ff11afc1436a70,dff88c3a4526f8e2,fa7f7600,16,q-join-shard-approver,join,same_name,string,false,false,false,,false,0.0000,false,true,answered,not_in_evidence,Ravi Iyer,,slack-data-platform-033 slack-data-platform-034,,0,0,true,8,6,0,0,0,0,0.000000,0,stop,
20260903-223627-null,1,null,mock,null,v1,c9ff11afc1436a70,dff88c3a4526f8e2,fa7f7600,16,q-join-store-runbook,join,,string,false,false,false,,false,0.0000,false,true,answered,not_in_evidence,Elena Sokolova,,slack-data-platform-031 slack-data-platform-032,,0,0,true,9,6,0,0,0,0,0.000000,0,stop,
20260903-223627-null,1,null,mock,null,v1,c9ff11afc1436a70,dff88c3a4526f8e2,fa7f7600,16,q-join-tanaka-language,join,negation,string,false,false,false,,false,0.0000,false,true,answered,not_in_evidence,English,,issue-wrn-4460 slack-support-018,,0,0,true,7,5,0,0,0,0,0.000000,0,stop,
20260903-223627-null,1,null,mock,null,v1,c9ff11afc1436a70,dff88c3a4526f8e2,fa7f7600,16,q-join-thread-decision,join,keyword,string,false,false,false,,false,0.0000,false,true,answered,not_in_evidence,Priya Raman,,slack-eng-core-005 slack-eng-core-006,,0,0,true,7,4,0,0,0,0,0.000000,0,stop,
20260903-223627-null,1,null,mock,null,v1,c9ff11afc1436a70,dff88c3a4526f8e2,fa7f7600,16,q-join-training-language,join,format,string,false,false,false,,false,0.0000,false,true,answered,not_in_evidence,German,,slack-dach-015 slack-dach-016,,0,0,true,7,4,0,0,0,0,0.000000,0,stop,
20260903-223627-null,1,null,mock,null,v1,c9ff11afc1436a70,dff88c3a4526f8e2,fa7f7600,16,q-join-training-owner,join,same_name,string,false,false,false,,false,0.0000,false,true,answered,not_in_evidence,Ravi Menon,,slack-support-020 doc-029,,0,0,true,8,5,0,0,0,0,0.000000,0,stop,
20260903-223627-null,1,null,mock,null,v1,c9ff11afc1436a70,dff88c3a4526f8e2,fa7f7600,16,q-join-vendor-renewal,join,,date,false,false,false,,false,0.0000,false,true,answered,not_in_evidence,2027-12-01,,doc-030 doc-031,,0,0,true,9,6,0,0,0,0,0.000000,0,stop,
20260903-223627-null,1,null,mock,null,v1,c9ff11afc1436a70,dff88c3a4526f8e2,fa7f7600,16,q-join-verity-invoice,join,,string,false,false,false,,false,0.0000,false,true,answered,not_in_evidence,PO-88214,,issue-wrn-4390 email-023,,0,0,true,9,6,0,0,0,0,0.000000,0,stop,
20260903-223627-null,1,null,mock,null,v1,c9ff11afc1436a70,dff88c3a4526f8e2,fa7f7600,16,q-join-verity-region,join,keyword,string,false,false,false,,false,0.0000,false,true,answered,not_in_evidence,us-east,,issue-wrn-4802 slack-data-platform-030,,0,0,true,8,6,0,0,0,0,0.000000,0,stop,
20260903-223627-null,1,null,mock,null,v1,c9ff11afc1436a70,dff88c3a4526f8e2,fa7f7600,16,q-lookup-41-shipped,lookup,planned_vs_done,date,false,false,false,,false,0.0000,false,true,answered,not_in_evidence,2027-01-27,,slack-release-013,,0,0,true,9,6,0,0,0,0,0.000000,0,stop,
20260903-223627-null,1,null,mock,null,v1,c9ff11afc1436a70,dff88c3a4526f8e2,fa7f7600,16,q-lookup-4102-rate,lookup,keyword statement_shaped_question,number,false,false,false,,false,0.0000,false,true,answered,not_in_evidence,3,,issue-wrn-4102,,0,0,true,7,5,0,0,0,0,0.000000,0,stop,
20260903-223627-null,1,null,mock,null,v1,c9ff11afc1436a70,dff88c3a4526f8e2,fa7f7600,16,q-lookup-admin-auth,lookup,negation proposal statement_shaped_question,string,false,false,false,,false,0.0000,false,true,answered,not_in_evidence,mTLS client certificate,,slack-eng-core-004,,0,0,true,8,5,0,0,0,0,0.000000,0,stop,
20260903-223627-null,1,null,mock,null,v1,c9ff11afc1436a70,dff88c3a4526f8e2,fa7f7600,16,q-lookup-april-window,lookup,timezone,time,false,false,false,,false,0.0000,false,true,answered,not_in_evidence,20:00,,slack-infra-035,,0,0,true,8,5,0,0,0,0,0.000000,0,stop,
20260903-223627-null,1,null,mock,null,v1,c9ff11afc1436a70,dff88c3a4526f8e2,fa7f7600,16,q-lookup-backfill-rate,lookup,chunk_split unit,number,false,false,false,,false,0.0000,false,true,answered,not_in_evidence,200,,doc-046,,0,0,true,7,5,0,0,0,0,0.000000,0,stop,
20260903-223627-null,1,null,mock,null,v1,c9ff11afc1436a70,dff88c3a4526f8e2,fa7f7600,16,q-lookup-bodysize,lookup,proposal unit statement_shaped_question,number,false,false,false,,false,0.0000,false,true,answered,not_in_evidence,8,,slack-eng-core-002,,0,0,true,8,5,0,0,0,0,0.000000,0,stop,
20260903-223627-null,1,null,mock,null,v1,c9ff11afc1436a70,dff88c3a4526f8e2,fa7f7600,16,q-lookup-breach-hours,lookup,chunk_split negation,number,false,false,false,,false,0.0000,false,true,answered,not_in_evidence,72,,doc-008,,0,0,true,7,4,0,0,0,0,0.000000,0,stop,
20260903-223627-null,1,null,mock,null,v1,c9ff11afc1436a70,dff88c3a4526f8e2,fa7f7600,16,q-lookup-build-owner,lookup,same_name retraction,string,false,false,false,,false,0.0000,false,true,answered,not_in_evidence,Ravi Iyer,,slack-infra-007,,0,0,true,6,4,0,0,0,0,0.000000,0,stop,
20260903-223627-null,1,null,mock,null,v1,c9ff11afc1436a70,dff88c3a4526f8e2,fa7f7600,16,q-lookup-credit-ceiling,lookup,chunk_split negation keyword format,number,false,false,false,,false,0.0000,false,true,answered,not_in_evidence,500,,doc-044,,0,0,true,8,5,0,0,0,0,0.000000,0,stop,
20260903-223627-null,1,null,mock,null,v1,c9ff11afc1436a70,dff88c3a4526f8e2,fa7f7600,16,q-lookup-dach-oncall,lookup,format quoted_email,string,false,false,false,,false,0.0000,false,true,answered,not_in_evidence,Hannah Fischer,,slack-support-015,,0,0,true,7,4,0,0,0,0,0.000000,0,stop,
20260903-223627-null,1,null,mock,null,v1,c9ff11afc1436a70,dff88c3a4526f8e2,fa7f7600,16,q-lookup-deletion-days,lookup,chunk_split keyword,number,false,false,false,,false,0.0000,false,true,answered,not_in_evidence,14,,doc-008,,0,0,true,7,5,0,0,0,0,0.000000,0,stop,
20260903-223627-null,1,null,mock,null,v1,c9ff11afc1436a70,dff88c3a4526f8e2,fa7f7600,16,q-lookup-deploy-berlin,lookup,timezone,time,false,false,false,,false,0.0000,false,true,answered,not_in_evidence,08:00,,slack-eng-palisade-030,,0,0,true,8,6,0,0,0,0,0.000000,0,stop,
20260903-223627-null,1,null,mock,null,v1,c9ff11afc1436a70,dff88c3a4526f8e2,fa7f7600,16,q-lookup-disclosure-mailbox,lookup,statement_shaped_question retraction,string,false,false,false,,false,0.0000,false,true,answered,not_in_evidence,security-reports@wrenfield.example,,slack-security-011,,0,0,true,8,5,0,0,0,0,0.000000,0,stop,
20260903-223627-null,1,null,mock,null,v1,c9ff11afc1436a70,dff88c3a4526f8e2,fa7f7600,16,q-lookup-drain-timeout,lookup,chunk_split unit keyword,number,false,false,false,,false,0.0000,false,true,answered,not_in_evidence,120,,doc-009,,0,0,true,9,6,0,0,0,0,0.000000,0,stop,
20260903-223627-null,1,null,mock,null,v1,c9ff11afc1436a70,dff88c3a4526f8e2,fa7f7600,16,q-lookup-first-update,lookup,chunk_split keyword statement_shaped_question,number,false,false,false,,false,0.0000,false,true,answered,not_in_evidence,20,,doc-007,,0,0,true,8,5,0,0,0,0,0.000000,0,stop,
20260903-223627-null,1,null,mock,null,v1,c9ff11afc1436a70,dff88c3a4526f8e2,fa7f7600,16,q-lookup-freeze-start,lookup,format proposal,date,false,false,false,,false,0.0000,false,true,answered,not_in_evidence,2027-07-19,,mtg-007,,0,0,true,8,5,0,0,0,0,0.000000,0,stop,
20260903-223627-null,1,null,mock,null,v1,c9ff11afc1436a70,dff88c3a4526f8e2,fa7f7600,16,q-lookup-ga-date,lookup,retraction planned_vs_done quoted_email,date,false,false,false,,false,0.0000,false,true,answered,not_in_evidence,2027-05-18,,email-020,,0,0,true,8,6,0,0,0,0,0.000000,0,stop,
20260903-223627-null,1,null,mock,null,v1,c9ff11afc1436a70,dff88c3a4526f8e2,fa7f7600,16,q-lookup-healthpath,lookup,keyword statement_shaped_question proposal,string,false,false,false,,false,0.0000,false,true,answered,not_in_evidence,/healthz/gateway,,slack-eng-palisade-024,,0,0,true,7,4,0,0,0,0,0.000000,0,stop,
20260903-223627-null,1,null,mock,null,v1,c9ff11afc1436a70,dff88c3a4526f8e2,fa7f7600,16,q-lookup-incident-review,lookup,timezone format,time,false,false,false,,false,0.0000,false,true,answered,not_in_evidence,14:30,,mtg-009,,0,0,true,6,4,0,0,0,0,0.000000,0,stop,
20260903-223627-null,1,null,mock,null,v1,c9ff11afc1436a70,dff88c3a4526f8e2,fa7f7600,16,q-lookup-ingest-timeout,lookup,unit proposal,number,false,false,false,,false,0.0000,false,true,answered,not_in_evidence,90,,slack-eng-relay-027,,0,0,true,8,5,0,0,0,0,0.000000,0,stop,
20260903-223627-null,1,null,mock,null,v1,c9ff11afc1436a70,dff88c3a4526f8e2,fa7f7600,16,q-lookup-legal-entity,lookup,quoted_email proposal,string,false,false,false,,false,0.0000,false,true,answered,not_in_evidence,Wrenfield Technologies GmbH,,email-021,,0,0,true,8,6,0,0,0,0,0.000000,0,stop,
20260903-223627-null,1,null,mock,null,v1,c9ff11afc1436a70,dff88c3a4526f8e2,fa7f7600,16,q-lookup-migration-done,lookup,planned_vs_done format,date,false,false,false,,false,0.0000,false,true,answered,not_in_evidence,2027-04-16,,slack-infra-009 slack-infra-034,,0,0,true,8,5,0,0,0,0,0.000000,0,stop,
20260903-223627-null,1,null,mock,null,v1,c9ff11afc1436a70,dff88c3a4526f8e2,fa7f7600,16,q-lookup-min-edge-nodes,lookup,chunk_split,number,false,false,false,,false,0.0000,false,true,answered,not_in_evidence,4,,doc-009,,0,0,true,8,6,0,0,0,0,0.000000,0,stop,
20260903-223627-null,1,null,mock,null,v1,c9ff11afc1436a70,dff88c3a4526f8e2,fa7f7600,16,q-lookup-old-cert-days,lookup,chunk_split proposal,number,false,false,false,,false,0.0000,false,true,answered,not_in_evidence,30,,doc-043,,0,0,true,7,4,0,0,0,0,0.000000,0,stop,
20260903-223627-null,1,null,mock,null,v1,c9ff11afc1436a70,dff88c3a4526f8e2,fa7f7600,16,q-lookup-orso-address,lookup,format keyword quoted_email,string,false,false,false,,false,0.0000,false,true,answered,not_in_evidence,"Viale Monza 44, Mailand",,slack-dach-003,,0,0,true,7,4,0,0,0,0,0.000000,0,stop,
20260903-223627-null,1,null,mock,null,v1,c9ff11afc1436a70,dff88c3a4526f8e2,fa7f7600,16,q-lookup-outage-unaffected,lookup,negation,string,false,false,false,,false,0.0000,false,true,answered,not_in_evidence,ap-south,,slack-incidents-006,,0,0,true,8,5,0,0,0,0,0.000000,0,stop,
20260903-223627-null,1,null,mock,null,v1,c9ff11afc1436a70,dff88c3a4526f8e2,fa7f7600,16,q-lookup-port,lookup,format scope retraction,number,false,false,false,,false,0.0000,false,true,answered,not_in_evidence,8443,,doc-006,,0,0,true,7,5,0,0,0,0,0.000000,0,stop,
20260903-223627-null,1,null,mock,null,v1,c9ff11afc1436a70,dff88c3a4526f8e2,fa7f7600,16,q-lookup-relay-buffer,lookup,chunk_split same_name statement_shaped_question,number,false,false,false,,false,0.0000,false,true,answered,not_in_evidence,50000,,doc-010,,0,0,true,6,4,0,0,0,0,0.000000,0,stop,
20260903-223627-null,1,null,mock,null,v1,c9ff11afc1436a70,dff88c3a4526f8e2,fa7f7600,16,q-lookup-relay-fetch,lookup,chunk_split,string,false,false,false,,false,0.0000,false,true,answered,not_in_evidence,fetch,,doc-010,,0,0,true,7,5,0,0,0,0,0.000000,0,stop,
20260903-223627-null,1,null,mock,null,v1,c9ff11afc1436a70,dff88c3a4526f8e2,fa7f7600,16,q-lookup-replicas,lookup,scope proposal,number,false,false,false,,false,0.0000,false,true,answered,not_in_evidence,12,,slack-infra-008,,0,0,true,9,6,0,0,0,0,0.000000,0,stop,
20260903-223627-null,1,null,mock,null,v1,c9ff11afc1436a70,dff88c3a4526f8e2,fa7f7600,16,q-lookup-review-finished,lookup,planned_vs_done quoted_email,date,false,false,false,,false,0.0000,false,true,answered,not_in_evidence,2027-04-27,,email-029,,0,0,true,8,5,0,0,0,0,0.000000,0,stop,
20260903-223627-null,1,null,mock,null,v1,c9ff11afc1436a70,dff88c3a4526f8e2,fa7f7600,16,q-lookup-rotation-window,lookup,chunk_split timezone,time,false,false,false,,false,0.0000,false,true,answered,not_in_evidence,01:00,,doc-043,,0,0,true,9,6,0,0,0,0,0.000000,0,stop,
20260903-223627-null,1,null,mock,null,v1,c9ff11afc1436a70,dff88c3a4526f8e2,fa7f7600,16,q-lookup-scribe,lookup,chunk_split keyword,number,false,false,false,,false,0.0000,false,true,answered,not_in_evidence,30,,doc-007,,0,0,true,8,5,0,0,0,0,0.000000,0,stop,
20260903-223627-null,1,null,mock,null,v1,c9ff11afc1436a70,dff88c3a4526f8e2,fa7f7600,16,q-lookup-soak-hours,lookup,chunk_split planned_vs_done statement_shaped_question,number,false,false,false,,false,0.0000,false,true,answered,not_in_evidence,48,,doc-045,,0,0,true,7,5,0,0,0,0,0.000000,0,stop,
20260903-223627-null,1,null,mock,null,v1,c9ff11afc1436a70,dff88c3a4526f8e2,fa7f7600,16,q-lookup-sync-time,lookup,timezone proposal statement_shaped_question,time,false,false,false,,false,0.0000,false,true,answered,not_in_evidence,15:00,,slack-eng-core-001,,0,0,true,8,5,0,0,0,0,0.000000,0,stop,
20260903-223627-null,1,null,mock,null,v1,c9ff11afc1436a70,dff88c3a4526f8e2,fa7f7600,16,q-lookup-us-shift,lookup,timezone scope,time,false,false,false,,false,0.0000,false,true,answered,not_in_evidence,09:00,,slack-support-036,,0,0,true,7,5,0,0,0,0,0.000000,0,stop,
20260903-223627-null,1,null,mock,null,v1,c9ff11afc1436a70,dff88c3a4526f8e2,fa7f7600,16,q-lookup-verity-upgrade-date,lookup,quoted_email same_name,date,false,false,false,,false,0.0000,false,true,answered,not_in_evidence,2027-04-13,,email-030,,0,0,true,8,5,0,0,0,0,0.000000,0,stop,
20260903-223627-null,1,null,mock,null,v1,c9ff11afc1436a70,dff88c3a4526f8e2,fa7f7600,16,q-multihop-43-branch,multihop,relative_date quoted_email,date,false,false,false,,false,0.0000,false,true,answered,not_in_evidence,2027-06-18,,email-032 email-033 slack-release-014,,0,0,true,8,5,0,0,0,0,0.000000,0,stop,
20260903-223627-null,1,null,mock,null,v1,c9ff11afc1436a70,dff88c3a4526f8e2,fa7f7600,16,q-multihop-apsouth-support,multihop,negation,string,false,false,false,,false,0.0000,false,true,answered,not_in_evidence,the European shift,,doc-019 doc-038 slack-support-022 slack-support-023,,0,0,true,6,3,0,0,0,0,0.000000,0,stop,
20260903-223627-null,1,null,mock,null,v1,c9ff11afc1436a70,dff88c3a4526f8e2,fa7f7600,16,q-multihop-audit-log-retention,multihop,,number,false,false,false,,false,0.0000,false,true,answered,not_in_evidence,180,,slack-data-platform-002 slack-data-platform-011 slack-data-platform-012 slack-eng-core-008,,0,0,true,8,5,0,0,0,0,0.000000,0,stop,
20260903-223627-null,1,null,mock,null,v1,c9ff11afc1436a70,dff88c3a4526f8e2,fa7f7600,16,q-multihop-brightline-notice,multihop,,number,false,false,false,,false,0.0000,false,true,answered,not_in_evidence,10,,mtg-008 slack-security-013 slack-security-014 slack-security-018,,0,0,true,8,5,0,0,0,0,0.000000,0,stop,
20260903-223627-null,1,null,mock,null,v1,c9ff11afc1436a70,dff88c3a4526f8e2,fa7f7600,16,q-multihop-cert-provider-contact,multihop,keyword,string,false,false,false,,false,0.0000,false,true,answered,not_in_evidence,Omar Haddad,,slack-data-platform-010 slack-infra-013 slack-infra-014,,0,0,true,7,5,0,0,0,0,0.000000,0,stop,
20260903-223627-null,1,null,mock,null,v1,c9ff11afc1436a70,dff88c3a4526f8e2,fa7f7600,16,q-multihop-connector-approval,multihop,superseded,string,false,false,false,,false,0.0000,false,true,answered,not_in_evidence,Lukas Fenn,,slack-eng-relay-070 slack-eng-relay-071 slack-eng-relay-067,,0,0,true,8,5,0,0,0,0,0.000000,0,stop,
20260903-223627-null,1,null,mock,null,v1,c9ff11afc1436a70,dff88c3a4526f8e2,fa7f7600,16,q-multihop-connector-notice,multihop,negation,number,false,false,false,,false,0.0000,false,true,answered,not_in_evidence,60,,slack-general-063 slack-general-064 slack-eng-relay-067,,0,0,true,7,5,0,0,0,0,0.000000,0,stop,
20260903-223627-null,1,null,mock,null,v1,c9ff11afc1436a70,dff88c3a4526f8e2,fa7f7600,16,q-multihop-dach-invoice-language,multihop,format,string,false,false,false,,false,0.0000,false,true,answered,not_in_evidence,Italian,,slack-dach-004 slack-general-005 doc-035,,0,0,true,8,6,0,0,0,0,0.000000,0,stop,
20260903-223627-null,1,null,mock,null,v1,c9ff11afc1436a70,dff88c3a4526f8e2,fa7f7600,16,q-multihop-escalation-ladder,multihop,,string,false,false,false,,false,0.0000,false,true,answered,not_in_evidence,Tomas Ruiz,,slack-incidents-009 slack-eng-core-009 doc-034,,0,0,true,9,6,0,0,0,0,0.000000,0,stop,
20260903-223627-null,1,null,mock,null,v1,c9ff11afc1436a70,dff88c3a4526f8e2,fa7f7600,16,q-multihop-freeze-exception,multihop,,string,false,false,false,,false,0.0000,false,true,answered,not_in_evidence,Tomas Ruiz,,slack-eng-core-007 doc-024 doc-025,,0,0,true,8,5,0,0,0,0,0.000000,0,stop,
20260903-223627-null,1,null,mock,null,v1,c9ff11afc1436a70,dff88c3a4526f8e2,fa7f7600,16,q-multihop-freeze-security,multihop,negation,boolean,false,false,false,,false,0.0000,false,true,answered,not_in_evidence,false,,doc-024 slack-eng-core-011 slack-eng-core-012 slack-eng-core-013 slack-eng-core-014 slack-eng-core-018 slack-eng-core-020 slack-security-015,,0,0,true,7,4,0,0,0,0,0.000000,0,stop,
20260903-223627-null,1,null,mock,null,v1,c9ff11afc1436a70,dff88c3a4526f8e2,fa7f7600,16,q-multihop-gateway-cert-owner,multihop,keyword,string,false,false,false,,false,0.0000,false,true,answered,not_in_evidence,the platform team,,slack-incidents-010 slack-infra-016 slack-eng-core-010,,0,0,true,8,5,0,0,0,0,0.000000,0,stop,
20260903-223627-null,1,null,mock,null,v1,c9ff11afc1436a70,dff88c3a4526f8e2,fa7f7600,16,q-multihop-halcyon-region-support,multihop,,string,false,false,false,,false,0.0000,false,true,answered,not_in_evidence,US business hours,,slack-data-platform-009 doc-019 slack-support-019,,0,0,true,7,5,0,0,0,0,0.000000,0,stop,
20260903-223627-null,1,null,mock,null,v1,c9ff11afc1436a70,dff88c3a4526f8e2,fa7f7600,16,q-multihop-invoice-approver,multihop,,string,false,false,false,,false,0.0000,false,true,answered,not_in_evidence,Marta Nowak,,doc-020 doc-021 doc-037 slack-general-003,,0,0,true,8,5,0,0,0,0,0.000000,0,stop,
20260903-223627-null,1,null,mock,null,v1,c9ff11afc1436a70,dff88c3a4526f8e2,fa7f7600,16,q-multihop-kestrel-breach-clock,multihop,scope,number,false,false,false,,false,0.0000,false,true,answered,not_in_evidence,72,,doc-008 slack-data-platform-013 slack-data-platform-014 slack-general-007 slack-general-020,,0,0,true,8,5,0,0,0,0,0.000000,0,stop,
20260903-223627-null,1,null,mock,null,v1,c9ff11afc1436a70,dff88c3a4526f8e2,fa7f7600,16,q-multihop-kestrel-sla,multihop,,number,false,false,false,,false,0.0000,false,true,answered,not_in_evidence,30,,doc-016 doc-017 doc-033 slack-sales-026,,0,0,true,7,4,0,0,0,0,0.000000,0,stop,
20260903-223627-null,1,null,mock,null,v1,c9ff11afc1436a70,dff88c3a4526f8e2,fa7f7600,16,q-multihop-meridian-response,multihop,superseded,number,false,false,false,,false,0.0000,false,true,answered,not_in_evidence,15,,doc-017 doc-033 slack-sales-027 slack-support-021,,0,0,true,6,4,0,0,0,0,0.000000,0,stop,
20260903-223627-null,1,null,mock,null,v1,c9ff11afc1436a70,dff88c3a4526f8e2,fa7f7600,16,q-multihop-nordhaven-capacity,multihop,,number,false,false,false,,false,0.0000,false,true,answered,not_in_evidence,4,,doc-009 slack-infra-017 slack-infra-018 slack-infra-019 slack-infra-030,,0,0,true,8,5,0,0,0,0,0.000000,0,stop,
20260903-223627-null,1,null,mock,null,v1,c9ff11afc1436a70,dff88c3a4526f8e2,fa7f7600,16,q-multihop-northwind-oncall,multihop,same_name,string,false,false,false,,false,0.0000,false,true,answered,not_in_evidence,Ravi Iyer,,slack-eng-palisade-025 doc-018 slack-infra-012,,0,0,true,8,5,0,0,0,0,0.000000,0,stop,
20260903-223627-null,1,null,mock,null,v1,c9ff11afc1436a70,dff88c3a4526f8e2,fa7f7600,16,q-multihop-orso-invoice-language,multihop,negation format,string,false,false,false,,false,0.0000,false,true,answered,not_in_evidence,Italian,,slack-eng-relay-069 slack-general-061 slack-general-062,,0,0,true,8,5,0,0,0,0,0.000000,0,stop,
20260903-223627-null,1,null,mock,null,v1,c9ff11afc1436a70,dff88c3a4526f8e2,fa7f7600,16,q-multihop-orso-replay,multihop,superseded,string,false,false,false,,false,0.0000,false,true,answered,not_in_evidence,Lukas Fenn,,slack-eng-relay-033 slack-eng-relay-034 slack-eng-relay-035 slack-sales-029,,0,0,true,8,5,0,0,0,0,0.000000,0,stop,
20260903-223627-null,1,null,mock,null,v1,c9ff11afc1436a70,dff88c3a4526f8e2,fa7f7600,16,q-multihop-relay-maintenance,multihop,relative_date timezone,time,false,false,false,,false,0.0000,false,true,answered,not_in_evidence,01:00,,slack-eng-relay-049 slack-eng-relay-050 slack-eng-relay-051,,0,0,true,8,6,0,0,0,0,0.000000,0,stop,
20260903-223627-null,1,null,mock,null,v1,c9ff11afc1436a70,dff88c3a4526f8e2,fa7f7600,16,q-multihop-replay-approval,multihop,,string,false,false,false,,false,0.0000,false,true,answered,not_in_evidence,Lukas Fenn,,doc-036 slack-eng-relay-032 slack-eng-relay-033 slack-eng-relay-035,,0,0,true,8,6,0,0,0,0,0.000000,0,stop,
20260903-223627-null,1,null,mock,null,v1,c9ff11afc1436a70,dff88c3a4526f8e2,fa7f7600,16,q-multihop-report-language,multihop,format negation,string,false,false,false,,false,0.0000,false,true,answered,not_in_evidence,English,,slack-support-048 slack-support-045 slack-general-059,,0,0,true,8,6,0,0,0,0,0.000000,0,stop,
20260903-223627-null,1,null,mock,null,v1,c9ff11afc1436a70,dff88c3a4526f8e2,fa7f7600,16,q-multihop-sandbox-quota-region,multihop,negation,string[],false,false,false,,false,0.0000,false,true,answered,not_in_evidence,"[""eu-west"",""us-east""]",,slack-eng-palisade-050 slack-infra-051 slack-infra-052,,0,0,true,8,5,0,0,0,0,0.000000,0,stop,
20260903-223627-null,1,null,mock,null,v1,c9ff11afc1436a70,dff88c3a4526f8e2,fa7f7600,16,q-multihop-shard-page,multihop,same_name keyword,string,false,false,false,,false,0.0000,false,true,answered,not_in_evidence,Ravi Iyer,,slack-infra-055 slack-data-platform-033 slack-data-platform-034,,0,0,true,7,5,0,0,0,0,0.000000,0,stop,
20260903-223627-null,1,null,mock,null,v1,c9ff11afc1436a70,dff88c3a4526f8e2,fa7f7600,16,q-multihop-tanaka-notice,multihop,scope,number,false,false,false,,false,0.0000,false,true,answered,not_in_evidence,60,,doc-022 doc-023 slack-general-004 slack-general-019 slack-general-028,,0,0,true,8,5,0,0,0,0,0.000000,0,stop,
20260903-223627-null,1,null,mock,null,v1,c9ff11afc1436a70,dff88c3a4526f8e2,fa7f7600,16,q-multihop-training-signoff,multihop,same_name keyword,string,false,false,false,,false,0.0000,false,true,answered,not_in_evidence,Yusuf Demir,,slack-security-033 slack-security-034 slack-security-031,,0,0,true,8,6,0,0,0,0,0.000000,0,stop,
20260903-223627-null,1,null,mock,null,v1,c9ff11afc1436a70,dff88c3a4526f8e2,fa7f7600,16,q-multihop-verity-approver-chain,multihop,unit,string,false,false,false,,false,0.0000,false,true,answered,not_in_evidence,Marta Nowak,,doc-021 doc-037 slack-general-006 slack-sales-028,,0,0,true,8,6,0,0,0,0,0.000000,0,stop,
20260903-223627-null,1,null,mock,null,v1,c9ff11afc1436a70,dff88c3a4526f8e2,fa7f7600,16,q-multihop-verity-shift,multihop,negation,string,false,false,false,,false,0.0000,false,true,answered,not_in_evidence,the US shift,,slack-support-046 slack-support-047 slack-data-platform-030,,0,0,true,8,5,0,0,0,0,0.000000,0,stop,
20260903-223627-null,1,null,mock,null,v1,c9ff11afc1436a70,dff88c3a4526f8e2,fa7f7600,16,q-rule-apsouth-floor,rule,,boolean,false,false,false,,false,0.0000,false,true,answered,not_in_evidence,false,,slack-infra-019 slack-infra-026 slack-infra-030 slack-infra-031 slack-infra-037,,0,0,true,7,4,0,0,0,0,0.000000,0,stop,
20260903-223627-null,1,null,mock,null,v1,c9ff11afc1436a70,dff88c3a4526f8e2,fa7f7600,16,q-rule-apsouth-node-added,rule,planned_vs_done,boolean,false,false,false,,false,0.0000,false,true,answered,not_in_evidence,false,,slack-infra-037,,0,0,true,8,5,0,0,0,0,0.000000,0,stop,
20260903-223627-null,1,null,mock,null,v1,c9ff11afc1436a70,dff88c3a4526f8e2,fa7f7600,16,q-rule-backfill-notice,rule,chunk_split relative_date,number,false,false,false,,false,0.0000,false,true,answered,not_in_evidence,3,,doc-046,,0,0,true,9,6,0,0,0,0,0.000000,0,stop,
20260903-223627-null,1,null,mock,null,v1,c9ff11afc1436a70,dff88c3a4526f8e2,fa7f7600,16,q-rule-badge-rule,rule,same_name,boolean,false,false,false,,false,0.0000,false,true,answered,not_in_evidence,false,,doc-026 slack-infra-022 slack-infra-023 slack-infra-028 slack-infra-029,,0,0,true,7,4,0,0,0,0,0.000000,0,stop,
20260903-223627-null,1,null,mock,null,v1,c9ff11afc1436a70,dff88c3a4526f8e2,fa7f7600,16,q-rule-band-large,rule,unit,string,false,false,false,,false,0.0000,false,true,answered,not_in_evidence,Ingrid Halvorsen,,doc-021 doc-037 slack-general-006 slack-general-034 slack-general-035,,0,0,true,7,5,0,0,0,0,0.000000,0,stop,
20260903-223627-null,1,null,mock,null,v1,c9ff11afc1436a70,dff88c3a4526f8e2,fa7f7600,16,q-rule-certificate-notice-rule,rule,scope,number,false,false,false,,false,0.0000,false,true,answered,not_in_evidence,0,,slack-security-018 slack-security-019,,0,0,true,8,5,0,0,0,0,0.000000,0,stop,
20260903-223627-null,1,null,mock,null,v1,c9ff11afc1436a70,dff88c3a4526f8e2,fa7f7600,16,q-rule-connector-replay-lead,rule,scope,boolean,false,false,false,,false,0.0000,false,true,answered,not_in_evidence,true,,slack-eng-relay-067 slack-eng-relay-071,,0,0,true,9,6,0,0,0,0,0.000000,0,stop,
20260903-223627-null,1,null,mock,null,v1,c9ff11afc1436a70,dff88c3a4526f8e2,fa7f7600,16,q-rule-credit-alone,rule,chunk_split unit,boolean,false,false,false,,false,0.0000,false,true,answered,not_in_evidence,true,,doc-044,,0,0,true,8,5,0,0,0,0,0.000000,0,stop,
20260903-223627-null,1,null,mock,null,v1,c9ff11afc1436a70,dff88c3a4526f8e2,fa7f7600,16,q-rule-credit-approval,rule,unit,string,false,false,false,,false,0.0000,false,true,answered,not_in_evidence,Marta Nowak,,slack-general-029 slack-general-030,,0,0,true,9,6,0,0,0,0,0.000000,0,stop,
20260903-223627-null,1,null,mock,null,v1,c9ff11afc1436a70,dff88c3a4526f8e2,fa7f7600,16,q-rule-deploy-tuesday,rule,,boolean,false,false,false,,false,0.0000,false,true,answered,not_in_evidence,false,,doc-027 slack-eng-relay-042 slack-infra-027,,0,0,true,7,5,0,0,0,0,0.000000,0,stop,
20260903-223627-null,1,null,mock,null,v1,c9ff11afc1436a70,dff88c3a4526f8e2,fa7f7600,16,q-rule-digest-line,rule,,boolean,false,false,false,,false,0.0000,false,true,answered,not_in_evidence,false,,slack-incidents-024 slack-incidents-025,,0,0,true,8,5,0,0,0,0,0.000000,0,stop,
20260903-223627-null,1,null,mock,null,v1,c9ff11afc1436a70,dff88c3a4526f8e2,fa7f7600,16,q-rule-escalation-vp,rule,negation,boolean,false,false,false,,false,0.0000,false,true,answered,not_in_evidence,false,,slack-eng-relay-043 slack-incidents-009 slack-incidents-023,,0,0,true,8,6,0,0,0,0,0.000000,0,stop,
20260903-223627-null,1,null,mock,null,v1,c9ff11afc1436a70,dff88c3a4526f8e2,fa7f7600,16,q-rule-eu-support-access,rule,negation,boolean,false,false,false,,false,0.0000,false,true,answered,not_in_evidence,false,,slack-data-platform-018 slack-data-platform-019,,0,0,true,8,5,0,0,0,0,0.000000,0,stop,
20260903-223627-null,1,null,mock,null,v1,c9ff11afc1436a70,dff88c3a4526f8e2,fa7f7600,16,q-rule-freeze-merge,rule,,boolean,false,false,false,,false,0.0000,false,true,answered,not_in_evidence,true,,doc-024 doc-042 slack-eng-core-011 slack-eng-core-013 slack-eng-core-014 slack-eng-core-018,,0,0,true,9,6,0,0,0,0,0.000000,0,stop,
20260903-223627-null,1,null,mock,null,v1,c9ff11afc1436a70,dff88c3a4526f8e2,fa7f7600,16,q-rule-freeze-security-merge,rule,,boolean,false,false,false,,false,0.0000,false,true,answered,not_in_evidence,true,,doc-024 doc-042 slack-eng-core-012 slack-eng-core-013 slack-eng-core-014 slack-eng-core-018 slack-eng-core-019 slack-eng-core-020,,0,0,true,9,6,0,0,0,0,0.000000,0,stop,
20260903-223627-null,1,null,mock,null,v1,c9ff11afc1436a70,dff88c3a4526f8e2,fa7f7600,16,q-rule-invoice-language-rule,rule,negation,string,false,false,false,,false,0.0000,false,true,answered,not_in_evidence,English,,doc-035 slack-general-017 slack-general-031 slack-sales-036,,0,0,true,8,6,0,0,0,0,0.000000,0,stop,
20260903-223627-null,1,null,mock,null,v1,c9ff11afc1436a70,dff88c3a4526f8e2,fa7f7600,16,q-rule-invoice-language-tanaka,rule,negation keyword,string,false,false,false,,false,0.0000,false,true,answered,not_in_evidence,English,,slack-general-065 slack-general-062,,0,0,true,8,6,0,0,0,0,0.000000,0,stop,
20260903-223627-null,1,null,mock,null,v1,c9ff11afc1436a70,dff88c3a4526f8e2,fa7f7600,16,q-rule-kowalski-signoff,rule,same_name negation,boolean,false,false,false,,false,0.0000,false,true,answered,not_in_evidence,false,,slack-security-031 slack-security-032,,0,0,true,8,6,0,0,0,0,0.000000,0,stop,
20260903-223627-null,1,null,mock,null,v1,c9ff11afc1436a70,dff88c3a4526f8e2,fa7f7600,16,q-rule-notice-tanaka,rule,scope,number,false,false,false,,false,0.0000,false,true,answered,not_in_evidence,60,,doc-023 slack-data-platform-017 slack-general-008 slack-general-019 slack-general-028,,0,0,true,8,5,0,0,0,0,0.000000,0,stop,
20260903-223627-null,1,null,mock,null,v1,c9ff11afc1436a70,dff88c3a4526f8e2,fa7f7600,16,q-rule-objection-window,rule,,date,false,false,false,,false,0.0000,false,true,answered,not_in_evidence,2027-03-13,,slack-general-012 slack-general-032 slack-general-033 slack-general-038 slack-general-039,,0,0,true,6,4,0,0,0,0,0.000000,0,stop,
20260903-223627-null,1,null,mock,null,v1,c9ff11afc1436a70,dff88c3a4526f8e2,fa7f7600,16,q-rule-patch-due,rule,superseded,date,false,false,false,,false,0.0000,false,true,answered,not_in_evidence,2027-06-18,,slack-security-016 slack-security-017,,0,0,true,7,5,0,0,0,0,0.000000,0,stop,
20260903-223627-null,1,null,mock,null,v1,c9ff11afc1436a70,dff88c3a4526f8e2,fa7f7600,16,q-rule-postmortem-not-required,rule,negation,boolean,false,false,false,,false,0.0000,false,true,answered,not_in_evidence,false,,doc-040 doc-041 slack-incidents-018 slack-incidents-020,,0,0,true,8,5,0,0,0,0,0.000000,0,stop,
20260903-223627-null,1,null,mock,null,v1,c9ff11afc1436a70,dff88c3a4526f8e2,fa7f7600,16,q-rule-postmortem-required,rule,,boolean,false,false,false,,false,0.0000,false,true,answered,not_in_evidence,true,,doc-040 slack-incidents-017 slack-incidents-019,,0,0,true,8,6,0,0,0,0,0.000000,0,stop,
20260903-223627-null,1,null,mock,null,v1,c9ff11afc1436a70,dff88c3a4526f8e2,fa7f7600,16,q-rule-replay-needs-lead,rule,,boolean,false,false,false,,false,0.0000,false,true,answered,not_in_evidence,true,,doc-036 slack-eng-relay-034 slack-eng-relay-041 slack-sales-035,,0,0,true,8,5,0,0,0,0,0.000000,0,stop,
20260903-223627-null,1,null,mock,null,v1,c9ff11afc1436a70,dff88c3a4526f8e2,fa7f7600,16,q-rule-retention-backups,rule,negation,boolean,false,false,false,,false,0.0000,false,true,answered,not_in_evidence,false,,slack-data-platform-020 slack-data-platform-021,,0,0,true,6,4,0,0,0,0,0.000000,0,stop,
20260903-223627-null,1,null,mock,null,v1,c9ff11afc1436a70,dff88c3a4526f8e2,fa7f7600,16,q-rule-sandbox-apsouth,rule,negation,boolean,false,false,false,,false,0.0000,false,true,answered,not_in_evidence,false,,slack-infra-056 slack-infra-052,,0,0,true,8,6,0,0,0,0,0.000000,0,stop,
20260903-223627-null,1,null,mock,null,v1,c9ff11afc1436a70,dff88c3a4526f8e2,fa7f7600,16,q-rule-scribe-needed,rule,,boolean,false,false,false,,false,0.0000,false,true,answered,not_in_evidence,true,,doc-055 slack-incidents-008 slack-incidents-017 slack-incidents-019 slack-incidents-021 slack-incidents-022,,0,0,true,7,5,0,0,0,0,0.000000,0,stop,
20260903-223627-null,1,null,mock,null,v1,c9ff11afc1436a70,dff88c3a4526f8e2,fa7f7600,16,q-rule-shard-selfapprove,rule,same_name,boolean,false,false,false,,false,0.0000,false,true,answered,not_in_evidence,false,,slack-data-platform-033 slack-data-platform-034,,0,0,true,8,5,0,0,0,0,0.000000,0,stop,
20260903-223627-null,1,null,mock,null,v1,c9ff11afc1436a70,dff88c3a4526f8e2,fa7f7600,16,q-rule-shortened-soak,rule,chunk_split negation,boolean,false,false,false,,false,0.0000,false,true,answered,not_in_evidence,false,,doc-045,,0,0,true,7,5,0,0,0,0,0.000000,0,stop,
20260903-223627-null,1,null,mock,null,v1,c9ff11afc1436a70,dff88c3a4526f8e2,fa7f7600,16,q-rule-support-deploy,rule,negation keyword,boolean,false,false,false,,false,0.0000,false,true,answered,not_in_evidence,false,,slack-infra-057 slack-infra-054,,0,0,true,8,6,0,0,0,0,0.000000,0,stop,
20260903-223627-null,1,null,mock,null,v1,c9ff11afc1436a70,dff88c3a4526f8e2,fa7f7600,16,q-temporal-audit-in-two-weeks,temporal,relative_date,date,false,false,false,,false,0.0000,false,true,answered,not_in_evidence,2027-03-22,,slack-sales-037,,0,0,true,8,5,0,0,0,0,0.000000,0,stop,
20260903-223627-null,1,null,mock,null,v1,c9ff11afc1436a70,dff88c3a4526f8e2,fa7f7600,16,q-temporal-backfill-start,temporal,relative_date,date,false,false,false,,false,0.0000,false,true,answered,not_in_evidence,2027-05-25,,slack-data-platform-022,,0,0,true,7,4,0,0,0,0,0.000000,0,stop,
20260903-223627-null,1,null,mock,null,v1,c9ff11afc1436a70,dff88c3a4526f8e2,fa7f7600,16,q-temporal-batch,temporal,superseded proposal,number,false,false,false,,false,0.0000,false,true,answered,not_in_evidence,3,,slack-eng-relay-001 slack-eng-relay-002 doc-config-batch slack-eng-relay-003,,0,0,true,8,5,0,0,0,0,0.000000,0,stop,
20260903-223627-null,1,null,mock,null,v1,c9ff11afc1436a70,dff88c3a4526f8e2,fa7f7600,16,q-temporal-branch-cut,temporal,relative_date,date,false,false,false,,false,0.0000,false,true,answered,not_in_evidence,2027-04-12,,slack-release-011,,0,0,true,9,6,0,0,0,0,0.000000,0,stop,
20260903-223627-null,1,null,mock,null,v1,c9ff11afc1436a70,dff88c3a4526f8e2,fa7f7600,16,q-temporal-close-date,temporal,relative_date,date,false,false,false,,false,0.0000,false,true,answered,not_in_evidence,2027-06-30,,email-027,,0,0,true,8,6,0,0,0,0,0.000000,0,stop,
20260903-223627-null,1,null,mock,null,v1,c9ff11afc1436a70,dff88c3a4526f8e2,fa7f7600,16,q-temporal-contract-length,temporal,superseded,number,false,false,false,,false,0.0000,false,true,answered,not_in_evidence,183,,email-018 slack-general-036 slack-general-037 slack-sales-015,,0,0,true,7,5,0,0,0,0,0.000000,0,stop,
20260903-223627-null,1,null,mock,null,v1,c9ff11afc1436a70,dff88c3a4526f8e2,fa7f7600,16,q-temporal-cutover-next-tuesday,temporal,relative_date,date,false,false,false,,false,0.0000,false,true,answered,not_in_evidence,2027-02-16,,slack-infra-032,,0,0,true,7,4,0,0,0,0,0.000000,0,stop,
20260903-223627-null,1,null,mock,null,v1,c9ff11afc1436a70,dff88c3a4526f8e2,fa7f7600,16,q-temporal-days-to-onboarding,temporal,relative_date superseded,number,false,false,false,,false,0.0000,false,true,answered,not_in_evidence,91,,email-012 slack-sales-038 slack-sales-039,,0,0,true,7,5,0,0,0,0,0.000000,0,stop,
20260903-223627-null,1,null,mock,null,v1,c9ff11afc1436a70,dff88c3a4526f8e2,fa7f7600,16,q-temporal-dst-gap,temporal,timezone,number,false,false,false,,false,0.0000,false,true,answered,not_in_evidence,2,,slack-eng-relay-046,,0,0,true,7,5,0,0,0,0,0.000000,0,stop,
20260903-223627-null,1,null,mock,null,v1,c9ff11afc1436a70,dff88c3a4526f8e2,fa7f7600,16,q-temporal-dst-shift,temporal,timezone,date,false,false,false,,false,0.0000,false,true,answered,not_in_evidence,2027-03-28,,slack-eng-relay-022 slack-eng-relay-044,,0,0,true,7,4,0,0,0,0,0.000000,0,stop,
20260903-223627-null,1,null,mock,null,v1,c9ff11afc1436a70,dff88c3a4526f8e2,fa7f7600,16,q-temporal-export-utc,temporal,timezone superseded,time,false,false,false,,false,0.0000,false,true,answered,not_in_evidence,22:15,,slack-eng-relay-046,,0,0,true,8,5,0,0,0,0,0.000000,0,stop,
20260903-223627-null,1,null,mock,null,v1,c9ff11afc1436a70,dff88c3a4526f8e2,fa7f7600,16,q-temporal-freeze-length,temporal,,number,false,false,false,,false,0.0000,false,true,answered,not_in_evidence,22,,doc-042 mtg-007 slack-eng-core-019 slack-eng-core-021,,0,0,true,8,6,0,0,0,0,0.000000,0,stop,
20260903-223627-null,1,null,mock,null,v1,c9ff11afc1436a70,dff88c3a4526f8e2,fa7f7600,16,q-temporal-halcyon-renewal,temporal,superseded,number,false,false,false,,false,0.0000,false,true,answered,not_in_evidence,141,,slack-sales-044 slack-sales-046,,0,0,true,8,5,0,0,0,0,0.000000,0,stop,
20260903-223627-null,1,null,mock,null,v1,c9ff11afc1436a70,dff88c3a4526f8e2,fa7f7600,16,q-temporal-incident-gap,temporal,,number,false,false,false,,false,0.0000,false,true,answered,not_in_evidence,30,,slack-incidents-026 slack-incidents-027,,0,0,true,7,4,0,0,0,0,0.000000,0,stop,
20260903-223627-null,1,null,mock,null,v1,c9ff11afc1436a70,dff88c3a4526f8e2,fa7f7600,16,q-temporal-load-slip,temporal,planned_vs_done,number,false,false,false,,false,0.0000,false,true,answered,not_in_evidence,7,,slack-eng-relay-047 slack-eng-relay-048,,0,0,true,7,5,0,0,0,0,0.000000,0,stop,
20260903-223627-null,1,null,mock,null,v1,c9ff11afc1436a70,dff88c3a4526f8e2,fa7f7600,16,q-temporal-migration-slip,temporal,planned_vs_done,number,false,false,false,,false,0.0000,false,true,answered,not_in_evidence,2,,slack-infra-009 slack-infra-010 slack-infra-033 slack-infra-034,,0,0,true,6,4,0,0,0,0,0.000000,0,stop,
20260903-223627-null,1,null,mock,null,v1,c9ff11afc1436a70,dff88c3a4526f8e2,fa7f7600,16,q-temporal-notes-due,temporal,relative_date keyword,date,false,false,false,,false,0.0000,false,true,answered,not_in_evidence,2027-02-18,,slack-sales-040,,0,0,true,6,4,0,0,0,0,0.000000,0,stop,
20260903-223627-null,1,null,mock,null,v1,c9ff11afc1436a70,dff88c3a4526f8e2,fa7f7600,16,q-temporal-notice-close,temporal,,number,false,false,false,,false,0.0000,false,true,answered,not_in_evidence,30,,slack-general-012 slack-general-032 slack-general-033 slack-general-038 slack-general-039,,0,0,true,8,6,0,0,0,0,0.000000,0,stop,
20260903-223627-null,1,null,mock,null,v1,c9ff11afc1436a70,dff88c3a4526f8e2,fa7f7600,16,q-temporal-p99,temporal,superseded,date,false,false,false,,false,0.0000,false,true,answered,not_in_evidence,2027-05-04,,slack-eng-palisade-002,,0,0,true,8,6,0,0,0,0,0.000000,0,stop,
20260903-223627-null,1,null,mock,null,v1,c9ff11afc1436a70,dff88c3a4526f8e2,fa7f7600,16,q-temporal-page-delay,temporal,superseded keyword,date,false,false,false,,false,0.0000,false,true,answered,not_in_evidence,2027-06-14,,mtg-044,,0,0,true,8,6,0,0,0,0,0.000000,0,stop,
20260903-223627-null,1,null,mock,null,v1,c9ff11afc1436a70,dff88c3a4526f8e2,fa7f7600,16,q-temporal-postmortem-due,temporal,,date,false,false,false,,false,0.0000,false,true,answered,not_in_evidence,2027-04-19,,slack-incidents-028 slack-incidents-029,,0,0,true,8,5,0,0,0,0,0.000000,0,stop,
20260903-223627-null,1,null,mock,null,v1,c9ff11afc1436a70,dff88c3a4526f8e2,fa7f7600,16,q-temporal-quarter-end-report,temporal,relative_date,date,false,false,false,,false,0.0000,false,true,answered,not_in_evidence,2027-06-30,,slack-support-035,,0,0,true,8,6,0,0,0,0,0.000000,0,stop,
20260903-223627-null,1,null,mock,null,v1,c9ff11afc1436a70,dff88c3a4526f8e2,fa7f7600,16,q-temporal-ratelimit,temporal,superseded,number,false,false,false,,false,0.0000,false,true,answered,not_in_evidence,122,,slack-eng-palisade-008 slack-eng-palisade-009,,0,0,true,8,5,0,0,0,0,0.000000,0,stop,
20260903-223627-null,1,null,mock,null,v1,c9ff11afc1436a70,dff88c3a4526f8e2,fa7f7600,16,q-temporal-renewal-decision,temporal,,date,false,false,false,,false,0.0000,false,true,answered,not_in_evidence,2027-10-01,,doc-031 slack-general-040 slack-general-041,,0,0,true,7,5,0,0,0,0,0.000000,0,stop,
20260903-223627-null,1,null,mock,null,v1,c9ff11afc1436a70,dff88c3a4526f8e2,fa7f7600,16,q-temporal-review-week,temporal,relative_date,date,false,false,false,,false,0.0000,false,true,answered,not_in_evidence,2027-05-11,,slack-eng-palisade-029,,0,0,true,7,4,0,0,0,0,0.000000,0,stop,
20260903-223627-null,1,null,mock,null,v1,c9ff11afc1436a70,dff88c3a4526f8e2,fa7f7600,16,q-temporal-status-threshold,temporal,superseded statement_shaped_question,date,false,false,false,,false,0.0000,false,true,answered,not_in_evidence,2027-04-30,,mtg-005,,0,0,true,8,5,0,0,0,0,0.000000,0,stop,
20260903-223627-null,1,null,mock,null,v1,c9ff11afc1436a70,dff88c3a4526f8e2,fa7f7600,16,q-temporal-store-shards,temporal,superseded proposal,number,false,false,false,,false,0.0000,false,true,answered,not_in_evidence,2,,slack-data-platform-026 slack-data-platform-027 doc-config-store-shards,,0,0,true,8,5,0,0,0,0,0.000000,0,stop,
20260903-223627-null,1,null,mock,null,v1,c9ff11afc1436a70,dff88c3a4526f8e2,fa7f7600,16,q-temporal-tanaka-contract,temporal,superseded,date,false,false,false,,false,0.0000,false,true,answered,not_in_evidence,2027-06-18,,slack-sales-016,,0,0,true,6,4,0,0,0,0,0.000000,0,stop,
20260903-223627-null,1,null,mock,null,v1,c9ff11afc1436a70,dff88c3a4526f8e2,fa7f7600,16,q-temporal-tls-window,temporal,superseded,number,false,false,false,,false,0.0000,false,true,answered,not_in_evidence,119,,slack-security-001 slack-security-002,,0,0,true,7,4,0,0,0,0,0.000000,0,stop,
20260903-223627-null,1,null,mock,null,v1,c9ff11afc1436a70,dff88c3a4526f8e2,fa7f7600,16,q-temporal-verity-seats,temporal,superseded proposal,number,false,false,false,,false,0.0000,false,true,answered,not_in_evidence,2,,slack-sales-010 email-015 slack-sales-011,,0,0,true,8,5,0,0,0,0,0.000000,0,stop,
20260903-223638-deepseek-v4-flash,1,deepseek-v4-flash,openai-compatible,deepseek-v4-flash,v1,c9ff11afc1436a70,dff88c3a4526f8e2,fa7f7600,16,q-abstain-admin-healthpath,abstain,keyword,string,true,true,false,,true,,true,,not_in_evidence,not_in_evidence,,,,,0,0,true,1241,1048,1924,24,0,512,0.000660,0,stop,
20260903-223638-deepseek-v4-flash,1,deepseek-v4-flash,openai-compatible,deepseek-v4-flash,v1,c9ff11afc1436a70,dff88c3a4526f8e2,fa7f7600,16,q-abstain-apsouth-sandbox-date,abstain,negation,date,true,true,false,,true,,true,,not_in_evidence,not_in_evidence,,,,,0,0,true,1113,891,1654,24,0,384,0.000596,0,stop,
20260903-223638-deepseek-v4-flash,1,deepseek-v4-flash,openai-compatible,deepseek-v4-flash,v1,c9ff11afc1436a70,dff88c3a4526f8e2,fa7f7600,16,q-abstain-audit-log-no-customer,abstain,scope keyword,number,true,true,false,,true,,true,,not_in_evidence,not_in_evidence,,,,,0,0,true,725,505,1622,24,0,384,0.000582,0,stop,
20260903-223638-deepseek-v4-flash,1,deepseek-v4-flash,openai-compatible,deepseek-v4-flash,v1,c9ff11afc1436a70,dff88c3a4526f8e2,fa7f7600,16,q-abstain-dach-report-day,abstain,scope keyword,string,true,true,false,,true,,true,,not_in_evidence,not_in_evidence,,,,,0,0,true,769,513,1524,24,0,384,0.000539,0,stop,
20260903-223638-deepseek-v4-flash,1,deepseek-v4-flash,openai-compatible,deepseek-v4-flash,v1,c9ff11afc1436a70,dff88c3a4526f8e2,fa7f7600,16,q-abstain-fra1-nodes,abstain,negation,number,false,false,false,,false,,false,,not_in_evidence,answered,,0,,doc-030 slack-infra-018,0,0,true,1052,836,1696,34,0,512,0.000573,0,stop,
20260903-223638-deepseek-v4-flash,1,deepseek-v4-flash,openai-compatible,deepseek-v4-flash,v1,c9ff11afc1436a70,dff88c3a4526f8e2,fa7f7600,16,q-abstain-halcyon-po,abstain,keyword,string,true,true,false,,true,,true,,not_in_evidence,not_in_evidence,,,,,0,0,true,1221,1054,1586,24,0,384,0.000566,0,stop,
20260903-223638-deepseek-v4-flash,1,deepseek-v4-flash,openai-compatible,deepseek-v4-flash,v1,c9ff11afc1436a70,dff88c3a4526f8e2,fa7f7600,16,q-abstain-july-oncall,abstain,same_name,string,true,true,false,,true,,true,,not_in_evidence,not_in_evidence,,,,,0,0,true,872,642,1724,24,0,640,0.000518,0,stop,
20260903-223638-deepseek-v4-flash,1,deepseek-v4-flash,openai-compatible,deepseek-v4-flash,v1,c9ff11afc1436a70,dff88c3a4526f8e2,fa7f7600,16,q-abstain-kestrel-audit-window,abstain,keyword,date,true,true,false,,true,,true,,not_in_evidence,not_in_evidence,,,,,0,0,true,772,595,1678,24,0,384,0.000606,0,stop,
20260903-223638-deepseek-v4-flash,1,deepseek-v4-flash,openai-compatible,deepseek-v4-flash,v1,c9ff11afc1436a70,dff88c3a4526f8e2,fa7f7600,16,q-abstain-kestrel-batch,abstain,scope,number,false,false,false,,false,,false,,not_in_evidence,answered,,2000,,slack-eng-relay-001 slack-eng-relay-002 doc-config-batch slack-eng-relay-003 slack-eng-relay-006 slack-eng-relay-013 slack-data-platform-024,0,6,true,1852,1007,1693,194,0,384,0.000837,0,stop,
20260903-223638-deepseek-v4-flash,1,deepseek-v4-flash,openai-compatible,deepseek-v4-flash,v1,c9ff11afc1436a70,dff88c3a4526f8e2,fa7f7600,16,q-abstain-kestrel-invoice,abstain,unit keyword,number,false,false,false,,false,,false,,not_in_evidence,answered,,3900,,slack-sales-001 doc-003 email-007,0,3,true,1555,1065,1674,95,0,384,0.000698,0,stop,
20260903-223638-deepseek-v4-flash,1,deepseek-v4-flash,openai-compatible,deepseek-v4-flash,v1,c9ff11afc1436a70,dff88c3a4526f8e2,fa7f7600,16,q-abstain-kestrel-seats,abstain,keyword,number,true,true,false,,true,,true,,not_in_evidence,not_in_evidence,,,,,0,0,true,1331,1166,1651,24,0,384,0.000595,0,stop,
20260903-223638-deepseek-v4-flash,1,deepseek-v4-flash,openai-compatible,deepseek-v4-flash,v1,c9ff11afc1436a70,dff88c3a4526f8e2,fa7f7600,16,q-abstain-meridian-po,abstain,keyword,string,true,true,false,,true,,true,,not_in_evidence,not_in_evidence,,,,,0,0,true,954,770,1461,24,0,512,0.000456,0,stop,
20260903-223638-deepseek-v4-flash,1,deepseek-v4-flash,openai-compatible,deepseek-v4-flash,v1,c9ff11afc1436a70,dff88c3a4526f8e2,fa7f7600,16,q-abstain-meridian-retention,abstain,keyword,number,true,true,false,,true,,true,,not_in_evidence,not_in_evidence,,,,,0,0,true,1025,846,1585,24,0,512,0.000511,0,stop,
20260903-223638-deepseek-v4-flash,1,deepseek-v4-flash,openai-compatible,deepseek-v4-flash,v1,c9ff11afc1436a70,dff88c3a4526f8e2,fa7f7600,16,q-abstain-p50,abstain,scope,number,true,true,false,,true,,true,,not_in_evidence,not_in_evidence,,,,,0,0,true,1506,1501,1751,24,0,384,0.000639,0,stop,
20260903-223638-deepseek-v4-flash,1,deepseek-v4-flash,openai-compatible,deepseek-v4-flash,v1,c9ff11afc1436a70,dff88c3a4526f8e2,fa7f7600,16,q-abstain-po-90118-amount,abstain,keyword,number,true,true,false,,false,,false,,not_in_evidence,not_in_evidence,,,,slack-general-058,0,0,true,1026,933,1616,30,0,384,0.000587,0,stop,
20260903-223638-deepseek-v4-flash,1,deepseek-v4-flash,openai-compatible,deepseek-v4-flash,v1,c9ff11afc1436a70,dff88c3a4526f8e2,fa7f7600,16,q-abstain-premium-connections,abstain,scope keyword,number,true,true,false,,true,,true,,not_in_evidence,not_in_evidence,,,,,0,0,true,1526,1352,1783,24,0,384,0.000653,0,stop,
20260903-223638-deepseek-v4-flash,1,deepseek-v4-flash,openai-compatible,deepseek-v4-flash,v1,c9ff11afc1436a70,dff88c3a4526f8e2,fa7f7600,16,q-abstain-premium-rate-limit,abstain,scope,number,true,true,false,,true,,true,,not_in_evidence,not_in_evidence,,,,,0,0,true,804,701,1809,24,0,512,0.000610,0,stop,
20260903-223638-deepseek-v4-flash,1,deepseek-v4-flash,openai-compatible,deepseek-v4-flash,v1,c9ff11afc1436a70,dff88c3a4526f8e2,fa7f7600,16,q-abstain-premium-resolution,abstain,keyword,number,true,true,false,,true,,true,,not_in_evidence,not_in_evidence,,,,,0,0,true,1240,1012,1615,24,0,384,0.000579,0,stop,
20260903-223638-deepseek-v4-flash,1,deepseek-v4-flash,openai-compatible,deepseek-v4-flash,v1,c9ff11afc1436a70,dff88c3a4526f8e2,fa7f7600,16,q-abstain-relay-error-budget,abstain,scope unit,number,true,true,false,,true,,true,,not_in_evidence,not_in_evidence,,,,,0,0,true,1261,1099,1652,24,0,384,0.000595,0,stop,
20260903-223638-deepseek-v4-flash,1,deepseek-v4-flash,openai-compatible,deepseek-v4-flash,v1,c9ff11afc1436a70,dff88c3a4526f8e2,fa7f7600,16,q-abstain-relay-tls,abstain,scope,number,true,true,false,,false,,false,,not_in_evidence,not_in_evidence,,,,slack-eng-relay-054,0,0,true,1377,1155,1749,33,0,512,0.000595,0,stop,
20260903-223638-deepseek-v4-flash,1,deepseek-v4-flash,openai-compatible,deepseek-v4-flash,v1,c9ff11afc1436a70,dff88c3a4526f8e2,fa7f7600,16,q-abstain-sandbox-quota-customer,abstain,scope,number,false,false,false,,false,,false,,not_in_evidence,answered,,20000,,slack-eng-palisade-044 slack-eng-palisade-045 slack-eng-palisade-048 slack-eng-palisade-046 slack-eng-palisade-047,0,5,true,1779,1019,1769,168,0,384,0.000837,0,stop,
20260903-223638-deepseek-v4-flash,1,deepseek-v4-flash,openai-compatible,deepseek-v4-flash,v1,c9ff11afc1436a70,dff88c3a4526f8e2,fa7f7600,16,q-abstain-security-deploy-day,abstain,negation,string,true,true,false,,true,,true,,not_in_evidence,not_in_evidence,,,,,0,0,true,864,674,1487,24,0,384,0.000522,0,stop,
20260903-223638-deepseek-v4-flash,1,deepseek-v4-flash,openai-compatible,deepseek-v4-flash,v1,c9ff11afc1436a70,dff88c3a4526f8e2,fa7f7600,16,q-abstain-staging-cache,abstain,scope,number,true,true,false,,true,,true,,not_in_evidence,not_in_evidence,,,,,0,0,true,1322,1131,1683,24,0,512,0.000554,0,stop,
20260903-223638-deepseek-v4-flash,1,deepseek-v4-flash,openai-compatible,deepseek-v4-flash,v1,c9ff11afc1436a70,dff88c3a4526f8e2,fa7f7600,16,q-abstain-staging-idle-timeout,abstain,scope,number,true,true,false,,true,,true,,not_in_evidence,not_in_evidence,,,,,0,0,true,1017,837,1579,24,0,384,0.000563,0,stop,
20260903-223638-deepseek-v4-flash,1,deepseek-v4-flash,openai-compatible,deepseek-v4-flash,v1,c9ff11afc1436a70,dff88c3a4526f8e2,fa7f7600,16,q-abstain-tanaka-escalation,abstain,keyword,string,true,true,false,,true,,true,,not_in_evidence,not_in_evidence,,,,,0,0,true,1165,988,1469,24,0,384,0.000514,0,stop,
20260903-223638-deepseek-v4-flash,1,deepseek-v4-flash,openai-compatible,deepseek-v4-flash,v1,c9ff11afc1436a70,dff88c3a4526f8e2,fa7f7600,16,q-abstain-training-attendance,abstain,keyword,number,true,true,false,,true,,true,,not_in_evidence,not_in_evidence,,,,,0,0,true,1035,823,1798,24,0,384,0.000659,0,stop,
20260903-223638-deepseek-v4-flash,1,deepseek-v4-flash,openai-compatible,deepseek-v4-flash,v1,c9ff11afc1436a70,dff88c3a4526f8e2,fa7f7600,16,q-abstain-useast-datacentre,abstain,scope,string,true,true,false,,true,,true,,not_in_evidence,not_in_evidence,,,,,0,0,true,1319,1197,1490,24,0,384,0.000524,0,stop,
20260903-223638-deepseek-v4-flash,1,deepseek-v4-flash,openai-compatible,deepseek-v4-flash,v1,c9ff11afc1436a70,dff88c3a4526f8e2,fa7f7600,16,q-abstain-useast-nightly,abstain,timezone scope,time,true,true,false,,true,,true,,not_in_evidence,not_in_evidence,,,,,0,0,true,995,885,1781,24,0,512,0.000597,0,stop,
20260903-223638-deepseek-v4-flash,1,deepseek-v4-flash,openai-compatible,deepseek-v4-flash,v1,c9ff11afc1436a70,dff88c3a4526f8e2,fa7f7600,16,q-abstain-verity-connector-date,abstain,negation keyword,date,true,true,false,,true,,true,,not_in_evidence,not_in_evidence,,,,,0,0,true,1136,954,1512,24,0,384,0.000533,0,stop,
20260903-223638-deepseek-v4-flash,1,deepseek-v4-flash,openai-compatible,deepseek-v4-flash,v1,c9ff11afc1436a70,dff88c3a4526f8e2,fa7f7600,16,q-abstain-verity-renewal,abstain,keyword,date,true,true,false,,true,,true,,not_in_evidence,not_in_evidence,,,,,0,0,true,1435,1374,1726,24,0,512,0.000573,0,stop,
20260903-223638-deepseek-v4-flash,1,deepseek-v4-flash,openai-compatible,deepseek-v4-flash,v1,c9ff11afc1436a70,dff88c3a4526f8e2,fa7f7600,16,q-aggregation-annex-customers-count,aggregation,negation,number,true,true,false,,true,0.7143,true,true,answered,answered,2,2,doc-022 slack-data-platform-017 slack-general-004 slack-general-007 slack-general-008 slack-general-009 slack-general-010,slack-general-008 slack-general-009 slack-general-004 slack-general-010 slack-general-007,0,2,true,1061,560,1510,91,0,512,0.000566,0,stop,
20260903-223638-deepseek-v4-flash,1,deepseek-v4-flash,openai-compatible,deepseek-v4-flash,v1,c9ff11afc1436a70,dff88c3a4526f8e2,fa7f7600,16,q-aggregation-audit-field-count,aggregation,negation,number,true,true,false,,true,0.6667,true,true,answered,answered,3,3,slack-eng-core-034 slack-eng-core-035 slack-eng-core-036,slack-eng-core-034 slack-eng-core-035,0,2,true,851,458,1742,74,0,384,0.000701,0,stop,
20260903-223638-deepseek-v4-flash,1,deepseek-v4-flash,openai-compatible,deepseek-v4-flash,v1,c9ff11afc1436a70,dff88c3a4526f8e2,fa7f7600,16,q-aggregation-badges-count,aggregation,negation same_name,number,true,true,false,,true,0.5000,true,true,answered,answered,2,2,doc-026 slack-infra-022 slack-infra-023 slack-infra-029,doc-026 slack-infra-022,0,0,true,685,471,1658,34,0,896,0.000393,0,stop,
20260903-223638-deepseek-v4-flash,1,deepseek-v4-flash,openai-compatible,deepseek-v4-flash,v1,c9ff11afc1436a70,dff88c3a4526f8e2,fa7f7600,16,q-aggregation-components-frozen-count,aggregation,negation,number,true,true,false,,true,1.0000,true,true,answered,answered,3,3,slack-release-008 slack-release-009 slack-release-010,slack-release-008 slack-release-009 slack-release-010,0,0,true,999,650,1464,42,0,640,0.000427,0,stop,
20260903-223638-deepseek-v4-flash,1,deepseek-v4-flash,openai-compatible,deepseek-v4-flash,v1,c9ff11afc1436a70,dff88c3a4526f8e2,fa7f7600,16,q-aggregation-connector-count,aggregation,superseded negation,number,true,true,false,,true,1.0000,true,true,answered,answered,3,3,slack-eng-relay-066 slack-eng-relay-067 slack-eng-relay-068,slack-eng-relay-066 slack-eng-relay-067 slack-eng-relay-068,0,0,true,1343,1053,1627,51,0,384,0.000620,0,stop,
20260903-223638-deepseek-v4-flash,1,deepseek-v4-flash,openai-compatible,deepseek-v4-flash,v1,c9ff11afc1436a70,dff88c3a4526f8e2,fa7f7600,16,q-aggregation-credits-march,aggregation,unit,number,true,true,false,,true,1.0000,true,true,answered,answered,4100,4100,slack-general-021 slack-general-022 slack-general-023,slack-general-021 slack-general-022 slack-general-023,0,0,true,1037,870,1564,43,0,896,0.000363,0,stop,
20260903-223638-deepseek-v4-flash,1,deepseek-v4-flash,openai-compatible,deepseek-v4-flash,v1,c9ff11afc1436a70,dff88c3a4526f8e2,fa7f7600,16,q-aggregation-customers-502-count,aggregation,format,number,true,true,false,,true,0.6000,true,true,answered,answered,3,3,issue-wrn-4102 slack-support-026 slack-support-027 slack-support-028 slack-support-029,slack-support-026 slack-support-027 slack-support-028,0,0,true,952,857,1569,42,0,384,0.000582,0,stop,
20260903-223638-deepseek-v4-flash,1,deepseek-v4-flash,openai-compatible,deepseek-v4-flash,v1,c9ff11afc1436a70,dff88c3a4526f8e2,fa7f7600,16,q-aggregation-dach-channel-count,aggregation,format negation,number,true,true,false,,true,1.0000,true,true,answered,answered,2,2,slack-dach-013 slack-dach-014,slack-dach-013 slack-dach-014,0,0,true,1062,925,1457,37,0,384,0.000526,0,stop,
20260903-223638-deepseek-v4-flash,1,deepseek-v4-flash,openai-compatible,deepseek-v4-flash,v1,c9ff11afc1436a70,dff88c3a4526f8e2,fa7f7600,16,q-aggregation-deploy-teams-count,aggregation,negation,number,true,true,false,,false,0.5000,false,true,answered,answered,2,2,slack-infra-053 slack-infra-054,slack-infra-053 doc-027 slack-infra-027,0,0,true,844,564,1516,42,0,384,0.000559,0,stop,
20260903-223638-deepseek-v4-flash,1,deepseek-v4-flash,openai-compatible,deepseek-v4-flash,v1,c9ff11afc1436a70,dff88c3a4526f8e2,fa7f7600,16,q-aggregation-edge-nodes-total,aggregation,,number,true,true,false,,true,0.6000,true,true,answered,answered,14,14,slack-infra-024 slack-infra-025 slack-infra-026 slack-infra-031 slack-infra-037,slack-infra-025 slack-infra-024 slack-infra-026,0,0,true,1140,802,1810,45,0,896,0.000474,0,stop,
20260903-223638-deepseek-v4-flash,1,deepseek-v4-flash,openai-compatible,deepseek-v4-flash,v1,c9ff11afc1436a70,dff88c3a4526f8e2,fa7f7600,16,q-aggregation-enterprise-count,aggregation,negation,number,true,true,false,,true,1.0000,true,true,answered,answered,1,1,slack-sales-048 slack-sales-049,slack-sales-049 slack-sales-048,0,0,true,760,546,1626,37,0,384,0.000601,0,stop,
20260903-223638-deepseek-v4-flash,1,deepseek-v4-flash,openai-compatible,deepseek-v4-flash,v1,c9ff11afc1436a70,dff88c3a4526f8e2,fa7f7600,16,q-aggregation-escalations-q2,aggregation,,number,false,true,false,,true,1.0000,false,true,answered,answered,4,3,slack-general-025 slack-general-026 slack-general-027,slack-general-025 slack-general-026 slack-general-027,0,0,true,1068,800,1670,42,0,512,0.000572,0,stop,
20260903-223638-deepseek-v4-flash,1,deepseek-v4-flash,openai-compatible,deepseek-v4-flash,v1,c9ff11afc1436a70,dff88c3a4526f8e2,fa7f7600,16,q-aggregation-freeze-exempt-count,aggregation,negation,number,true,true,false,,true,0.6000,true,true,answered,answered,2,2,doc-024 mtg-007 slack-eng-core-013 slack-eng-core-014 slack-eng-core-018,slack-eng-core-014 slack-eng-core-013 doc-024,0,0,true,1212,911,1557,44,0,768,0.000416,0,stop,
20260903-223638-deepseek-v4-flash,1,deepseek-v4-flash,openai-compatible,deepseek-v4-flash,v1,c9ff11afc1436a70,dff88c3a4526f8e2,fa7f7600,16,q-aggregation-german-invoice-countries,aggregation,format negation,number,true,true,false,,false,1.0000,false,true,answered,answered,2,2,doc-035 slack-general-017 slack-general-018 slack-general-031,slack-general-017 doc-035 slack-general-031 slack-general-062 slack-general-018,0,0,true,1188,879,1598,54,0,384,0.000611,0,stop,
20260903-223638-deepseek-v4-flash,1,deepseek-v4-flash,openai-compatible,deepseek-v4-flash,v1,c9ff11afc1436a70,dff88c3a4526f8e2,fa7f7600,16,q-aggregation-hours-lost-relay,aggregation,unit,number,true,true,false,,true,1.0000,true,true,answered,answered,9,9,slack-eng-relay-038 slack-eng-relay-039 slack-eng-relay-040,slack-eng-relay-038 slack-eng-relay-039 slack-eng-relay-040,0,0,true,1324,984,1630,51,0,384,0.000621,0,stop,
20260903-223638-deepseek-v4-flash,1,deepseek-v4-flash,openai-compatible,deepseek-v4-flash,v1,c9ff11afc1436a70,dff88c3a4526f8e2,fa7f7600,16,q-aggregation-incident-minutes,aggregation,,number,true,true,false,,false,1.0000,false,true,answered,answered,53,53,slack-incidents-008 slack-incidents-017 slack-incidents-018 slack-incidents-019 slack-incidents-020 slack-incidents-022,slack-incidents-017 slack-incidents-018 slack-incidents-019 slack-incidents-020 slack-incidents-022 slack-incidents-008 slack-incidents-037 slack-incidents-014 slack-incidents-028 slack-incidents-027 slack-incidents-004 doc-055 slack-incidents-025 slack-incidents-006,0,0,true,1355,798,1584,130,0,384,0.000705,0,stop,
20260903-223638-deepseek-v4-flash,1,deepseek-v4-flash,openai-compatible,deepseek-v4-flash,v1,c9ff11afc1436a70,dff88c3a4526f8e2,fa7f7600,16,q-aggregation-incident-numbers-count,aggregation,negation,number,true,true,false,,true,1.0000,true,true,answered,answered,3,3,slack-incidents-036 slack-incidents-037 slack-incidents-038,slack-incidents-037 slack-incidents-036 slack-incidents-038,0,0,true,845,514,1796,45,0,384,0.000686,0,stop,
20260903-223638-deepseek-v4-flash,1,deepseek-v4-flash,openai-compatible,deepseek-v4-flash,v1,c9ff11afc1436a70,dff88c3a4526f8e2,fa7f7600,16,q-aggregation-invoice-two-months,aggregation,unit,number,true,true,false,,true,0.6667,true,true,answered,answered,7800,7800,email-007 slack-general-024 slack-sales-034,slack-sales-034 slack-general-024,0,0,true,1105,853,1648,37,0,384,0.000610,0,stop,
20260903-223638-deepseek-v4-flash,1,deepseek-v4-flash,openai-compatible,deepseek-v4-flash,v1,c9ff11afc1436a70,dff88c3a4526f8e2,fa7f7600,16,q-aggregation-oncall-people-count,aggregation,same_name,number,true,true,false,,true,1.0000,true,true,answered,answered,3,3,slack-infra-012 slack-infra-020 slack-infra-021,slack-infra-021 slack-infra-020 slack-infra-012,0,0,true,722,453,1833,45,0,512,0.000648,0,stop,
20260903-223638-deepseek-v4-flash,1,deepseek-v4-flash,openai-compatible,deepseek-v4-flash,v1,c9ff11afc1436a70,dff88c3a4526f8e2,fa7f7600,16,q-aggregation-postmortems-count,aggregation,,number,true,true,false,,false,1.0000,false,true,answered,answered,3,3,doc-028 doc-039 slack-incidents-016,slack-incidents-016 doc-039 doc-028 slack-incidents-037,0,0,true,915,642,2118,47,0,640,0.000721,0,stop,
20260903-223638-deepseek-v4-flash,1,deepseek-v4-flash,openai-compatible,deepseek-v4-flash,v1,c9ff11afc1436a70,dff88c3a4526f8e2,fa7f7600,16,q-aggregation-premium-count-june,aggregation,superseded,number,true,true,false,,false,0.2000,false,true,answered,answered,2,2,slack-sales-025 slack-sales-029 slack-sales-030 slack-sales-031 slack-sales-035,slack-sales-031 slack-sales-048 slack-support-005,0,0,true,964,682,1618,44,0,384,0.000606,0,stop,
20260903-223638-deepseek-v4-flash,1,deepseek-v4-flash,openai-compatible,deepseek-v4-flash,v1,c9ff11afc1436a70,dff88c3a4526f8e2,fa7f7600,16,q-aggregation-q1-po-total,aggregation,unit,number,true,true,false,,false,1.0000,false,true,answered,answered,28200,28200,email-039 email-040,email-040 email-024 email-039 slack-general-058,0,0,true,1038,793,1598,44,0,384,0.000598,0,stop,
20260903-223638-deepseek-v4-flash,1,deepseek-v4-flash,openai-compatible,deepseek-v4-flash,v1,c9ff11afc1436a70,dff88c3a4526f8e2,fa7f7600,16,q-aggregation-regions-with-limiter-count,aggregation,superseded,number,true,true,false,,true,0.3333,true,true,answered,answered,2,2,slack-eng-palisade-026 slack-eng-palisade-027 slack-eng-palisade-028,slack-eng-palisade-028,0,0,true,815,601,1839,32,0,640,0.000579,0,stop,
20260903-223638-deepseek-v4-flash,1,deepseek-v4-flash,openai-compatible,deepseek-v4-flash,v1,c9ff11afc1436a70,dff88c3a4526f8e2,fa7f7600,16,q-aggregation-releases-half,aggregation,relative_date planned_vs_done,number,false,true,false,,true,1.0000,false,true,answered,answered,6,4,slack-release-016 slack-release-017,slack-release-017 slack-release-016,0,0,true,1087,868,1684,35,0,384,0.000624,0,stop,
20260903-223638-deepseek-v4-flash,1,deepseek-v4-flash,openai-compatible,deepseek-v4-flash,v1,c9ff11afc1436a70,dff88c3a4526f8e2,fa7f7600,16,q-aggregation-renewals-q1-count,aggregation,planned_vs_done,number,true,true,false,,false,1.0000,false,true,answered,answered,3,3,slack-general-014 slack-general-015 slack-general-016,slack-general-014 slack-general-015 slack-general-016 slack-general-056 slack-general-057 slack-general-058,0,0,true,879,490,1503,63,0,384,0.000581,0,stop,
20260903-223638-deepseek-v4-flash,1,deepseek-v4-flash,openai-compatible,deepseek-v4-flash,v1,c9ff11afc1436a70,dff88c3a4526f8e2,fa7f7600,16,q-aggregation-sandbox-regions-count,aggregation,negation superseded,number,true,true,false,,true,1.0000,true,true,answered,answered,2,2,slack-infra-050 slack-infra-051 slack-infra-052,slack-infra-050 slack-infra-051 slack-infra-052,0,0,true,830,550,1709,45,0,384,0.000648,0,stop,
20260903-223638-deepseek-v4-flash,1,deepseek-v4-flash,openai-compatible,deepseek-v4-flash,v1,c9ff11afc1436a70,dff88c3a4526f8e2,fa7f7600,16,q-aggregation-seats-june,aggregation,,number,true,true,false,,true,1.0000,true,true,answered,answered,105,105,slack-sales-032 slack-sales-033,slack-sales-033 slack-sales-032,0,0,true,1313,1098,1570,37,0,384,0.000576,0,stop,
20260903-223638-deepseek-v4-flash,1,deepseek-v4-flash,openai-compatible,deepseek-v4-flash,v1,c9ff11afc1436a70,dff88c3a4526f8e2,fa7f7600,16,q-aggregation-signoff-count,aggregation,negation,number,true,true,false,,true,0.6667,true,true,answered,answered,2,2,slack-security-030 slack-security-031 slack-security-032,slack-security-030 slack-security-031,0,2,true,879,534,1461,70,0,384,0.000572,0,stop,
20260903-223638-deepseek-v4-flash,1,deepseek-v4-flash,openai-compatible,deepseek-v4-flash,v1,c9ff11afc1436a70,dff88c3a4526f8e2,fa7f7600,16,q-aggregation-sub-processor-count,aggregation,proposal,number,true,true,false,,true,1.0000,true,true,answered,answered,3,3,slack-general-011 slack-general-012 slack-general-013 slack-general-033 slack-general-039,slack-general-011 slack-general-039 slack-general-033 slack-general-012 slack-general-013,0,0,true,1243,945,1773,56,0,384,0.000690,0,stop,
20260903-223638-deepseek-v4-flash,1,deepseek-v4-flash,openai-compatible,deepseek-v4-flash,v1,c9ff11afc1436a70,dff88c3a4526f8e2,fa7f7600,16,q-aggregation-tickets-week,aggregation,format,number,true,true,false,,true,0.7500,true,true,answered,answered,47,47,slack-support-031 slack-support-032 slack-support-033 slack-support-034,slack-support-031 slack-support-032 slack-support-033,0,0,true,925,630,1847,42,0,384,0.000705,0,stop,
20260903-223638-deepseek-v4-flash,1,deepseek-v4-flash,openai-compatible,deepseek-v4-flash,v1,c9ff11afc1436a70,dff88c3a4526f8e2,fa7f7600,16,q-asof-batch,asof,superseded proposal retraction,number,true,true,true,false,true,0.5000,false,true,answered,answered,1000,1000,slack-eng-relay-001 slack-eng-relay-002 doc-config-batch slack-eng-relay-003,slack-eng-relay-001 slack-eng-relay-002,4,2,true,1152,776,1653,78,0,384,0.000667,0,stop,
20260903-223638-deepseek-v4-flash,1,deepseek-v4-flash,openai-compatible,deepseek-v4-flash,v1,c9ff11afc1436a70,dff88c3a4526f8e2,fa7f7600,16,q-asof-cache-ttl,asof,superseded keyword retraction,number,true,true,true,false,false,1.0000,false,true,answered,answered,300,300,slack-eng-palisade-018 slack-eng-palisade-019 cmt-wrn-4477-001,slack-eng-palisade-018 slack-eng-palisade-019 cmt-wrn-4477-001 slack-eng-palisade-020 slack-eng-palisade-021,3,4,true,1410,773,1672,145,0,768,0.000600,0,stop,
20260903-223638-deepseek-v4-flash,1,deepseek-v4-flash,openai-compatible,deepseek-v4-flash,v1,c9ff11afc1436a70,dff88c3a4526f8e2,fa7f7600,16,q-asof-connector-timeout,asof,superseded same_name retraction,number,true,true,true,false,false,1.0000,false,true,answered,answered,30,30,slack-eng-relay-009 slack-eng-relay-010 slack-eng-relay-011,slack-eng-relay-009 slack-eng-relay-010 slack-eng-relay-011 slack-eng-relay-013 slack-eng-relay-014,3,4,true,1229,544,1536,140,0,512,0.000643,0,stop,
20260903-223638-deepseek-v4-flash,1,deepseek-v4-flash,openai-compatible,deepseek-v4-flash,v1,c9ff11afc1436a70,dff88c3a4526f8e2,fa7f7600,16,q-asof-dlq-retries,asof,superseded proposal,number,true,true,true,true,true,1.0000,true,true,answered,answered,5,5,slack-eng-relay-017 slack-eng-relay-018 cmt-wrn-5120-001,slack-eng-relay-018 slack-eng-relay-017 cmt-wrn-5120-001,3,3,true,1376,889,1899,104,0,512,0.000755,0,stop,
20260903-223638-deepseek-v4-flash,1,deepseek-v4-flash,openai-compatible,deepseek-v4-flash,v1,c9ff11afc1436a70,dff88c3a4526f8e2,fa7f7600,16,q-asof-error-budget,asof,superseded,number,true,true,true,false,false,0.3333,false,true,answered,answered,0.5,0.5,slack-eng-palisade-013 slack-eng-palisade-014 doc-config-error-budget,slack-eng-palisade-006 slack-eng-palisade-014 slack-eng-palisade-007,3,2,true,1260,785,1753,93,0,768,0.000567,0,stop,
20260903-223638-deepseek-v4-flash,1,deepseek-v4-flash,openai-compatible,deepseek-v4-flash,v1,c9ff11afc1436a70,dff88c3a4526f8e2,fa7f7600,16,q-asof-fetch-concurrency,asof,superseded keyword,number,true,true,true,true,true,1.0000,true,true,answered,answered,8,8,slack-eng-relay-061 slack-eng-relay-062 slack-eng-relay-063,slack-eng-relay-061 slack-eng-relay-062 slack-eng-relay-063,3,3,true,1242,714,1725,103,0,384,0.000731,0,stop,
20260903-223638-deepseek-v4-flash,1,deepseek-v4-flash,openai-compatible,deepseek-v4-flash,v1,c9ff11afc1436a70,dff88c3a4526f8e2,fa7f7600,16,q-asof-halcyon-invoice,asof,superseded unit quoted_email,number,true,true,true,true,true,1.0000,true,true,answered,answered,3400,3400,slack-sales-001 doc-003 email-007,slack-sales-001 doc-003 email-007,3,3,true,1407,912,1652,95,0,384,0.000689,0,stop,
20260903-223638-deepseek-v4-flash,1,deepseek-v4-flash,openai-compatible,deepseek-v4-flash,v1,c9ff11afc1436a70,dff88c3a4526f8e2,fa7f7600,16,q-asof-halcyon-renewal,asof,superseded,date,true,true,true,false,true,0.6667,false,true,answered,answered,2027-10-31,2027-10-31,slack-sales-044 slack-sales-045 slack-sales-046,slack-sales-044 slack-sales-045,3,2,true,1412,1015,1659,87,0,384,0.000681,0,stop,
20260903-223638-deepseek-v4-flash,1,deepseek-v4-flash,openai-compatible,deepseek-v4-flash,v1,c9ff11afc1436a70,dff88c3a4526f8e2,fa7f7600,16,q-asof-idle-timeout,asof,superseded keyword,number,false,true,true,true,true,1.0000,false,true,answered,answered,90,60,slack-eng-palisade-038 slack-eng-palisade-039 doc-058,slack-eng-palisade-038 slack-eng-palisade-039 doc-058,3,3,true,1653,1239,1604,100,0,384,0.000674,0,stop,
20260903-223638-deepseek-v4-flash,1,deepseek-v4-flash,openai-compatible,deepseek-v4-flash,v1,c9ff11afc1436a70,dff88c3a4526f8e2,fa7f7600,16,q-asof-kestrel-retention,asof,superseded retraction proposal,number,true,true,true,true,false,0.7500,false,true,answered,answered,90,90,email-004 slack-data-platform-001 slack-data-platform-002 slack-data-platform-012,slack-data-platform-001 email-004 slack-data-platform-002 slack-data-platform-004 slack-data-platform-009,3,3,true,1016,472,1689,110,0,1664,0.000179,0,stop,
20260903-223638-deepseek-v4-flash,1,deepseek-v4-flash,openai-compatible,deepseek-v4-flash,v1,c9ff11afc1436a70,dff88c3a4526f8e2,fa7f7600,16,q-asof-meridian-tier,asof,superseded retraction,string,true,true,true,false,false,1.0000,false,true,answered,answered,premium,premium,email-002 slack-support-001 slack-support-002 slack-support-021,slack-support-004 slack-support-003 slack-support-007 slack-support-001 slack-support-021 slack-support-002 slack-support-005 slack-dach-001 slack-support-006 email-002 slack-sales-048 slack-sales-031 slack-sales-027 slack-support-016 slack-sales-049 slack-support-026,3,2,true,1314,513,1452,173,0,384,0.000704,0,stop,
20260903-223638-deepseek-v4-flash,1,deepseek-v4-flash,openai-compatible,deepseek-v4-flash,v1,c9ff11afc1436a70,dff88c3a4526f8e2,fa7f7600,16,q-asof-nightly-job,asof,superseded timezone,time,true,true,true,false,false,1.0000,false,true,answered,answered,03:00,03:00,slack-eng-relay-021 slack-eng-relay-022 slack-eng-relay-023,slack-eng-relay-021 slack-eng-relay-022 slack-eng-relay-023 email-014,3,3,true,1699,1069,1773,116,0,640,0.000661,0,stop,
20260903-223638-deepseek-v4-flash,1,deepseek-v4-flash,openai-compatible,deepseek-v4-flash,v1,c9ff11afc1436a70,dff88c3a4526f8e2,fa7f7600,16,q-asof-northwind-onboarding,asof,superseded retraction,date,true,true,true,true,false,0.5000,false,true,answered,answered,2027-04-26,2027-04-26,email-012 slack-sales-004 slack-sales-005 slack-sales-039,slack-sales-003 slack-sales-005 email-012,3,3,true,1840,1279,1573,114,0,384,0.000679,0,stop,
20260903-223638-deepseek-v4-flash,1,deepseek-v4-flash,openai-compatible,deepseek-v4-flash,v1,c9ff11afc1436a70,dff88c3a4526f8e2,fa7f7600,16,q-asof-oncall-owner,asof,superseded same_name keyword retraction,string,false,true,true,true,true,1.0000,false,true,answered,answered,Ravi Iyer,Priya Raman,slack-infra-001 slack-infra-002 email-006,slack-infra-001 slack-infra-002 email-006,3,3,true,1371,892,1564,103,0,768,0.000497,0,stop,
20260903-223638-deepseek-v4-flash,1,deepseek-v4-flash,openai-compatible,deepseek-v4-flash,v1,c9ff11afc1436a70,dff88c3a4526f8e2,fa7f7600,16,q-asof-p99,asof,superseded quoted_email proposal,number,true,true,true,false,true,0.6667,false,true,answered,answered,165,165,slack-eng-palisade-001 mtg-001 slack-eng-palisade-002,slack-eng-palisade-001 mtg-001,3,2,true,1018,622,1832,73,0,640,0.000630,0,stop,
20260903-223638-deepseek-v4-flash,1,deepseek-v4-flash,openai-compatible,deepseek-v4-flash,v1,c9ff11afc1436a70,dff88c3a4526f8e2,fa7f7600,16,q-asof-page-delay,asof,superseded keyword,number,true,true,true,true,true,1.0000,true,true,answered,answered,10,10,slack-incidents-032 slack-incidents-033 mtg-044,slack-incidents-032 slack-incidents-033 mtg-044,3,3,true,950,514,1742,95,0,384,0.000728,0,stop,
20260903-223638-deepseek-v4-flash,1,deepseek-v4-flash,openai-compatible,deepseek-v4-flash,v1,c9ff11afc1436a70,dff88c3a4526f8e2,fa7f7600,16,q-asof-patch-sla,asof,superseded scope,number,true,true,true,true,true,0.7500,true,true,answered,answered,7,7,doc-005 email-019 slack-security-007 slack-security-017,slack-security-007 doc-005 email-019,3,3,true,1351,862,1545,90,0,1536,0.000144,0,stop,
20260903-223638-deepseek-v4-flash,1,deepseek-v4-flash,openai-compatible,deepseek-v4-flash,v1,c9ff11afc1436a70,dff88c3a4526f8e2,fa7f7600,16,q-asof-premium-response,asof,superseded scope retraction format,number,true,true,true,false,false,1.0000,false,true,answered,answered,30,30,slack-support-008 doc-004 slack-support-009,slack-support-008 doc-017 doc-004 slack-support-009 slack-support-011 slack-support-010,3,6,true,1417,656,1624,162,0,384,0.000765,0,stop,
20260903-223638-deepseek-v4-flash,1,deepseek-v4-flash,openai-compatible,deepseek-v4-flash,v1,c9ff11afc1436a70,dff88c3a4526f8e2,fa7f7600,16,q-asof-ratelimit,asof,superseded scope quoted_email,number,true,true,true,true,true,1.0000,true,true,answered,answered,900,900,slack-eng-palisade-008 doc-001 slack-eng-palisade-009,slack-eng-palisade-008 doc-001 slack-eng-palisade-009,3,3,true,1491,997,1820,101,0,512,0.000716,0,stop,
20260903-223638-deepseek-v4-flash,1,deepseek-v4-flash,openai-compatible,deepseek-v4-flash,v1,c9ff11afc1436a70,dff88c3a4526f8e2,fa7f7600,16,q-asof-release-cadence,asof,superseded,number,true,true,true,false,false,1.0000,false,true,answered,answered,2,2,slack-release-001 doc-002 slack-release-002,slack-release-001 doc-002 slack-release-002 slack-release-004 mtg-004,3,5,true,1200,595,1621,139,0,512,0.000679,0,stop,
20260903-223638-deepseek-v4-flash,1,deepseek-v4-flash,openai-compatible,deepseek-v4-flash,v1,c9ff11afc1436a70,dff88c3a4526f8e2,fa7f7600,16,q-asof-replay-batch,asof,superseded proposal quoted_email,number,true,true,true,true,true,1.0000,true,true,answered,answered,500,500,slack-eng-relay-058 doc-059 slack-eng-relay-059,slack-eng-relay-058 doc-059 slack-eng-relay-059,3,3,true,1475,976,1758,98,0,384,0.000739,0,stop,
20260903-223638-deepseek-v4-flash,1,deepseek-v4-flash,openai-compatible,deepseek-v4-flash,v1,c9ff11afc1436a70,dff88c3a4526f8e2,fa7f7600,16,q-asof-report-day,asof,superseded retraction format,string,false,true,true,false,true,0.6667,false,true,answered,answered,Wednesday,Thursday,slack-support-041 slack-support-042 email-038,slack-support-041 email-038,3,2,true,1356,949,1502,68,0,384,0.000587,0,stop,
20260903-223638-deepseek-v4-flash,1,deepseek-v4-flash,openai-compatible,deepseek-v4-flash,v1,c9ff11afc1436a70,dff88c3a4526f8e2,fa7f7600,16,q-asof-sandbox-quota,asof,superseded keyword unit,number,true,true,true,false,true,0.6667,false,true,answered,answered,20000,20000,slack-eng-palisade-044 slack-eng-palisade-045 slack-eng-palisade-046,slack-eng-palisade-044 slack-eng-palisade-045,3,2,true,1407,1084,1743,81,0,384,0.000710,0,stop,
20260903-223638-deepseek-v4-flash,1,deepseek-v4-flash,openai-compatible,deepseek-v4-flash,v1,c9ff11afc1436a70,dff88c3a4526f8e2,fa7f7600,16,q-asof-status-threshold,asof,superseded format,number,true,true,true,true,true,1.0000,true,true,answered,answered,10,10,slack-incidents-001 slack-incidents-002 mtg-005,slack-incidents-001 slack-incidents-002 mtg-005,3,3,true,1013,588,1562,95,0,512,0.000595,0,stop,
20260903-223638-deepseek-v4-flash,1,deepseek-v4-flash,openai-compatible,deepseek-v4-flash,v1,c9ff11afc1436a70,dff88c3a4526f8e2,fa7f7600,16,q-asof-store-shards,asof,superseded proposal,number,true,true,true,false,true,0.6667,false,true,answered,answered,12,12,slack-data-platform-026 slack-data-platform-027 doc-config-store-shards,slack-data-platform-026 slack-data-platform-027,3,2,true,1094,712,1772,72,0,384,0.000711,0,stop,
20260903-223638-deepseek-v4-flash,1,deepseek-v4-flash,openai-compatible,deepseek-v4-flash,v1,c9ff11afc1436a70,dff88c3a4526f8e2,fa7f7600,16,q-asof-tanaka-contract,asof,superseded retraction,date,true,true,true,false,true,0.6000,false,true,answered,answered,2028-03-31,2028-03-31,email-018 slack-general-036 slack-general-037 slack-sales-015 slack-sales-016,slack-general-036 email-018 slack-general-037,3,2,true,1093,667,1462,90,0,640,0.000489,0,stop,
20260903-223638-deepseek-v4-flash,1,deepseek-v4-flash,openai-compatible,deepseek-v4-flash,v1,c9ff11afc1436a70,dff88c3a4526f8e2,fa7f7600,16,q-asof-tanaka-invoice-day,asof,superseded statement_shaped_question,number,true,true,true,true,true,1.0000,true,true,answered,answered,5,5,slack-general-051 slack-general-052 slack-general-053,slack-general-051 slack-general-052 slack-general-053,3,3,true,1184,742,1454,94,0,384,0.000600,0,stop,
20260903-223638-deepseek-v4-flash,1,deepseek-v4-flash,openai-compatible,deepseek-v4-flash,v1,c9ff11afc1436a70,dff88c3a4526f8e2,fa7f7600,16,q-asof-tls-window,asof,superseded quoted_email retraction,number,true,true,true,false,false,1.0000,false,true,answered,answered,30,30,slack-security-001 email-010 slack-security-002,slack-security-001 email-010 slack-security-002 slack-security-004 slack-security-005,3,5,true,1165,536,1785,140,0,512,0.000752,0,stop,
20260903-223638-deepseek-v4-flash,1,deepseek-v4-flash,openai-compatible,deepseek-v4-flash,v1,c9ff11afc1436a70,dff88c3a4526f8e2,fa7f7600,16,q-asof-training-owner,asof,superseded keyword,string,true,true,true,false,true,0.6667,false,true,answered,answered,Hannah Fischer,Hannah Fischer,slack-security-025 slack-security-026 slack-security-027,slack-security-025 slack-security-026,3,2,true,970,516,1696,78,0,384,0.000686,0,stop,
20260903-223638-deepseek-v4-flash,1,deepseek-v4-flash,openai-compatible,deepseek-v4-flash,v1,c9ff11afc1436a70,dff88c3a4526f8e2,fa7f7600,16,q-asof-verity-seats,asof,superseded quoted_email,number,true,true,true,true,true,0.7500,true,true,answered,answered,75,75,email-015 email-030 slack-sales-010 slack-sales-011,slack-sales-010 email-030 slack-sales-011,3,3,true,1339,959,1701,94,0,384,0.000709,0,stop,
20260903-223638-deepseek-v4-flash,1,deepseek-v4-flash,openai-compatible,deepseek-v4-flash,v1,c9ff11afc1436a70,dff88c3a4526f8e2,fa7f7600,16,q-current-batch,current,superseded format unit retraction,number,false,true,true,false,false,1.0000,false,true,answered,answered,1500,2000,slack-eng-relay-001 slack-eng-relay-002 doc-config-batch slack-eng-relay-003,slack-eng-relay-001 slack-eng-relay-002 doc-config-batch slack-eng-relay-003 slack-eng-relay-007,4,5,true,1431,742,1646,158,0,512,0.000715,0,stop,
20260903-223638-deepseek-v4-flash,1,deepseek-v4-flash,openai-compatible,deepseek-v4-flash,v1,c9ff11afc1436a70,dff88c3a4526f8e2,fa7f7600,16,q-current-cache-ttl,current,superseded keyword retraction statement_shaped_question quoted_email,number,false,true,true,false,false,1.0000,false,true,answered,answered,120,300,slack-eng-palisade-018 slack-eng-palisade-019 cmt-wrn-4477-001,slack-eng-palisade-018 slack-eng-palisade-019 cmt-wrn-4477-001 slack-eng-palisade-020 slack-eng-palisade-021,3,4,true,1330,574,1687,145,0,512,0.000716,0,stop,
20260903-223638-deepseek-v4-flash,1,deepseek-v4-flash,openai-compatible,deepseek-v4-flash,v1,c9ff11afc1436a70,dff88c3a4526f8e2,fa7f7600,16,q-current-connector-timeout,current,superseded same_name keyword retraction statement_shaped_question,number,false,true,true,false,false,1.0000,false,true,answered,answered,45,30,slack-eng-relay-009 slack-eng-relay-010 slack-eng-relay-011,slack-eng-relay-009 slack-eng-relay-010 slack-eng-relay-011 slack-eng-relay-013 slack-eng-relay-014 slack-eng-relay-015,3,4,true,1275,626,1551,150,0,896,0.000499,0,stop,
20260903-223638-deepseek-v4-flash,1,deepseek-v4-flash,openai-compatible,deepseek-v4-flash,v1,c9ff11afc1436a70,dff88c3a4526f8e2,fa7f7600,16,q-current-dlq-retries,current,superseded proposal statement_shaped_question quoted_email,number,true,true,true,true,false,1.0000,false,true,answered,answered,8,8,slack-eng-relay-017 slack-eng-relay-018 cmt-wrn-5120-001,slack-eng-relay-017 slack-eng-relay-018 cmt-wrn-5120-001 email-009,3,3,true,1384,877,1885,109,0,512,0.000755,0,stop,
20260903-223638-deepseek-v4-flash,1,deepseek-v4-flash,openai-compatible,deepseek-v4-flash,v1,c9ff11afc1436a70,dff88c3a4526f8e2,fa7f7600,16,q-current-error-budget,current,superseded statement_shaped_question format,number,true,true,true,true,true,1.0000,true,true,answered,answered,0.25,0.25,slack-eng-palisade-013 slack-eng-palisade-014 doc-config-error-budget,slack-eng-palisade-013 slack-eng-palisade-014 doc-config-error-budget,3,3,true,1685,1217,1658,108,0,768,0.000545,0,stop,
20260903-223638-deepseek-v4-flash,1,deepseek-v4-flash,openai-compatible,deepseek-v4-flash,v1,c9ff11afc1436a70,dff88c3a4526f8e2,fa7f7600,16,q-current-fetch-concurrency,current,superseded keyword format,number,true,true,true,true,true,1.0000,true,true,answered,answered,6,6,slack-eng-relay-061 slack-eng-relay-062 slack-eng-relay-063,slack-eng-relay-061 slack-eng-relay-062 slack-eng-relay-063,3,3,true,973,482,1629,103,0,384,0.000689,0,stop,
20260903-223638-deepseek-v4-flash,1,deepseek-v4-flash,openai-compatible,deepseek-v4-flash,v1,c9ff11afc1436a70,dff88c3a4526f8e2,fa7f7600,16,q-current-halcyon-invoice,current,superseded unit format quoted_email,number,true,true,true,true,false,1.0000,false,true,answered,answered,3900,3900,slack-sales-001 doc-003 email-007,slack-sales-001 doc-003 email-007 slack-sales-034,3,3,true,1233,694,1654,103,0,768,0.000537,0,stop,
20260903-223638-deepseek-v4-flash,1,deepseek-v4-flash,openai-compatible,deepseek-v4-flash,v1,c9ff11afc1436a70,dff88c3a4526f8e2,fa7f7600,16,q-current-halcyon-renewal,current,superseded,date,true,true,true,true,true,1.0000,true,true,answered,answered,2027-09-30,2027-09-30,slack-sales-044 slack-sales-045 slack-sales-046,slack-sales-044 slack-sales-045 slack-sales-046,3,3,true,1077,521,1648,117,0,384,0.000716,0,stop,
20260903-223638-deepseek-v4-flash,1,deepseek-v4-flash,openai-compatible,deepseek-v4-flash,v1,c9ff11afc1436a70,dff88c3a4526f8e2,fa7f7600,16,q-current-idle-timeout,current,superseded statement_shaped_question keyword format,number,true,true,true,true,true,1.0000,true,true,answered,answered,120,120,slack-eng-palisade-038 slack-eng-palisade-039 doc-058,slack-eng-palisade-038 slack-eng-palisade-039 doc-058,3,3,true,1656,1256,1596,100,0,384,0.000671,0,stop,
20260903-223638-deepseek-v4-flash,1,deepseek-v4-flash,openai-compatible,deepseek-v4-flash,v1,c9ff11afc1436a70,dff88c3a4526f8e2,fa7f7600,16,q-current-kestrel-retention,current,superseded proposal retraction statement_shaped_question quoted_email,number,false,true,true,false,false,1.0000,false,true,answered,answered,180,90,email-004 slack-data-platform-001 slack-data-platform-002 slack-data-platform-012,slack-data-platform-001 email-004 slack-data-platform-004 slack-data-platform-005 slack-data-platform-002 slack-data-platform-012,3,4,true,1436,718,1682,135,0,1664,0.000209,0,stop,
20260903-223638-deepseek-v4-flash,1,deepseek-v4-flash,openai-compatible,deepseek-v4-flash,v1,c9ff11afc1436a70,dff88c3a4526f8e2,fa7f7600,16,q-current-meridian-tier,current,superseded statement_shaped_question format retraction,string,false,true,true,false,false,0.7500,false,true,answered,answered,enterprise,premium,email-002 slack-support-001 slack-support-002 slack-support-021,slack-support-001 email-002 slack-support-002 slack-support-005 slack-support-006,3,5,true,1420,804,1448,145,0,384,0.000665,0,stop,
20260903-223638-deepseek-v4-flash,1,deepseek-v4-flash,openai-compatible,deepseek-v4-flash,v1,c9ff11afc1436a70,dff88c3a4526f8e2,fa7f7600,16,q-current-nightly-job,current,superseded timezone quoted_email,time,true,true,true,false,false,1.0000,false,true,answered,answered,01:30,01:30,slack-eng-relay-021 slack-eng-relay-022 slack-eng-relay-023,slack-eng-relay-024 slack-eng-relay-023 slack-eng-relay-021 slack-eng-relay-022 email-014,3,3,true,1159,611,1765,126,0,1664,0.000234,0,stop,
20260903-223638-deepseek-v4-flash,1,deepseek-v4-flash,openai-compatible,deepseek-v4-flash,v1,c9ff11afc1436a70,dff88c3a4526f8e2,fa7f7600,16,q-current-northwind-onboarding,current,superseded planned_vs_done retraction statement_shaped_question,date,true,true,true,true,false,1.0000,false,true,answered,answered,2027-06-21,2027-06-21,email-012 slack-sales-004 slack-sales-005 slack-sales-039,slack-sales-039 email-012 slack-sales-004 slack-sales-008 slack-sales-005,3,3,true,1558,934,1566,130,0,1536,0.000206,0,stop,
20260903-223638-deepseek-v4-flash,1,deepseek-v4-flash,openai-compatible,deepseek-v4-flash,v1,c9ff11afc1436a70,dff88c3a4526f8e2,fa7f7600,16,q-current-oncall-owner,current,superseded same_name retraction,string,false,true,true,false,false,1.0000,false,true,answered,answered,Priya Raman,Ravi Iyer,slack-infra-001 slack-infra-002 email-006,slack-infra-004 slack-infra-003 email-006 slack-infra-001 slack-infra-002 slack-infra-005,3,4,true,1418,831,1577,148,0,384,0.000726,0,stop,
20260903-223638-deepseek-v4-flash,1,deepseek-v4-flash,openai-compatible,deepseek-v4-flash,v1,c9ff11afc1436a70,dff88c3a4526f8e2,fa7f7600,16,q-current-p99,current,superseded statement_shaped_question proposal quoted_email,number,true,true,true,true,true,1.0000,true,true,answered,answered,150,150,slack-eng-palisade-001 mtg-001 slack-eng-palisade-002,slack-eng-palisade-001 mtg-001 slack-eng-palisade-002,3,3,true,1512,1032,1759,101,0,640,0.000635,0,stop,
20260903-223638-deepseek-v4-flash,1,deepseek-v4-flash,openai-compatible,deepseek-v4-flash,v1,c9ff11afc1436a70,dff88c3a4526f8e2,fa7f7600,16,q-current-page-delay,current,superseded keyword,number,true,true,true,true,true,1.0000,true,true,answered,answered,3,3,slack-incidents-032 slack-incidents-033 mtg-044,slack-incidents-032 slack-incidents-033 mtg-044,3,3,true,1198,800,1705,95,0,384,0.000712,0,stop,
20260903-223638-deepseek-v4-flash,1,deepseek-v4-flash,openai-compatible,deepseek-v4-flash,v1,c9ff11afc1436a70,dff88c3a4526f8e2,fa7f7600,16,q-current-patch-sla,current,superseded statement_shaped_question scope,number,true,true,true,true,true,1.0000,true,true,answered,answered,3,3,doc-005 email-019 slack-security-007 slack-security-017,slack-security-007 doc-005 email-019 slack-security-017,3,3,true,1220,891,1540,97,0,384,0.000642,0,stop,
20260903-223638-deepseek-v4-flash,1,deepseek-v4-flash,openai-compatible,deepseek-v4-flash,v1,c9ff11afc1436a70,dff88c3a4526f8e2,fa7f7600,16,q-current-premium-response,current,superseded scope format retraction quoted_email,number,true,true,true,true,false,0.6667,false,true,answered,answered,15,15,slack-support-008 doc-004 slack-support-009,slack-support-006 doc-005 slack-support-007 slack-support-008 slack-support-009 slack-support-010 slack-support-011 slack-support-012 slack-support-013 email-013,3,3,true,1479,819,1617,139,0,384,0.000731,0,stop,
20260903-223638-deepseek-v4-flash,1,deepseek-v4-flash,openai-compatible,deepseek-v4-flash,v1,c9ff11afc1436a70,dff88c3a4526f8e2,fa7f7600,16,q-current-ratelimit,current,superseded scope proposal,number,true,true,true,true,false,1.0000,false,true,answered,answered,1200,1200,slack-eng-palisade-008 doc-001 slack-eng-palisade-009,slack-eng-palisade-008 doc-001 slack-eng-palisade-009 email-003,3,3,true,1067,566,1801,107,0,512,0.000716,0,stop,
20260903-223638-deepseek-v4-flash,1,deepseek-v4-flash,openai-compatible,deepseek-v4-flash,v1,c9ff11afc1436a70,dff88c3a4526f8e2,fa7f7600,16,q-current-release-cadence,current,superseded retraction format,number,false,true,true,false,false,1.0000,false,true,answered,answered,3,4,slack-release-001 doc-002 slack-release-002,slack-release-001 doc-002 slack-release-002 slack-release-004 slack-release-006,3,5,true,1311,843,1605,140,0,1536,0.000237,0,stop,
20260903-223638-deepseek-v4-flash,1,deepseek-v4-flash,openai-compatible,deepseek-v4-flash,v1,c9ff11afc1436a70,dff88c3a4526f8e2,fa7f7600,16,q-current-replay-batch,current,superseded proposal quoted_email scope,number,true,true,true,true,false,1.0000,false,true,answered,answered,250,250,slack-eng-relay-058 doc-059 slack-eng-relay-059,slack-eng-relay-059 doc-059 slack-eng-relay-058 email-037,3,3,true,1171,636,1729,103,0,384,0.000733,0,stop,
20260903-223638-deepseek-v4-flash,1,deepseek-v4-flash,openai-compatible,deepseek-v4-flash,v1,c9ff11afc1436a70,dff88c3a4526f8e2,fa7f7600,16,q-current-report-day,current,superseded retraction format,string,false,true,true,false,false,1.0000,false,true,answered,answered,Thursday,Wednesday,slack-support-041 slack-support-042 email-038,slack-support-041 slack-support-042 email-038 slack-support-043 slack-support-044,3,4,true,1731,1163,1484,123,0,384,0.000652,0,stop,
20260903-223638-deepseek-v4-flash,1,deepseek-v4-flash,openai-compatible,deepseek-v4-flash,v1,c9ff11afc1436a70,dff88c3a4526f8e2,fa7f7600,16,q-current-sandbox-quota,current,superseded keyword unit,number,false,true,true,false,false,1.0000,false,true,answered,answered,50000,20000,slack-eng-palisade-044 slack-eng-palisade-045 slack-eng-palisade-046,slack-eng-palisade-044 slack-eng-palisade-045 slack-eng-palisade-048 slack-eng-palisade-046 slack-eng-palisade-047,3,5,true,2338,1609,1751,168,0,512,0.000774,0,stop,
20260903-223638-deepseek-v4-flash,1,deepseek-v4-flash,openai-compatible,deepseek-v4-flash,v1,c9ff11afc1436a70,dff88c3a4526f8e2,fa7f7600,16,q-current-status-threshold,current,superseded statement_shaped_question format,number,true,true,true,true,true,1.0000,true,true,answered,answered,20,20,slack-incidents-001 slack-incidents-002 mtg-005,slack-incidents-001 slack-incidents-002 mtg-005,3,3,true,1071,602,1665,95,0,640,0.000585,0,stop,
20260903-223638-deepseek-v4-flash,1,deepseek-v4-flash,openai-compatible,deepseek-v4-flash,v1,c9ff11afc1436a70,dff88c3a4526f8e2,fa7f7600,16,q-current-store-shards,current,superseded proposal format,number,true,true,true,true,true,1.0000,true,true,answered,answered,16,16,slack-data-platform-026 slack-data-platform-027 doc-config-store-shards,doc-config-store-shards slack-data-platform-026 slack-data-platform-027,3,3,true,1390,1011,1942,96,0,384,0.000818,0,stop,
20260903-223638-deepseek-v4-flash,1,deepseek-v4-flash,openai-compatible,deepseek-v4-flash,v1,c9ff11afc1436a70,dff88c3a4526f8e2,fa7f7600,16,q-current-tanaka-contract,current,superseded retraction statement_shaped_question,date,false,true,true,false,false,1.0000,false,true,answered,answered,2028-09-30,2028-03-31,email-018 slack-general-036 slack-general-037 slack-sales-015 slack-sales-016,slack-sales-016 slack-sales-020 email-018 slack-sales-018 slack-general-036 slack-sales-015 slack-sales-017 slack-general-037 slack-sales-019,3,2,true,1522,844,1439,138,0,640,0.000543,0,stop,
20260903-223638-deepseek-v4-flash,1,deepseek-v4-flash,openai-compatible,deepseek-v4-flash,v1,c9ff11afc1436a70,dff88c3a4526f8e2,fa7f7600,16,q-current-tanaka-invoice-day,current,superseded statement_shaped_question,number,true,true,true,true,true,1.0000,true,true,answered,answered,3,3,slack-general-051 slack-general-052 slack-general-053,slack-general-051 slack-general-052 slack-general-053,3,3,true,1766,1242,1458,94,0,384,0.000602,0,stop,
20260903-223638-deepseek-v4-flash,1,deepseek-v4-flash,openai-compatible,deepseek-v4-flash,v1,c9ff11afc1436a70,dff88c3a4526f8e2,fa7f7600,16,q-current-tls-window,current,superseded retraction statement_shaped_question,number,true,true,true,true,false,1.0000,false,true,answered,answered,45,45,slack-security-001 email-010 slack-security-002,slack-security-001 email-010 slack-security-002 email-011 slack-security-004 slack-security-005 slack-security-006,3,3,true,1064,518,1749,118,0,512,0.000707,0,stop,
20260903-223638-deepseek-v4-flash,1,deepseek-v4-flash,openai-compatible,deepseek-v4-flash,v1,c9ff11afc1436a70,dff88c3a4526f8e2,fa7f7600,16,q-current-training-owner,current,superseded keyword,string,false,true,true,false,true,1.0000,false,true,answered,answered,Nils Berg,Hannah Fischer,slack-security-025 slack-security-026 slack-security-027,slack-security-025 slack-security-026 slack-security-027,3,2,true,1661,1220,1736,85,0,384,0.000712,0,stop,
20260903-223638-deepseek-v4-flash,1,deepseek-v4-flash,openai-compatible,deepseek-v4-flash,v1,c9ff11afc1436a70,dff88c3a4526f8e2,fa7f7600,16,q-current-verity-seats,current,superseded proposal statement_shaped_question,number,true,true,true,true,true,0.7500,true,true,answered,answered,120,120,email-015 email-030 slack-sales-010 slack-sales-011,slack-sales-010 email-030 slack-sales-011,3,3,true,1163,630,1704,94,0,512,0.000656,0,stop,
20260903-223638-deepseek-v4-flash,1,deepseek-v4-flash,openai-compatible,deepseek-v4-flash,v1,c9ff11afc1436a70,dff88c3a4526f8e2,fa7f7600,16,q-exhaustive-affected-regions-apr,exhaustive,negation superseded,string[],true,true,false,,true,0.8333,true,true,answered,answered,"[""eu-west"",""us-east""]","[""eu-west"",""us-east""]",doc-055 slack-incidents-006 slack-incidents-013 slack-incidents-014 slack-incidents-015 slack-incidents-019,slack-incidents-006 slack-incidents-013 slack-incidents-014 slack-incidents-015 doc-055,0,0,true,932,699,1629,63,0,1536,0.000146,0,stop,
20260903-223638-deepseek-v4-flash,1,deepseek-v4-flash,openai-compatible,deepseek-v4-flash,v1,c9ff11afc1436a70,dff88c3a4526f8e2,fa7f7600,16,q-exhaustive-annex-differences,exhaustive,negation,string[],true,true,false,,false,1.0000,false,true,answered,answered,"[""sub-processor notice""]","[""sub-processor notice""]",slack-general-019 slack-general-020,slack-general-019 doc-023 slack-general-020 slack-general-028 slack-general-064 slack-data-platform-014,0,0,true,1152,930,1520,65,0,384,0.000591,0,stop,
20260903-223638-deepseek-v4-flash,1,deepseek-v4-flash,openai-compatible,deepseek-v4-flash,v1,c9ff11afc1436a70,dff88c3a4526f8e2,fa7f7600,16,q-exhaustive-audit-log-fields,exhaustive,negation,string[],true,true,false,,true,0.6667,true,true,answered,answered,"[""actor"",""action"",""resource""]","[""actor"",""action"",""resource""]",slack-eng-core-034 slack-eng-core-035 slack-eng-core-036,slack-eng-core-034 slack-eng-core-035,0,0,true,825,472,1693,45,0,384,0.000641,0,stop,
20260903-223638-deepseek-v4-flash,1,deepseek-v4-flash,openai-compatible,deepseek-v4-flash,v1,c9ff11afc1436a70,dff88c3a4526f8e2,fa7f7600,16,q-exhaustive-badge-holders,exhaustive,same_name negation,string[],true,true,false,,true,1.0000,true,true,answered,answered,"[""Ravi Iyer"",""Diego Alvarez""]","[""Ravi Iyer"",""Diego Alvarez""]",doc-026 slack-infra-022 slack-infra-023 slack-infra-029,doc-026 slack-infra-023 slack-infra-029 slack-infra-022,0,0,true,934,617,1592,58,0,1536,0.000123,0,stop,
20260903-223638-deepseek-v4-flash,1,deepseek-v4-flash,openai-compatible,deepseek-v4-flash,v1,c9ff11afc1436a70,dff88c3a4526f8e2,fa7f7600,16,q-exhaustive-channels-monitored,exhaustive,negation,string[],true,true,false,,true,1.0000,true,true,answered,answered,"[""incidents"",""support""]","[""incidents"",""support""]",doc-044 slack-support-024 slack-support-025,slack-support-025 doc-044 slack-support-024,0,0,true,1239,1039,1542,44,0,384,0.000573,0,stop,
20260903-223638-deepseek-v4-flash,1,deepseek-v4-flash,openai-compatible,deepseek-v4-flash,v1,c9ff11afc1436a70,dff88c3a4526f8e2,fa7f7600,16,q-exhaustive-components-frozen,exhaustive,negation planned_vs_done,string[],true,true,false,,true,0.6667,true,true,answered,answered,"[""edge nodes"",""control plane"",""normalise stage""]","[""edge nodes"",""control plane"",""normalise stage""]",slack-release-008 slack-release-009 slack-release-010,slack-release-008 slack-release-009,0,0,true,963,590,1465,45,0,640,0.000431,0,stop,
20260903-223638-deepseek-v4-flash,1,deepseek-v4-flash,openai-compatible,deepseek-v4-flash,v1,c9ff11afc1436a70,dff88c3a4526f8e2,fa7f7600,16,q-exhaustive-customers-502,exhaustive,format,string[],true,true,false,,true,0.6000,true,true,answered,answered,"[""Meridian Logistics"",""Halcyon Media"",""Orso Retail""]","[""Meridian Logistics"",""Halcyon Media"",""Orso Retail""]",issue-wrn-4102 slack-support-026 slack-support-027 slack-support-028 slack-support-029,slack-support-026 slack-support-027 slack-support-028,0,0,true,1744,1246,1542,55,0,384,0.000587,0,stop,
20260903-223638-deepseek-v4-flash,1,deepseek-v4-flash,openai-compatible,deepseek-v4-flash,v1,c9ff11afc1436a70,dff88c3a4526f8e2,fa7f7600,16,q-exhaustive-dach-channels,exhaustive,negation format,string[],true,true,false,,true,1.0000,true,true,answered,answered,"[""dach"",""support""]","[""dach"",""support""]",slack-dach-013 slack-dach-014,slack-dach-013 slack-dach-014,0,0,true,875,609,1443,41,0,384,0.000525,0,stop,
20260903-223638-deepseek-v4-flash,1,deepseek-v4-flash,openai-compatible,deepseek-v4-flash,v1,c9ff11afc1436a70,dff88c3a4526f8e2,fa7f7600,16,q-exhaustive-dach-customers,exhaustive,format superseded,string[],true,true,false,,true,1.0000,true,true,answered,answered,"[""Orso Retail"",""Verity Insurance""]","[""Orso Retail"",""Verity Insurance""]",email-025 email-026 slack-dach-005,email-025 email-026 slack-dach-005,0,3,true,1623,1043,1471,124,0,384,0.000647,0,stop,
20260903-223638-deepseek-v4-flash,1,deepseek-v4-flash,openai-compatible,deepseek-v4-flash,v1,c9ff11afc1436a70,dff88c3a4526f8e2,fa7f7600,16,q-exhaustive-deploy-teams,exhaustive,negation,string[],true,true,false,,false,0.5000,false,true,answered,answered,"[""the platform team"",""the relay team""]","[""platform team"",""relay team""]",slack-infra-053 slack-infra-054,slack-infra-053 doc-027 slack-infra-027,0,0,true,994,600,1564,48,0,512,0.000533,0,stop,
20260903-223638-deepseek-v4-flash,1,deepseek-v4-flash,openai-compatible,deepseek-v4-flash,v1,c9ff11afc1436a70,dff88c3a4526f8e2,fa7f7600,16,q-exhaustive-enterprise-customers,exhaustive,negation superseded,string[],true,true,false,,false,1.0000,false,true,answered,answered,"[""Meridian Logistics""]","[""Meridian Logistics""]",slack-sales-048 slack-sales-049,slack-sales-049 slack-sales-048 slack-sales-031 slack-support-021 slack-support-002,0,0,true,1119,815,1592,61,0,384,0.000617,0,stop,
20260903-223638-deepseek-v4-flash,1,deepseek-v4-flash,openai-compatible,deepseek-v4-flash,v1,c9ff11afc1436a70,dff88c3a4526f8e2,fa7f7600,16,q-exhaustive-freeze-exempt,exhaustive,negation,string[],true,true,false,,false,1.0000,false,true,answered,answered,"[""security fixes"",""incident fixes""]","[""security fixes"",""incident fixes""]",doc-024 mtg-007 slack-eng-core-013 slack-eng-core-014 slack-eng-core-018,doc-024 slack-eng-core-013 slack-eng-core-014 slack-eng-core-011 mtg-007 slack-eng-core-020 slack-eng-core-018 slack-eng-core-012 slack-security-015,0,0,true,1318,850,1557,99,0,768,0.000489,0,stop,
20260903-223638-deepseek-v4-flash,1,deepseek-v4-flash,openai-compatible,deepseek-v4-flash,v1,c9ff11afc1436a70,dff88c3a4526f8e2,fa7f7600,16,q-exhaustive-gateway-components,exhaustive,negation keyword,string[],true,true,false,,true,0.2500,true,true,answered,answered,"[""edge nodes"",""admin api"",""control plane""]","[""edge nodes"",""admin api"",""control plane""]",doc-013 doc-018 doc-025 doc-034 slack-eng-core-007 slack-eng-core-015 slack-eng-core-016 slack-eng-core-017,doc-013 slack-eng-core-016,0,0,true,1522,1290,1621,44,0,512,0.000553,0,stop,
20260903-223638-deepseek-v4-flash,1,deepseek-v4-flash,openai-compatible,deepseek-v4-flash,v1,c9ff11afc1436a70,dff88c3a4526f8e2,fa7f7600,16,q-exhaustive-german-invoicing,exhaustive,format negation,string[],true,true,false,,false,1.0000,false,true,answered,answered,"[""Germany"",""Austria""]","[""Germany"",""Austria""]",doc-035 slack-general-017 slack-general-018 slack-general-031,slack-general-017 doc-035 slack-general-031 slack-general-062 slack-general-018,0,0,true,750,473,1526,58,0,640,0.000475,0,stop,
20260903-223638-deepseek-v4-flash,1,deepseek-v4-flash,openai-compatible,deepseek-v4-flash,v1,c9ff11afc1436a70,dff88c3a4526f8e2,fa7f7600,16,q-exhaustive-incident-numbers,exhaustive,keyword negation,string[],true,true,false,,true,1.0000,true,true,answered,answered,"[""INC-2027-009"",""INC-2027-014"",""INC-2027-021""]","[""INC-2027-009"",""INC-2027-014"",""INC-2027-021""]",slack-incidents-036 slack-incidents-037 slack-incidents-038,slack-incidents-037 slack-incidents-036 slack-incidents-038,0,0,true,1246,1042,1744,66,0,384,0.000691,0,stop,
20260903-223638-deepseek-v4-flash,1,deepseek-v4-flash,openai-compatible,deepseek-v4-flash,v1,c9ff11afc1436a70,dff88c3a4526f8e2,fa7f7600,16,q-exhaustive-incident-roles,exhaustive,negation,string[],true,true,false,,true,0.7500,true,true,answered,answered,"[""incident commander"",""scribe""]","[""incident commander"",""scribe""]",doc-007 slack-incidents-011 slack-incidents-012 slack-incidents-021,slack-incidents-011 doc-007 slack-incidents-012,0,0,true,895,594,1923,47,0,768,0.000581,0,stop,
20260903-223638-deepseek-v4-flash,1,deepseek-v4-flash,openai-compatible,deepseek-v4-flash,v1,c9ff11afc1436a70,dff88c3a4526f8e2,fa7f7600,16,q-exhaustive-limiter-regions,exhaustive,superseded negation,string[],false,true,true,true,true,1.0000,false,true,answered,answered,"[""eu-west"",""ap-south""]","[""eu-west"",""us-east"",""ap-south""]",slack-eng-palisade-026 slack-eng-palisade-027 slack-eng-palisade-028,slack-eng-palisade-026 slack-eng-palisade-027 slack-eng-palisade-028,3,3,true,1517,852,1901,137,0,640,0.000745,0,stop,
20260903-223638-deepseek-v4-flash,1,deepseek-v4-flash,openai-compatible,deepseek-v4-flash,v1,c9ff11afc1436a70,dff88c3a4526f8e2,fa7f7600,16,q-exhaustive-maintenance-regions,exhaustive,timezone,string[],true,true,false,,true,1.0000,true,true,answered,answered,"[""eu-west"",""us-east"",""ap-south""]","[""eu-west"",""us-east"",""ap-south""]",slack-infra-040 slack-infra-041,slack-infra-041 slack-infra-040,0,0,true,898,619,1631,47,0,512,0.000562,0,stop,
20260903-223638-deepseek-v4-flash,1,deepseek-v4-flash,openai-compatible,deepseek-v4-flash,v1,c9ff11afc1436a70,dff88c3a4526f8e2,fa7f7600,16,q-exhaustive-negotiated-annex,exhaustive,negation,string[],true,true,false,,false,0.7143,false,true,answered,answered,"[""Tanaka Foods"",""Halcyon Media""]","[""Tanaka Foods"",""Halcyon Media""]",doc-022 slack-data-platform-017 slack-general-004 slack-general-007 slack-general-008 slack-general-009 slack-general-010,slack-general-004 slack-general-010 slack-general-008 slack-general-063 slack-general-007 slack-general-009,0,0,true,1245,888,1510,71,0,640,0.000485,0,stop,
20260903-223638-deepseek-v4-flash,1,deepseek-v4-flash,openai-compatible,deepseek-v4-flash,v1,c9ff11afc1436a70,dff88c3a4526f8e2,fa7f7600,16,q-exhaustive-oncall-may,exhaustive,same_name,string[],true,true,false,,true,1.0000,true,true,answered,answered,"[""Ravi Iyer"",""Elena Sokolova"",""Ravi Menon""]","[""Ravi Iyer"",""Elena Sokolova"",""Ravi Menon""]",slack-infra-012 slack-infra-020 slack-infra-021,slack-infra-021 slack-infra-012 slack-infra-020,0,0,true,1242,992,1874,61,0,512,0.000687,0,stop,
20260903-223638-deepseek-v4-flash,1,deepseek-v4-flash,openai-compatible,deepseek-v4-flash,v1,c9ff11afc1436a70,dff88c3a4526f8e2,fa7f7600,16,q-exhaustive-postmortems-written,exhaustive,,string[],true,true,false,,true,1.0000,true,true,answered,answered,"[""Priya Raman"",""Diego Alvarez"",""Elena Sokolova""]","[""Priya Raman"",""Diego Alvarez"",""Elena Sokolova""]",doc-028 doc-039 slack-incidents-016,slack-incidents-016 doc-039 doc-028,0,0,true,1174,887,1977,53,0,640,0.000667,0,stop,
20260903-223638-deepseek-v4-flash,1,deepseek-v4-flash,openai-compatible,deepseek-v4-flash,v1,c9ff11afc1436a70,dff88c3a4526f8e2,fa7f7600,16,q-exhaustive-premium-customers,exhaustive,superseded,string[],true,true,false,,false,0.1667,false,true,answered,answered,"[""Orso Retail"",""Kestrel Health""]","[""Orso Retail"",""Kestrel Health""]",doc-016 slack-sales-025 slack-sales-029 slack-sales-030 slack-sales-031 slack-sales-035,slack-sales-031 slack-sales-048 slack-sales-049,0,0,true,990,668,1608,53,0,896,0.000396,0,stop,
20260903-223638-deepseek-v4-flash,1,deepseek-v4-flash,openai-compatible,deepseek-v4-flash,v1,c9ff11afc1436a70,dff88c3a4526f8e2,fa7f7600,16,q-exhaustive-q1-purchase-orders,exhaustive,negation,string[],true,true,false,,true,1.0000,true,true,answered,answered,"[""PO-90114"",""PO-90115"",""PO-90117""]","[""PO-90114"",""PO-90115"",""PO-90117""]",slack-general-056 slack-general-057 slack-general-058,slack-general-056 slack-general-057 slack-general-058,0,0,true,954,725,1533,57,0,384,0.000586,0,stop,
20260903-223638-deepseek-v4-flash,1,deepseek-v4-flash,openai-compatible,deepseek-v4-flash,v1,c9ff11afc1436a70,dff88c3a4526f8e2,fa7f7600,16,q-exhaustive-regions-offered,exhaustive,proposal,string[],true,true,false,,true,1.0000,true,true,answered,answered,"[""eu-west"",""us-east"",""ap-south""]","[""eu-west"",""us-east"",""ap-south""]",doc-008 slack-data-platform-015 slack-data-platform-016,doc-008 slack-data-platform-015 slack-data-platform-016,0,0,true,916,549,1746,52,0,384,0.000673,0,stop,
20260903-223638-deepseek-v4-flash,1,deepseek-v4-flash,openai-compatible,deepseek-v4-flash,v1,c9ff11afc1436a70,dff88c3a4526f8e2,fa7f7600,16,q-exhaustive-relay-connectors,exhaustive,superseded negation,string[],true,true,false,,true,0.6667,true,true,answered,answered,"[""Kestrel Health"",""Orso Retail"",""Halcyon Media""]","[""Kestrel Health"",""Orso Retail"",""Halcyon Media""]",slack-eng-relay-066 slack-eng-relay-067 slack-eng-relay-068,slack-eng-relay-066 slack-eng-relay-067,0,0,true,758,454,1564,55,0,384,0.000597,0,stop,
20260903-223638-deepseek-v4-flash,1,deepseek-v4-flash,openai-compatible,deepseek-v4-flash,v1,c9ff11afc1436a70,dff88c3a4526f8e2,fa7f7600,16,q-exhaustive-relay-stages,exhaustive,planned_vs_done,string[],true,true,false,,true,0.7500,true,true,answered,answered,"[""fetch"",""normalise"",""validate"",""load""]","[""fetch"",""normalise"",""validate"",""load""]",doc-010 slack-eng-relay-036 slack-eng-relay-037 slack-eng-relay-048,slack-eng-relay-036 slack-eng-relay-037 doc-010,0,0,true,1081,783,1600,56,0,384,0.000614,0,stop,
20260903-223638-deepseek-v4-flash,1,deepseek-v4-flash,openai-compatible,deepseek-v4-flash,v1,c9ff11afc1436a70,dff88c3a4526f8e2,fa7f7600,16,q-exhaustive-sandbox-regions,exhaustive,negation superseded,string[],true,true,false,,true,1.0000,true,true,answered,answered,"[""eu-west"",""us-east""]","[""eu-west"",""us-east""]",slack-infra-050 slack-infra-051 slack-infra-052,slack-infra-050 slack-infra-051 slack-infra-052,0,0,true,927,675,1636,50,0,384,0.000622,0,stop,
20260903-223638-deepseek-v4-flash,1,deepseek-v4-flash,openai-compatible,deepseek-v4-flash,v1,c9ff11afc1436a70,dff88c3a4526f8e2,fa7f7600,16,q-exhaustive-security-signoff,exhaustive,negation same_name,string[],true,true,false,,true,0.6667,true,true,answered,answered,"[""Yusuf Demir"",""Ingrid Halvorsen""]","[""Yusuf Demir"",""Ingrid Halvorsen""]",slack-security-030 slack-security-031 slack-security-032,slack-security-030 slack-security-031,0,2,true,970,480,1449,98,0,384,0.000603,0,stop,
20260903-223638-deepseek-v4-flash,1,deepseek-v4-flash,openai-compatible,deepseek-v4-flash,v1,c9ff11afc1436a70,dff88c3a4526f8e2,fa7f7600,16,q-exhaustive-sub-processors,exhaustive,proposal,string[],true,true,false,,true,1.0000,true,true,answered,answered,"[""Nordhaven"",""Steinfeld"",""Lumen Mail""]","[""Nordhaven"",""Steinfeld"",""Lumen Mail""]",slack-general-011 slack-general-012 slack-general-013 slack-general-033 slack-general-039,slack-general-011 slack-general-039 slack-general-033 slack-general-012 slack-general-013,0,0,true,1017,665,1773,67,0,384,0.000705,0,stop,
20260903-223638-deepseek-v4-flash,1,deepseek-v4-flash,openai-compatible,deepseek-v4-flash,v1,c9ff11afc1436a70,dff88c3a4526f8e2,fa7f7600,16,q-exhaustive-tools-renewed,exhaustive,planned_vs_done,string[],true,true,false,,false,0.6667,false,true,answered,answered,"[""Tidemark"",""Beacon"",""Lantern""]","[""Tidemark"",""Beacon"",""Lantern""]",slack-general-014 slack-general-015 slack-general-016,slack-general-014 slack-general-015 slack-general-057,0,0,true,806,504,1553,52,0,384,0.000588,0,stop,
20260903-223638-deepseek-v4-flash,1,deepseek-v4-flash,openai-compatible,deepseek-v4-flash,v1,c9ff11afc1436a70,dff88c3a4526f8e2,fa7f7600,16,q-join-acceptance-port,join,scope,number,true,true,false,,false,1.0000,false,true,answered,answered,8445,8445,slack-release-021 doc-060,slack-release-021 doc-006 doc-060,0,0,true,771,613,1946,39,0,384,0.000744,0,stop,
20260903-223638-deepseek-v4-flash,1,deepseek-v4-flash,openai-compatible,deepseek-v4-flash,v1,c9ff11afc1436a70,dff88c3a4526f8e2,fa7f7600,16,q-join-badge-holder,join,same_name,string,true,true,false,,true,0.5000,true,true,answered,answered,Ravi Iyer,Ravi Iyer,doc-026 slack-infra-015 slack-infra-022 slack-infra-029,doc-026 slack-infra-022,0,0,true,1416,1154,1517,37,0,1024,0.000280,0,stop,
20260903-223638-deepseek-v4-flash,1,deepseek-v4-flash,openai-compatible,deepseek-v4-flash,v1,c9ff11afc1436a70,dff88c3a4526f8e2,fa7f7600,16,q-join-beacon-po,join,unit,number,true,true,false,,true,1.0000,true,true,answered,answered,9600,9600,slack-general-060 email-039,slack-general-060 email-039,0,0,true,1181,915,1579,34,0,384,0.000576,0,stop,
20260903-223638-deepseek-v4-flash,1,deepseek-v4-flash,openai-compatible,deepseek-v4-flash,v1,c9ff11afc1436a70,dff88c3a4526f8e2,fa7f7600,16,q-join-brightline-owner,join,same_name,string,true,true,false,,true,1.0000,true,true,answered,answered,Anna Brandt,Anna Brandt,issue-wrn-4815 slack-sales-050,slack-sales-050 issue-wrn-4815,0,0,true,794,564,1623,38,0,384,0.000601,0,stop,
20260903-223638-deepseek-v4-flash,1,deepseek-v4-flash,openai-compatible,deepseek-v4-flash,v1,c9ff11afc1436a70,dff88c3a4526f8e2,fa7f7600,16,q-join-brightline-renewal,join,,date,true,true,false,,true,1.0000,true,true,answered,answered,2027-11-30,2027-11-30,issue-wrn-4425 slack-sales-024,issue-wrn-4425 slack-sales-024,0,0,true,1327,1159,1634,42,0,384,0.000611,0,stop,
20260903-223638-deepseek-v4-flash,1,deepseek-v4-flash,openai-compatible,deepseek-v4-flash,v1,c9ff11afc1436a70,dff88c3a4526f8e2,fa7f7600,16,q-join-component-team,join,,string,true,true,false,,false,1.0000,false,true,answered,answered,the relay team,relay team,slack-eng-relay-029 doc-013,slack-eng-relay-031 slack-eng-relay-029 doc-013,0,0,true,1297,577,1678,48,0,512,0.000584,0,stop,
20260903-223638-deepseek-v4-flash,1,deepseek-v4-flash,openai-compatible,deepseek-v4-flash,v1,c9ff11afc1436a70,dff88c3a4526f8e2,fa7f7600,16,q-join-contract-signer,join,,string,true,true,false,,true,0.5000,true,true,answered,answered,Ingrid Halvorsen,Ingrid Halvorsen,doc-012 slack-general-001,slack-general-001,0,0,true,898,680,1755,33,0,384,0.000652,0,stop,
20260903-223638-deepseek-v4-flash,1,deepseek-v4-flash,openai-compatible,deepseek-v4-flash,v1,c9ff11afc1436a70,dff88c3a4526f8e2,fa7f7600,16,q-join-dc-provider,join,,string,true,true,false,,true,0.5000,true,true,answered,answered,Nordhaven,Nordhaven,doc-014 slack-infra-011 slack-infra-013 slack-infra-014,slack-infra-013 doc-014,0,0,true,986,587,1510,35,0,768,0.000383,0,stop,
20260903-223638-deepseek-v4-flash,1,deepseek-v4-flash,openai-compatible,deepseek-v4-flash,v1,c9ff11afc1436a70,dff88c3a4526f8e2,fa7f7600,16,q-join-deploy-window,join,,string,true,true,false,,false,1.0000,false,true,answered,answered,Tuesday,Tuesday,doc-027 slack-eng-relay-030 slack-infra-027,slack-infra-054 slack-infra-027 slack-eng-relay-030 slack-infra-053 slack-eng-relay-042 doc-027,0,0,true,1216,831,1473,70,0,512,0.000522,0,stop,
20260903-223638-deepseek-v4-flash,1,deepseek-v4-flash,openai-compatible,deepseek-v4-flash,v1,c9ff11afc1436a70,dff88c3a4526f8e2,fa7f7600,16,q-join-halcyon-owner,join,same_name,string,true,true,false,,true,1.0000,true,true,answered,answered,Anna Brandt,Anna Brandt,issue-wrn-4318 slack-sales-022,slack-sales-022 issue-wrn-4318,0,0,true,1079,779,1625,38,0,512,0.000547,0,stop,
20260903-223638-deepseek-v4-flash,1,deepseek-v4-flash,openai-compatible,deepseek-v4-flash,v1,c9ff11afc1436a70,dff88c3a4526f8e2,fa7f7600,16,q-join-kestrel-region,join,,string,true,true,false,,false,0.6667,false,true,answered,answered,eu-west,eu-west,issue-wrn-4265 slack-data-platform-007 slack-data-platform-019,issue-wrn-4265 slack-data-platform-019 slack-data-platform-008,0,0,true,1156,921,1621,46,0,512,0.000556,0,stop,
20260903-223638-deepseek-v4-flash,1,deepseek-v4-flash,openai-compatible,deepseek-v4-flash,v1,c9ff11afc1436a70,dff88c3a4526f8e2,fa7f7600,16,q-join-lb-swap-utc,join,relative_date timezone,time,true,true,false,,true,1.0000,true,true,answered,answered,23:00,23:00,slack-infra-038 slack-infra-039,slack-infra-038 slack-infra-039,0,0,true,806,587,1720,39,0,384,0.000645,0,stop,
20260903-223638-deepseek-v4-flash,1,deepseek-v4-flash,openai-compatible,deepseek-v4-flash,v1,c9ff11afc1436a70,dff88c3a4526f8e2,fa7f7600,16,q-join-meridian-escalation,join,same_name,string,true,true,false,,true,1.0000,true,true,answered,answered,Ravi Menon,Ravi Menon,issue-wrn-4210 slack-support-016,slack-support-016 issue-wrn-4210,0,0,true,997,758,1689,39,0,512,0.000577,0,stop,
20260903-223638-deepseek-v4-flash,1,deepseek-v4-flash,openai-compatible,deepseek-v4-flash,v1,c9ff11afc1436a70,dff88c3a4526f8e2,fa7f7600,16,q-join-northwind-audit,join,,date,true,true,false,,true,1.0000,true,true,answered,answered,2027-09-01,2027-09-01,issue-wrn-4501 doc-011,issue-wrn-4501 doc-011,0,0,true,1334,1029,1574,39,0,384,0.000580,0,stop,
20260903-223638-deepseek-v4-flash,1,deepseek-v4-flash,openai-compatible,deepseek-v4-flash,v1,c9ff11afc1436a70,dff88c3a4526f8e2,fa7f7600,16,q-join-orso-tier,join,,string,true,true,false,,false,0.7500,false,true,answered,answered,premium,premium,issue-wrn-4533 slack-sales-025 slack-sales-029 slack-sales-030,slack-eng-relay-069 slack-sales-025 slack-sales-029 slack-sales-030,0,0,true,1044,603,1559,56,0,512,0.000542,0,stop,
20260903-223638-deepseek-v4-flash,1,deepseek-v4-flash,openai-compatible,deepseek-v4-flash,v1,c9ff11afc1436a70,dff88c3a4526f8e2,fa7f7600,16,q-join-pentest-landed,join,relative_date planned_vs_done,date,true,true,false,,true,0.5000,true,true,answered,answered,2027-03-25,2027-03-25,slack-sales-041 slack-sales-042,slack-sales-042,0,0,true,1428,1219,1549,34,0,384,0.000563,0,stop,
20260903-223638-deepseek-v4-flash,1,deepseek-v4-flash,openai-compatible,deepseek-v4-flash,v1,c9ff11afc1436a70,dff88c3a4526f8e2,fa7f7600,16,q-join-po-amount,join,unit,number,true,true,false,,true,1.0000,true,true,answered,answered,14400,14400,slack-general-002 email-024,slack-general-002 email-024,0,0,true,912,667,1737,34,0,384,0.000646,0,stop,
20260903-223638-deepseek-v4-flash,1,deepseek-v4-flash,openai-compatible,deepseek-v4-flash,v1,c9ff11afc1436a70,dff88c3a4526f8e2,fa7f7600,16,q-join-postmortem-author,join,,string,true,true,false,,true,0.6667,true,true,answered,answered,Diego Alvarez,Diego Alvarez,doc-028 doc-055 slack-incidents-008,doc-028 doc-055,0,0,true,1020,804,1631,33,0,1536,0.000107,0,stop,
20260903-223638-deepseek-v4-flash,1,deepseek-v4-flash,openai-compatible,deepseek-v4-flash,v1,c9ff11afc1436a70,dff88c3a4526f8e2,fa7f7600,16,q-join-queue-owner,join,keyword,string,true,true,false,,true,1.0000,true,true,answered,answered,the relay team,the relay team,doc-013 doc-032 slack-eng-relay-031,slack-eng-relay-031 doc-013 doc-032,0,0,true,1158,868,1777,43,0,512,0.000621,0,stop,
20260903-223638-deepseek-v4-flash,1,deepseek-v4-flash,openai-compatible,deepseek-v4-flash,v1,c9ff11afc1436a70,dff88c3a4526f8e2,fa7f7600,16,q-join-report-recipient,join,same_name,string,true,true,false,,true,1.0000,true,true,answered,answered,Ingrid Halvorsen,Ingrid Halvorsen,slack-support-045 slack-general-059,slack-support-045 slack-general-059,0,0,true,1090,835,1485,40,0,384,0.000543,0,stop,
20260903-223638-deepseek-v4-flash,1,deepseek-v4-flash,openai-compatible,deepseek-v4-flash,v1,c9ff11afc1436a70,dff88c3a4526f8e2,fa7f7600,16,q-join-runbook-owner,join,keyword,string,true,true,false,,false,1.0000,false,true,answered,answered,Diego Alvarez,Diego Alvarez,slack-incidents-007 doc-015,slack-incidents-007 doc-009 doc-015,0,0,true,1194,907,1843,41,0,640,0.000592,0,stop,
20260903-223638-deepseek-v4-flash,1,deepseek-v4-flash,openai-compatible,deepseek-v4-flash,v1,c9ff11afc1436a70,dff88c3a4526f8e2,fa7f7600,16,q-join-shard-approver,join,same_name,string,true,true,false,,true,1.0000,true,true,answered,answered,Ravi Iyer,Ravi Iyer,slack-data-platform-033 slack-data-platform-034,slack-data-platform-033 slack-data-platform-034,0,0,true,895,635,1979,40,0,384,0.000760,0,stop,
20260903-223638-deepseek-v4-flash,1,deepseek-v4-flash,openai-compatible,deepseek-v4-flash,v1,c9ff11afc1436a70,dff88c3a4526f8e2,fa7f7600,16,q-join-store-runbook,join,,string,true,true,false,,false,0.5000,false,true,answered,answered,Elena Sokolova,Elena Sokolova,slack-data-platform-031 slack-data-platform-032,slack-data-platform-032 doc-015,0,0,true,1599,1380,1880,38,0,384,0.000714,0,stop,
20260903-223638-deepseek-v4-flash,1,deepseek-v4-flash,openai-compatible,deepseek-v4-flash,v1,c9ff11afc1436a70,dff88c3a4526f8e2,fa7f7600,16,q-join-tanaka-language,join,negation,string,true,true,false,,false,1.0000,false,true,answered,answered,English,English,issue-wrn-4460 slack-support-018,issue-wrn-4460 slack-support-018 slack-general-065,0,0,true,959,711,1576,43,0,512,0.000532,0,stop,
20260903-223638-deepseek-v4-flash,1,deepseek-v4-flash,openai-compatible,deepseek-v4-flash,v1,c9ff11afc1436a70,dff88c3a4526f8e2,fa7f7600,16,q-join-thread-decision,join,keyword,string,true,true,false,,true,0.5000,true,true,answered,answered,Priya Raman,Priya Raman,slack-eng-core-005 slack-eng-core-006,slack-eng-core-006,0,0,true,1613,1355,1556,32,0,384,0.000563,0,stop,
20260903-223638-deepseek-v4-flash,1,deepseek-v4-flash,openai-compatible,deepseek-v4-flash,v1,c9ff11afc1436a70,dff88c3a4526f8e2,fa7f7600,16,q-join-training-language,join,format,string,true,true,false,,false,1.0000,false,true,answered,answered,German,German,slack-dach-015 slack-dach-016,slack-dach-015 slack-dach-016 email-026 email-025,0,0,true,1359,1088,1566,47,0,384,0.000587,0,stop,
20260903-223638-deepseek-v4-flash,1,deepseek-v4-flash,openai-compatible,deepseek-v4-flash,v1,c9ff11afc1436a70,dff88c3a4526f8e2,fa7f7600,16,q-join-training-owner,join,same_name,string,true,true,false,,false,0.5000,false,true,answered,answered,Ravi Menon,Ravi Menon,slack-support-020 doc-029,doc-013 doc-029,0,0,true,1083,957,1696,34,0,512,0.000573,0,stop,
20260903-223638-deepseek-v4-flash,1,deepseek-v4-flash,openai-compatible,deepseek-v4-flash,v1,c9ff11afc1436a70,dff88c3a4526f8e2,fa7f7600,16,q-join-vendor-renewal,join,,date,true,true,false,,false,1.0000,false,true,answered,answered,2027-12-01,2027-12-01,doc-030 doc-031,doc-031 doc-014 doc-030,0,0,true,1386,1064,1533,41,0,512,0.000511,0,stop,
20260903-223638-deepseek-v4-flash,1,deepseek-v4-flash,openai-compatible,deepseek-v4-flash,v1,c9ff11afc1436a70,dff88c3a4526f8e2,fa7f7600,16,q-join-verity-invoice,join,,string,true,true,false,,true,1.0000,true,true,answered,answered,PO-88214,PO-88214,issue-wrn-4390 email-023,issue-wrn-4390 email-023,0,0,true,1047,836,1612,37,0,384,0.000595,0,stop,
20260903-223638-deepseek-v4-flash,1,deepseek-v4-flash,openai-compatible,deepseek-v4-flash,v1,c9ff11afc1436a70,dff88c3a4526f8e2,fa7f7600,16,q-join-verity-region,join,keyword,string,true,true,false,,false,0.5000,false,true,answered,answered,us-east,us-east,issue-wrn-4802 slack-data-platform-030,issue-wrn-4802 slack-data-platform-011,0,0,true,762,521,1689,38,0,384,0.000630,0,stop,
20260903-223638-deepseek-v4-flash,1,deepseek-v4-flash,openai-compatible,deepseek-v4-flash,v1,c9ff11afc1436a70,dff88c3a4526f8e2,fa7f7600,16,q-lookup-41-shipped,lookup,planned_vs_done,date,true,true,false,,true,1.0000,true,true,answered,answered,2027-01-27,2027-01-27,slack-release-013,slack-release-013,0,0,true,1145,928,1740,33,0,384,0.000646,0,stop,
20260903-223638-deepseek-v4-flash,1,deepseek-v4-flash,openai-compatible,deepseek-v4-flash,v1,c9ff11afc1436a70,dff88c3a4526f8e2,fa7f7600,16,q-lookup-4102-rate,lookup,keyword statement_shaped_question,number,true,true,false,,true,1.0000,true,true,answered,answered,3,3,issue-wrn-4102,issue-wrn-4102,0,0,true,936,739,1777,29,0,384,0.000657,0,stop,
20260903-223638-deepseek-v4-flash,1,deepseek-v4-flash,openai-compatible,deepseek-v4-flash,v1,c9ff11afc1436a70,dff88c3a4526f8e2,fa7f7600,16,q-lookup-admin-auth,lookup,negation proposal statement_shaped_question,string,true,true,false,,true,1.0000,true,true,answered,answered,mTLS client certificate,mTLS client certificate,slack-eng-core-004,slack-eng-core-004,0,0,true,866,724,1760,34,0,512,0.000601,0,stop,
20260903-223638-deepseek-v4-flash,1,deepseek-v4-flash,openai-compatible,deepseek-v4-flash,v1,c9ff11afc1436a70,dff88c3a4526f8e2,fa7f7600,16,q-lookup-april-window,lookup,timezone,time,true,true,false,,true,1.0000,true,true,answered,answered,20:00,20:00,slack-infra-035,slack-infra-035,0,0,true,1331,1125,1636,31,0,512,0.000543,0,stop,
20260903-223638-deepseek-v4-flash,1,deepseek-v4-flash,openai-compatible,deepseek-v4-flash,v1,c9ff11afc1436a70,dff88c3a4526f8e2,fa7f7600,16,q-lookup-backfill-rate,lookup,chunk_split unit,number,true,true,false,,true,1.0000,true,true,answered,answered,200,200,doc-046,doc-046,0,0,true,820,587,1873,26,0,640,0.000586,0,stop,
20260903-223638-deepseek-v4-flash,1,deepseek-v4-flash,openai-compatible,deepseek-v4-flash,v1,c9ff11afc1436a70,dff88c3a4526f8e2,fa7f7600,16,q-lookup-bodysize,lookup,proposal unit statement_shaped_question,number,true,true,false,,true,1.0000,true,true,answered,answered,8,8,slack-eng-core-002,slack-eng-core-002,0,0,true,935,689,1628,30,0,384,0.000592,0,stop,
20260903-223638-deepseek-v4-flash,1,deepseek-v4-flash,openai-compatible,deepseek-v4-flash,v1,c9ff11afc1436a70,dff88c3a4526f8e2,fa7f7600,16,q-lookup-breach-hours,lookup,chunk_split negation,number,true,true,false,,false,1.0000,false,true,answered,answered,72,72,doc-008,doc-008 slack-data-platform-013 slack-general-020 doc-023,0,0,true,1159,888,1870,46,0,512,0.000665,0,stop,
20260903-223638-deepseek-v4-flash,1,deepseek-v4-flash,openai-compatible,deepseek-v4-flash,v1,c9ff11afc1436a70,dff88c3a4526f8e2,fa7f7600,16,q-lookup-build-owner,lookup,same_name retraction,string,true,true,false,,false,1.0000,false,true,answered,answered,Ravi Iyer,Ravi Iyer,slack-infra-007,slack-infra-007 slack-infra-044 slack-infra-045,0,0,true,1047,793,1753,48,0,384,0.000671,0,stop,
20260903-223638-deepseek-v4-flash,1,deepseek-v4-flash,openai-compatible,deepseek-v4-flash,v1,c9ff11afc1436a70,dff88c3a4526f8e2,fa7f7600,16,q-lookup-credit-ceiling,lookup,chunk_split negation keyword format,number,true,true,false,,true,1.0000,true,true,answered,answered,500,500,doc-044,doc-044,0,0,true,934,687,1722,26,0,512,0.000574,0,stop,
20260903-223638-deepseek-v4-flash,1,deepseek-v4-flash,openai-compatible,deepseek-v4-flash,v1,c9ff11afc1436a70,dff88c3a4526f8e2,fa7f7600,16,q-lookup-dach-oncall,lookup,format quoted_email,string,true,true,false,,false,1.0000,false,true,answered,answered,Hannah Fischer,Hannah Fischer,slack-support-015,slack-support-015 email-036,0,2,true,1045,673,1669,74,0,384,0.000668,0,stop,
20260903-223638-deepseek-v4-flash,1,deepseek-v4-flash,openai-compatible,deepseek-v4-flash,v1,c9ff11afc1436a70,dff88c3a4526f8e2,fa7f7600,16,q-lookup-deletion-days,lookup,chunk_split keyword,number,true,true,false,,true,1.0000,true,true,answered,answered,14,14,doc-008,doc-008,0,0,true,1570,1339,1971,26,0,384,0.000738,0,stop,
20260903-223638-deepseek-v4-flash,1,deepseek-v4-flash,openai-compatible,deepseek-v4-flash,v1,c9ff11afc1436a70,dff88c3a4526f8e2,fa7f7600,16,q-lookup-deploy-berlin,lookup,timezone,time,true,true,false,,true,1.0000,true,true,answered,answered,08:00,08:00,slack-eng-palisade-030,slack-eng-palisade-030,0,0,true,918,717,1792,34,0,384,0.000670,0,stop,
20260903-223638-deepseek-v4-flash,1,deepseek-v4-flash,openai-compatible,deepseek-v4-flash,v1,c9ff11afc1436a70,dff88c3a4526f8e2,fa7f7600,16,q-lookup-disclosure-mailbox,lookup,statement_shaped_question retraction,string,true,true,false,,true,1.0000,true,true,answered,answered,security-reports@wrenfield.example,security-reports@wrenfield.example,slack-security-011,slack-security-011,0,0,true,863,643,1664,35,0,384,0.000615,0,stop,
20260903-223638-deepseek-v4-flash,1,deepseek-v4-flash,openai-compatible,deepseek-v4-flash,v1,c9ff11afc1436a70,dff88c3a4526f8e2,fa7f7600,16,q-lookup-drain-timeout,lookup,chunk_split unit keyword,number,true,true,false,,true,1.0000,true,true,answered,answered,120,120,doc-009,doc-009,0,0,true,939,733,1693,26,0,384,0.000616,0,stop,
20260903-223638-deepseek-v4-flash,1,deepseek-v4-flash,openai-compatible,deepseek-v4-flash,v1,c9ff11afc1436a70,dff88c3a4526f8e2,fa7f7600,16,q-lookup-first-update,lookup,chunk_split keyword statement_shaped_question,number,true,true,false,,true,1.0000,true,true,answered,answered,20,20,doc-007,doc-007,0,0,true,1010,935,1654,26,0,384,0.000598,0,stop,
20260903-223638-deepseek-v4-flash,1,deepseek-v4-flash,openai-compatible,deepseek-v4-flash,v1,c9ff11afc1436a70,dff88c3a4526f8e2,fa7f7600,16,q-lookup-freeze-start,lookup,format proposal,date,true,true,false,,false,1.0000,false,true,answered,answered,2027-07-19,2027-07-19,mtg-007,slack-eng-core-021 doc-024 doc-042 slack-eng-core-019 mtg-007,0,0,true,1363,1053,1680,60,0,640,0.000546,0,stop,
20260903-223638-deepseek-v4-flash,1,deepseek-v4-flash,openai-compatible,deepseek-v4-flash,v1,c9ff11afc1436a70,dff88c3a4526f8e2,fa7f7600,16,q-lookup-ga-date,lookup,retraction planned_vs_done quoted_email,date,true,true,false,,false,1.0000,false,true,answered,answered,2027-05-18,2027-05-18,email-020,email-020 email-035 slack-release-007,0,2,true,959,536,1779,88,0,1664,0.000190,0,stop,
20260903-223638-deepseek-v4-flash,1,deepseek-v4-flash,openai-compatible,deepseek-v4-flash,v1,c9ff11afc1436a70,dff88c3a4526f8e2,fa7f7600,16,q-lookup-healthpath,lookup,keyword statement_shaped_question proposal,string,true,true,false,,true,1.0000,true,true,answered,answered,/healthz/gateway,/healthz/gateway,slack-eng-palisade-024,slack-eng-palisade-024,0,0,true,1261,999,1665,36,0,384,0.000617,0,stop,
20260903-223638-deepseek-v4-flash,1,deepseek-v4-flash,openai-compatible,deepseek-v4-flash,v1,c9ff11afc1436a70,dff88c3a4526f8e2,fa7f7600,16,q-lookup-incident-review,lookup,timezone format,time,true,true,false,,true,1.0000,true,true,answered,answered,14:30,14:30,mtg-009,mtg-009,0,0,true,797,572,2004,29,0,640,0.000647,0,stop,
20260903-223638-deepseek-v4-flash,1,deepseek-v4-flash,openai-compatible,deepseek-v4-flash,v1,c9ff11afc1436a70,dff88c3a4526f8e2,fa7f7600,16,q-lookup-ingest-timeout,lookup,unit proposal,number,true,true,false,,false,1.0000,false,true,answered,answered,90,90,slack-eng-relay-027,slack-eng-relay-027 slack-eng-relay-028,0,0,true,1102,800,1564,41,0,384,0.000579,0,stop,
20260903-223638-deepseek-v4-flash,1,deepseek-v4-flash,openai-compatible,deepseek-v4-flash,v1,c9ff11afc1436a70,dff88c3a4526f8e2,fa7f7600,16,q-lookup-legal-entity,lookup,quoted_email proposal,string,true,true,false,,true,1.0000,true,true,answered,answered,Wrenfield Technologies GmbH,Wrenfield Technologies GmbH,email-021,email-021,0,0,true,983,793,1734,30,0,640,0.000530,0,stop,
20260903-223638-deepseek-v4-flash,1,deepseek-v4-flash,openai-compatible,deepseek-v4-flash,v1,c9ff11afc1436a70,dff88c3a4526f8e2,fa7f7600,16,q-lookup-migration-done,lookup,planned_vs_done format,date,true,true,false,,true,1.0000,true,true,answered,answered,2027-04-16,2027-04-16,slack-infra-009 slack-infra-034,slack-infra-034 slack-infra-009,0,0,true,773,542,1658,42,0,768,0.000458,0,stop,
20260903-223638-deepseek-v4-flash,1,deepseek-v4-flash,openai-compatible,deepseek-v4-flash,v1,c9ff11afc1436a70,dff88c3a4526f8e2,fa7f7600,16,q-lookup-min-edge-nodes,lookup,chunk_split,number,true,true,false,,false,1.0000,false,true,answered,answered,4,4,doc-009,doc-009 slack-infra-030 slack-infra-019,0,0,true,934,654,1723,42,0,768,0.000486,0,stop,
20260903-223638-deepseek-v4-flash,1,deepseek-v4-flash,openai-compatible,deepseek-v4-flash,v1,c9ff11afc1436a70,dff88c3a4526f8e2,fa7f7600,16,q-lookup-old-cert-days,lookup,chunk_split proposal,number,true,true,false,,true,1.0000,true,true,answered,answered,30,30,doc-043,doc-043,0,0,true,945,750,1865,26,0,384,0.000691,0,stop,
20260903-223638-deepseek-v4-flash,1,deepseek-v4-flash,openai-compatible,deepseek-v4-flash,v1,c9ff11afc1436a70,dff88c3a4526f8e2,fa7f7600,16,q-lookup-orso-address,lookup,format keyword quoted_email,string,true,true,false,,false,1.0000,false,true,answered,answered,"Viale Monza 44, Mailand","Viale Monza 44, Mailand",slack-dach-003,email-034 slack-dach-003,0,2,true,1103,735,1538,92,0,384,0.000635,0,stop,
20260903-223638-deepseek-v4-flash,1,deepseek-v4-flash,openai-compatible,deepseek-v4-flash,v1,c9ff11afc1436a70,dff88c3a4526f8e2,fa7f7600,16,q-lookup-outage-unaffected,lookup,negation,string,true,true,false,,false,1.0000,false,true,answered,answered,ap-south,ap-south,slack-incidents-006,slack-incidents-006 slack-incidents-015,0,0,true,1214,974,1519,39,0,1152,0.000229,0,stop,
20260903-223638-deepseek-v4-flash,1,deepseek-v4-flash,openai-compatible,deepseek-v4-flash,v1,c9ff11afc1436a70,dff88c3a4526f8e2,fa7f7600,16,q-lookup-port,lookup,format scope retraction,number,true,true,false,,false,1.0000,false,true,answered,answered,8443,8443,doc-006,doc-006 slack-infra-043,0,0,true,1086,938,1630,35,0,384,0.000600,0,stop,
20260903-223638-deepseek-v4-flash,1,deepseek-v4-flash,openai-compatible,deepseek-v4-flash,v1,c9ff11afc1436a70,dff88c3a4526f8e2,fa7f7600,16,q-lookup-relay-buffer,lookup,chunk_split same_name statement_shaped_question,number,true,true,false,,true,1.0000,true,true,answered,answered,50000,50000,doc-010,doc-010,0,0,true,1077,806,1706,27,0,384,0.000623,0,stop,
20260903-223638-deepseek-v4-flash,1,deepseek-v4-flash,openai-compatible,deepseek-v4-flash,v1,c9ff11afc1436a70,dff88c3a4526f8e2,fa7f7600,16,q-lookup-relay-fetch,lookup,chunk_split,string,true,true,false,,true,1.0000,true,true,answered,answered,fetch,fetch,doc-010,doc-010,0,0,true,1489,1226,1666,26,0,640,0.000495,0,stop,
20260903-223638-deepseek-v4-flash,1,deepseek-v4-flash,openai-compatible,deepseek-v4-flash,v1,c9ff11afc1436a70,dff88c3a4526f8e2,fa7f7600,16,q-lookup-replicas,lookup,scope proposal,number,true,true,false,,true,1.0000,true,true,answered,answered,12,12,slack-infra-008,slack-infra-008,0,0,true,826,634,1745,29,0,384,0.000642,0,stop,
20260903-223638-deepseek-v4-flash,1,deepseek-v4-flash,openai-compatible,deepseek-v4-flash,v1,c9ff11afc1436a70,dff88c3a4526f8e2,fa7f7600,16,q-lookup-review-finished,lookup,planned_vs_done quoted_email,date,true,true,false,,true,1.0000,true,true,answered,answered,2027-04-27,2027-04-27,email-029,email-029,0,0,true,842,490,1543,31,0,1536,0.000066,0,stop,
20260903-223638-deepseek-v4-flash,1,deepseek-v4-flash,openai-compatible,deepseek-v4-flash,v1,c9ff11afc1436a70,dff88c3a4526f8e2,fa7f7600,16,q-lookup-rotation-window,lookup,chunk_split timezone,time,true,true,false,,false,1.0000,false,true,answered,answered,01:00,01:00,doc-043,doc-043 slack-infra-040,0,0,true,946,574,1765,36,0,384,0.000661,0,stop,
20260903-223638-deepseek-v4-flash,1,deepseek-v4-flash,openai-compatible,deepseek-v4-flash,v1,c9ff11afc1436a70,dff88c3a4526f8e2,fa7f7600,16,q-lookup-scribe,lookup,chunk_split keyword,number,true,true,false,,false,1.0000,false,true,answered,answered,30,30,doc-007,slack-incidents-021 doc-007 slack-incidents-011,0,0,true,869,611,1844,42,0,384,0.000703,0,stop,
20260903-223638-deepseek-v4-flash,1,deepseek-v4-flash,openai-compatible,deepseek-v4-flash,v1,c9ff11afc1436a70,dff88c3a4526f8e2,fa7f7600,16,q-lookup-soak-hours,lookup,chunk_split planned_vs_done statement_shaped_question,number,true,true,false,,true,1.0000,true,true,answered,answered,48,48,doc-045,doc-045,0,0,true,1219,960,1558,26,0,512,0.000502,0,stop,
20260903-223638-deepseek-v4-flash,1,deepseek-v4-flash,openai-compatible,deepseek-v4-flash,v1,c9ff11afc1436a70,dff88c3a4526f8e2,fa7f7600,16,q-lookup-sync-time,lookup,timezone proposal statement_shaped_question,time,true,true,false,,true,1.0000,true,true,answered,answered,15:00,15:00,slack-eng-core-001,slack-eng-core-001,0,0,true,1245,1043,1725,32,0,512,0.000583,0,stop,
20260903-223638-deepseek-v4-flash,1,deepseek-v4-flash,openai-compatible,deepseek-v4-flash,v1,c9ff11afc1436a70,dff88c3a4526f8e2,fa7f7600,16,q-lookup-us-shift,lookup,timezone scope,time,true,true,false,,true,1.0000,true,true,answered,answered,09:00,09:00,slack-support-036,slack-support-036,0,0,true,1371,1110,1648,30,0,384,0.000601,0,stop,
20260903-223638-deepseek-v4-flash,1,deepseek-v4-flash,openai-compatible,deepseek-v4-flash,v1,c9ff11afc1436a70,dff88c3a4526f8e2,fa7f7600,16,q-lookup-verity-upgrade-date,lookup,quoted_email same_name,date,true,true,false,,false,1.0000,false,true,answered,answered,2027-04-13,2027-04-13,email-030,email-030 email-015,0,0,true,851,660,1703,36,0,384,0.000633,0,stop,
20260903-223638-deepseek-v4-flash,1,deepseek-v4-flash,openai-compatible,deepseek-v4-flash,v1,c9ff11afc1436a70,dff88c3a4526f8e2,fa7f7600,16,q-multihop-43-branch,multihop,relative_date quoted_email,date,false,true,false,,true,0.3333,false,true,answered,answered,2027-06-18,2027-06-07,email-032 email-033 slack-release-014,email-033,0,0,true,910,712,1879,31,0,1792,0.000104,0,stop,
20260903-223638-deepseek-v4-flash,1,deepseek-v4-flash,openai-compatible,deepseek-v4-flash,v1,c9ff11afc1436a70,dff88c3a4526f8e2,fa7f7600,16,q-multihop-apsouth-support,multihop,negation,string,true,true,false,,true,0.5000,true,true,answered,answered,the European shift,European shift,doc-019 doc-038 slack-support-022 slack-support-023,doc-019 doc-038,0,0,true,1426,1214,1736,32,0,384,0.000642,0,stop,
20260903-223638-deepseek-v4-flash,1,deepseek-v4-flash,openai-compatible,deepseek-v4-flash,v1,c9ff11afc1436a70,dff88c3a4526f8e2,fa7f7600,16,q-multihop-audit-log-retention,multihop,,number,false,true,false,,false,0.7500,false,true,answered,answered,180,90,slack-data-platform-002 slack-data-platform-011 slack-data-platform-012 slack-eng-core-008,slack-data-platform-001 email-004 slack-data-platform-008 slack-data-platform-011 slack-data-platform-012 slack-data-platform-004 slack-eng-core-008,0,4,true,1375,746,1660,144,0,384,0.000757,0,stop,
20260903-223638-deepseek-v4-flash,1,deepseek-v4-flash,openai-compatible,deepseek-v4-flash,v1,c9ff11afc1436a70,dff88c3a4526f8e2,fa7f7600,16,q-multihop-brightline-notice,multihop,,number,true,true,false,,false,0.7500,false,true,answered,answered,10,10,mtg-008 slack-security-013 slack-security-014 slack-security-018,slack-security-014 issue-wrn-4425 slack-security-018 doc-043 mtg-008,0,0,true,1402,1077,1757,54,0,384,0.000681,0,stop,
20260903-223638-deepseek-v4-flash,1,deepseek-v4-flash,openai-compatible,deepseek-v4-flash,v1,c9ff11afc1436a70,dff88c3a4526f8e2,fa7f7600,16,q-multihop-cert-provider-contact,multihop,keyword,string,true,true,false,,true,1.0000,true,true,answered,answered,Omar Haddad,Omar Haddad,slack-data-platform-010 slack-infra-013 slack-infra-014,slack-infra-014 slack-infra-013 slack-data-platform-010,0,0,true,1170,899,1486,48,0,384,0.000554,0,stop,
20260903-223638-deepseek-v4-flash,1,deepseek-v4-flash,openai-compatible,deepseek-v4-flash,v1,c9ff11afc1436a70,dff88c3a4526f8e2,fa7f7600,16,q-multihop-connector-approval,multihop,superseded,string,true,true,false,,true,1.0000,true,true,answered,answered,Lukas Fenn,Lukas Fenn,slack-eng-relay-070 slack-eng-relay-071 slack-eng-relay-067,slack-eng-relay-071 slack-eng-relay-070 slack-eng-relay-067,0,0,true,928,609,1776,55,0,384,0.000690,0,stop,
20260903-223638-deepseek-v4-flash,1,deepseek-v4-flash,openai-compatible,deepseek-v4-flash,v1,c9ff11afc1436a70,dff88c3a4526f8e2,fa7f7600,16,q-multihop-connector-notice,multihop,negation,number,true,true,false,,false,0.6667,false,true,answered,answered,60,60,slack-general-063 slack-general-064 slack-eng-relay-067,slack-eng-relay-067 slack-general-063 doc-023,0,0,true,841,623,1549,43,0,512,0.000520,0,stop,
20260903-223638-deepseek-v4-flash,1,deepseek-v4-flash,openai-compatible,deepseek-v4-flash,v1,c9ff11afc1436a70,dff88c3a4526f8e2,fa7f7600,16,q-multihop-dach-invoice-language,multihop,format,string,true,true,false,,false,0.6667,false,true,answered,answered,Italian,Italian,slack-dach-004 slack-general-005 doc-035,doc-035 slack-general-005 slack-general-061 slack-general-017 slack-general-031,0,0,true,905,553,1507,54,0,512,0.000516,0,stop,
20260903-223638-deepseek-v4-flash,1,deepseek-v4-flash,openai-compatible,deepseek-v4-flash,v1,c9ff11afc1436a70,dff88c3a4526f8e2,fa7f7600,16,q-multihop-escalation-ladder,multihop,,string,true,true,false,,false,0.6667,false,true,answered,answered,Tomas Ruiz,Tomas Ruiz,slack-incidents-009 slack-eng-core-009 doc-034,doc-034 slack-eng-core-009 slack-eng-core-010,0,0,true,1071,792,1752,46,0,1408,0.000232,0,stop,
20260903-223638-deepseek-v4-flash,1,deepseek-v4-flash,openai-compatible,deepseek-v4-flash,v1,c9ff11afc1436a70,dff88c3a4526f8e2,fa7f7600,16,q-multihop-freeze-exception,multihop,,string,true,true,false,,true,0.6667,true,true,answered,answered,Tomas Ruiz,Tomas Ruiz,slack-eng-core-007 doc-024 doc-025,doc-025 slack-eng-core-007,0,0,true,789,621,1620,37,0,1536,0.000107,0,stop,
20260903-223638-deepseek-v4-flash,1,deepseek-v4-flash,openai-compatible,deepseek-v4-flash,v1,c9ff11afc1436a70,dff88c3a4526f8e2,fa7f7600,16,q-multihop-freeze-security,multihop,negation,boolean,true,true,false,,true,0.3750,true,true,answered,answered,false,false,doc-024 slack-eng-core-011 slack-eng-core-012 slack-eng-core-013 slack-eng-core-014 slack-eng-core-018 slack-eng-core-020 slack-security-015,slack-security-015 slack-eng-core-014 slack-eng-core-018,0,0,true,880,561,1546,45,0,640,0.000467,0,stop,
20260903-223638-deepseek-v4-flash,1,deepseek-v4-flash,openai-compatible,deepseek-v4-flash,v1,c9ff11afc1436a70,dff88c3a4526f8e2,fa7f7600,16,q-multihop-gateway-cert-owner,multihop,keyword,string,true,true,false,,false,0.6667,false,true,answered,answered,the platform team,platform team,slack-incidents-010 slack-infra-016 slack-eng-core-010,slack-infra-016 doc-009 slack-eng-core-010,0,0,true,1092,771,1742,44,0,640,0.000552,0,stop,
20260903-223638-deepseek-v4-flash,1,deepseek-v4-flash,openai-compatible,deepseek-v4-flash,v1,c9ff11afc1436a70,dff88c3a4526f8e2,fa7f7600,16,q-multihop-halcyon-region-support,multihop,,string,true,true,false,,false,0.3333,false,true,answered,answered,US business hours,US business hours,slack-data-platform-009 doc-019 slack-support-019,slack-data-platform-008 slack-support-019 doc-038,0,0,true,1041,869,1590,43,0,512,0.000538,0,stop,
20260903-223638-deepseek-v4-flash,1,deepseek-v4-flash,openai-compatible,deepseek-v4-flash,v1,c9ff11afc1436a70,dff88c3a4526f8e2,fa7f7600,16,q-multihop-invoice-approver,multihop,,string,true,true,false,,true,0.5000,true,true,answered,answered,Marta Nowak,Marta Nowak,doc-020 doc-021 doc-037 slack-general-003,slack-general-003 doc-021,0,0,true,907,689,1794,36,0,512,0.000619,0,stop,
20260903-223638-deepseek-v4-flash,1,deepseek-v4-flash,openai-compatible,deepseek-v4-flash,v1,c9ff11afc1436a70,dff88c3a4526f8e2,fa7f7600,16,q-multihop-kestrel-breach-clock,multihop,scope,number,true,true,false,,false,0.6000,false,true,answered,answered,72,72,doc-008 slack-data-platform-013 slack-data-platform-014 slack-general-007 slack-general-020,slack-data-platform-013 slack-data-platform-014 slack-general-020 doc-023,0,0,true,1225,954,1737,49,0,512,0.000611,0,stop,
20260903-223638-deepseek-v4-flash,1,deepseek-v4-flash,openai-compatible,deepseek-v4-flash,v1,c9ff11afc1436a70,dff88c3a4526f8e2,fa7f7600,16,q-multihop-kestrel-sla,multihop,,number,true,true,false,,false,0.5000,false,true,answered,answered,30,30,doc-016 doc-017 doc-033 slack-sales-026,doc-016 doc-017 slack-support-010 slack-support-011 email-013 doc-004 slack-support-009,0,5,true,1730,1038,1711,148,0,640,0.000676,0,stop,
20260903-223638-deepseek-v4-flash,1,deepseek-v4-flash,openai-compatible,deepseek-v4-flash,v1,c9ff11afc1436a70,dff88c3a4526f8e2,fa7f7600,16,q-multihop-meridian-response,multihop,superseded,number,true,true,false,,false,0.5000,false,true,answered,answered,15,15,doc-017 doc-033 slack-sales-027 slack-support-021,slack-support-021 slack-sales-048 doc-017,0,2,true,1445,978,1588,76,0,384,0.000635,0,stop,
20260903-223638-deepseek-v4-flash,1,deepseek-v4-flash,openai-compatible,deepseek-v4-flash,v1,c9ff11afc1436a70,dff88c3a4526f8e2,fa7f7600,16,q-multihop-nordhaven-capacity,multihop,,number,true,true,false,,false,0.4000,false,true,answered,answered,4,4,doc-009 slack-infra-017 slack-infra-018 slack-infra-019 slack-infra-030,doc-009 slack-infra-030 slack-infra-015,0,0,true,933,581,1638,42,0,384,0.000613,0,stop,
20260903-223638-deepseek-v4-flash,1,deepseek-v4-flash,openai-compatible,deepseek-v4-flash,v1,c9ff11afc1436a70,dff88c3a4526f8e2,fa7f7600,16,q-multihop-northwind-oncall,multihop,same_name,string,true,true,false,,false,0.6667,false,true,answered,answered,Ravi Iyer,Ravi Iyer,slack-eng-palisade-025 doc-018 slack-infra-012,issue-wrn-4501 doc-018 slack-infra-012,0,0,true,1248,1040,1748,45,0,512,0.000610,0,stop,
20260903-223638-deepseek-v4-flash,1,deepseek-v4-flash,openai-compatible,deepseek-v4-flash,v1,c9ff11afc1436a70,dff88c3a4526f8e2,fa7f7600,16,q-multihop-orso-invoice-language,multihop,negation format,string,true,true,false,,false,0.6667,false,true,answered,answered,Italian,Italian,slack-eng-relay-069 slack-general-061 slack-general-062,slack-eng-relay-069 slack-general-061 doc-035,0,0,true,994,687,1547,43,0,512,0.000519,0,stop,
20260903-223638-deepseek-v4-flash,1,deepseek-v4-flash,openai-compatible,deepseek-v4-flash,v1,c9ff11afc1436a70,dff88c3a4526f8e2,fa7f7600,16,q-multihop-orso-replay,multihop,superseded,string,true,true,false,,false,1.0000,false,true,answered,answered,Lukas Fenn,Lukas Fenn,slack-eng-relay-033 slack-eng-relay-034 slack-eng-relay-035 slack-sales-029,doc-036 slack-sales-029 slack-eng-relay-071 slack-eng-relay-032 slack-eng-relay-034 slack-eng-relay-033 slack-eng-relay-035,0,0,true,1135,674,1754,88,0,512,0.000670,0,stop,
20260903-223638-deepseek-v4-flash,1,deepseek-v4-flash,openai-compatible,deepseek-v4-flash,v1,c9ff11afc1436a70,dff88c3a4526f8e2,fa7f7600,16,q-multihop-relay-maintenance,multihop,relative_date timezone,time,true,true,false,,true,0.6667,true,true,answered,answered,01:00,01:00,slack-eng-relay-049 slack-eng-relay-050 slack-eng-relay-051,slack-eng-relay-050 slack-eng-relay-051,0,0,true,836,469,1651,43,0,384,0.000620,0,stop,
20260903-223638-deepseek-v4-flash,1,deepseek-v4-flash,openai-compatible,deepseek-v4-flash,v1,c9ff11afc1436a70,dff88c3a4526f8e2,fa7f7600,16,q-multihop-replay-approval,multihop,,string,false,true,false,,false,1.0000,false,true,answered,answered,Lukas Fenn,relay tech lead,doc-036 slack-eng-relay-032 slack-eng-relay-033 slack-eng-relay-035,doc-036 slack-eng-relay-034 slack-eng-relay-041 slack-eng-relay-032 slack-eng-relay-035 slack-eng-relay-033,0,0,true,1099,671,1776,79,0,512,0.000668,0,stop,
20260903-223638-deepseek-v4-flash,1,deepseek-v4-flash,openai-compatible,deepseek-v4-flash,v1,c9ff11afc1436a70,dff88c3a4526f8e2,fa7f7600,16,q-multihop-report-language,multihop,format negation,string,true,true,false,,true,0.3333,true,true,answered,answered,English,English,slack-support-048 slack-support-045 slack-general-059,slack-support-048,0,0,true,1134,956,1582,28,0,384,0.000569,0,stop,
20260903-223638-deepseek-v4-flash,1,deepseek-v4-flash,openai-compatible,deepseek-v4-flash,v1,c9ff11afc1436a70,dff88c3a4526f8e2,fa7f7600,16,q-multihop-sandbox-quota-region,multihop,negation,string[],true,true,false,,false,1.0000,false,true,answered,answered,"[""eu-west"",""us-east""]","[""eu-west"",""us-east""]",slack-eng-palisade-050 slack-infra-051 slack-infra-052,slack-infra-050 slack-infra-051 slack-infra-052 slack-eng-palisade-050,0,0,true,897,552,1629,61,0,384,0.000634,0,stop,
20260903-223638-deepseek-v4-flash,1,deepseek-v4-flash,openai-compatible,deepseek-v4-flash,v1,c9ff11afc1436a70,dff88c3a4526f8e2,fa7f7600,16,q-multihop-shard-page,multihop,same_name keyword,string,true,true,false,,true,0.6667,true,true,answered,answered,Ravi Iyer,Ravi Iyer,slack-infra-055 slack-data-platform-033 slack-data-platform-034,slack-data-platform-034 slack-infra-055,0,0,true,837,609,1749,40,0,512,0.000604,0,stop,
20260903-223638-deepseek-v4-flash,1,deepseek-v4-flash,openai-compatible,deepseek-v4-flash,v1,c9ff11afc1436a70,dff88c3a4526f8e2,fa7f7600,16,q-multihop-tanaka-notice,multihop,scope,number,true,true,false,,true,1.0000,true,true,answered,answered,60,60,doc-022 doc-023 slack-general-004 slack-general-019 slack-general-028,doc-022 slack-general-028 slack-general-019 doc-023 slack-general-004,0,0,true,928,522,1620,52,0,384,0.000618,0,stop,
20260903-223638-deepseek-v4-flash,1,deepseek-v4-flash,openai-compatible,deepseek-v4-flash,v1,c9ff11afc1436a70,dff88c3a4526f8e2,fa7f7600,16,q-multihop-training-signoff,multihop,same_name keyword,string,true,true,false,,true,0.6667,true,true,answered,answered,Yusuf Demir,Yusuf Demir,slack-security-033 slack-security-034 slack-security-031,slack-security-033 slack-security-034,0,0,true,826,575,1570,39,0,384,0.000579,0,stop,
20260903-223638-deepseek-v4-flash,1,deepseek-v4-flash,openai-compatible,deepseek-v4-flash,v1,c9ff11afc1436a70,dff88c3a4526f8e2,fa7f7600,16,q-multihop-verity-approver-chain,multihop,unit,string,true,true,false,,false,0.5000,false,true,answered,answered,Marta Nowak,Marta Nowak,doc-021 doc-037 slack-general-006 slack-sales-028,doc-021 slack-general-003 slack-general-006,0,0,true,1047,812,1842,43,0,512,0.000649,0,stop,
20260903-223638-deepseek-v4-flash,1,deepseek-v4-flash,openai-compatible,deepseek-v4-flash,v1,c9ff11afc1436a70,dff88c3a4526f8e2,fa7f7600,16,q-multihop-verity-shift,multihop,negation,string,false,true,false,,false,1.0000,false,true,answered,answered,the US shift,US support shift,slack-support-046 slack-support-047 slack-data-platform-030,slack-support-046 slack-support-022 doc-038 doc-019 slack-support-047 slack-data-platform-030,0,0,true,1151,888,1525,62,0,384,0.000589,0,stop,
20260903-223638-deepseek-v4-flash,1,deepseek-v4-flash,openai-compatible,deepseek-v4-flash,v1,c9ff11afc1436a70,dff88c3a4526f8e2,fa7f7600,16,q-rule-apsouth-floor,rule,,boolean,true,true,false,,false,0.6000,false,true,answered,answered,false,false,slack-infra-019 slack-infra-026 slack-infra-030 slack-infra-031 slack-infra-037,slack-infra-026 slack-infra-031 slack-infra-036 slack-infra-037 doc-009,0,0,true,1678,1193,1670,57,0,1024,0.000374,0,stop,
20260903-223638-deepseek-v4-flash,1,deepseek-v4-flash,openai-compatible,deepseek-v4-flash,v1,c9ff11afc1436a70,dff88c3a4526f8e2,fa7f7600,16,q-rule-apsouth-node-added,rule,planned_vs_done,boolean,true,true,false,,false,1.0000,false,true,answered,answered,false,false,slack-infra-037,slack-infra-037 slack-infra-036 slack-infra-026 slack-infra-031,0,0,true,1098,825,1599,52,0,512,0.000554,0,stop,
20260903-223638-deepseek-v4-flash,1,deepseek-v4-flash,openai-compatible,deepseek-v4-flash,v1,c9ff11afc1436a70,dff88c3a4526f8e2,fa7f7600,16,q-rule-backfill-notice,rule,chunk_split relative_date,number,true,true,false,,true,1.0000,true,true,answered,answered,3,3,doc-046,doc-046,0,0,true,926,681,1704,26,0,384,0.000620,0,stop,
20260903-223638-deepseek-v4-flash,1,deepseek-v4-flash,openai-compatible,deepseek-v4-flash,v1,c9ff11afc1436a70,dff88c3a4526f8e2,fa7f7600,16,q-rule-badge-rule,rule,same_name,boolean,true,true,false,,false,0.6000,false,true,answered,answered,false,false,doc-026 slack-infra-022 slack-infra-023 slack-infra-028 slack-infra-029,doc-026 slack-infra-028 slack-infra-017 slack-infra-015 slack-infra-011 slack-infra-022 slack-infra-048 doc-014 slack-infra-013 slack-infra-014 doc-030 slack-data-platform-034 slack-infra-006,0,0,true,1481,892,1529,115,0,896,0.000443,0,stop,
20260903-223638-deepseek-v4-flash,1,deepseek-v4-flash,openai-compatible,deepseek-v4-flash,v1,c9ff11afc1436a70,dff88c3a4526f8e2,fa7f7600,16,q-rule-band-large,rule,unit,string,true,true,false,,true,0.6000,true,true,answered,answered,Ingrid Halvorsen,Ingrid Halvorsen,doc-021 doc-037 slack-general-006 slack-general-034 slack-general-035,doc-021 slack-general-034 slack-general-035,0,0,true,1512,1196,1814,45,0,768,0.000530,0,stop,
20260903-223638-deepseek-v4-flash,1,deepseek-v4-flash,openai-compatible,deepseek-v4-flash,v1,c9ff11afc1436a70,dff88c3a4526f8e2,fa7f7600,16,q-rule-certificate-notice-rule,rule,scope,number,false,false,false,,false,0.0000,false,true,answered,not_in_evidence,0,,slack-security-018 slack-security-019,,0,0,true,1301,1127,1787,24,0,384,0.000654,0,stop,
20260903-223638-deepseek-v4-flash,1,deepseek-v4-flash,openai-compatible,deepseek-v4-flash,v1,c9ff11afc1436a70,dff88c3a4526f8e2,fa7f7600,16,q-rule-connector-replay-lead,rule,scope,boolean,true,true,false,,false,1.0000,false,true,answered,answered,true,true,slack-eng-relay-067 slack-eng-relay-071,slack-eng-relay-070 slack-eng-relay-067 slack-eng-relay-034 slack-eng-relay-071,0,0,true,972,596,1779,60,0,384,0.000698,0,stop,
20260903-223638-deepseek-v4-flash,1,deepseek-v4-flash,openai-compatible,deepseek-v4-flash,v1,c9ff11afc1436a70,dff88c3a4526f8e2,fa7f7600,16,q-rule-credit-alone,rule,chunk_split unit,boolean,true,true,false,,true,1.0000,true,true,answered,answered,true,true,doc-044,doc-044,0,0,true,972,859,1618,25,0,768,0.000418,0,stop,
20260903-223638-deepseek-v4-flash,1,deepseek-v4-flash,openai-compatible,deepseek-v4-flash,v1,c9ff11afc1436a70,dff88c3a4526f8e2,fa7f7600,16,q-rule-credit-approval,rule,unit,string,true,true,false,,false,1.0000,false,true,answered,answered,Marta Nowak,Marta Nowak,slack-general-029 slack-general-030,slack-general-030 slack-general-029 doc-044,0,0,true,1576,1295,1701,43,0,768,0.000478,0,stop,
20260903-223638-deepseek-v4-flash,1,deepseek-v4-flash,openai-compatible,deepseek-v4-flash,v1,c9ff11afc1436a70,dff88c3a4526f8e2,fa7f7600,16,q-rule-deploy-tuesday,rule,,boolean,true,true,false,,true,1.0000,true,true,answered,answered,false,false,doc-027 slack-eng-relay-042 slack-infra-027,slack-infra-027 doc-027 slack-eng-relay-042,0,0,true,1038,749,1570,43,0,512,0.000529,0,stop,
20260903-223638-deepseek-v4-flash,1,deepseek-v4-flash,openai-compatible,deepseek-v4-flash,v1,c9ff11afc1436a70,dff88c3a4526f8e2,fa7f7600,16,q-rule-digest-line,rule,,boolean,true,true,false,,false,0.5000,false,true,answered,answered,false,false,slack-incidents-024 slack-incidents-025,slack-incidents-024 doc-040 doc-007 doc-041,0,0,true,842,577,1868,43,0,384,0.000715,0,stop,
20260903-223638-deepseek-v4-flash,1,deepseek-v4-flash,openai-compatible,deepseek-v4-flash,v1,c9ff11afc1436a70,dff88c3a4526f8e2,fa7f7600,16,q-rule-escalation-vp,rule,negation,boolean,true,true,false,,false,1.0000,false,true,answered,answered,false,false,slack-eng-relay-043 slack-incidents-009 slack-incidents-023,slack-eng-relay-043 doc-007 slack-incidents-023 slack-incidents-009 doc-034,0,0,true,1215,950,1780,56,0,384,0.000694,0,stop,
20260903-223638-deepseek-v4-flash,1,deepseek-v4-flash,openai-compatible,deepseek-v4-flash,v1,c9ff11afc1436a70,dff88c3a4526f8e2,fa7f7600,16,q-rule-eu-support-access,rule,negation,boolean,true,true,false,,false,0.5000,false,true,answered,answered,false,false,slack-data-platform-018 slack-data-platform-019,doc-008 slack-data-platform-018,0,0,true,973,756,1843,33,0,640,0.000582,0,stop,
20260903-223638-deepseek-v4-flash,1,deepseek-v4-flash,openai-compatible,deepseek-v4-flash,v1,c9ff11afc1436a70,dff88c3a4526f8e2,fa7f7600,16,q-rule-freeze-merge,rule,,boolean,true,true,false,,false,1.0000,false,true,answered,answered,true,true,doc-024 doc-042 slack-eng-core-011 slack-eng-core-013 slack-eng-core-014 slack-eng-core-018,doc-024 doc-042 slack-eng-core-018 slack-eng-core-020 slack-eng-core-012 slack-eng-core-013 slack-eng-core-011 slack-eng-core-010 slack-eng-core-007 slack-release-008 slack-release-009 slack-eng-core-014,0,0,true,1409,804,1552,116,0,896,0.000454,0,stop,
20260903-223638-deepseek-v4-flash,1,deepseek-v4-flash,openai-compatible,deepseek-v4-flash,v1,c9ff11afc1436a70,dff88c3a4526f8e2,fa7f7600,16,q-rule-freeze-security-merge,rule,,boolean,true,true,false,,true,0.2500,true,true,answered,answered,true,true,doc-024 doc-042 slack-eng-core-012 slack-eng-core-013 slack-eng-core-014 slack-eng-core-018 slack-eng-core-019 slack-eng-core-020,doc-024 slack-eng-core-014,0,0,true,1072,858,1539,34,0,384,0.000558,0,stop,
20260903-223638-deepseek-v4-flash,1,deepseek-v4-flash,openai-compatible,deepseek-v4-flash,v1,c9ff11afc1436a70,dff88c3a4526f8e2,fa7f7600,16,q-rule-invoice-language-rule,rule,negation,string,true,true,false,,true,0.5000,true,true,answered,answered,English,English,doc-035 slack-general-017 slack-general-031 slack-sales-036,doc-035 slack-sales-036,0,0,true,1061,810,1456,34,0,512,0.000467,0,stop,
20260903-223638-deepseek-v4-flash,1,deepseek-v4-flash,openai-compatible,deepseek-v4-flash,v1,c9ff11afc1436a70,dff88c3a4526f8e2,fa7f7600,16,q-rule-invoice-language-tanaka,rule,negation keyword,string,true,true,false,,false,1.0000,false,true,answered,answered,English,English,slack-general-065 slack-general-062,slack-general-065 slack-support-018 doc-035 slack-general-062 slack-general-015,0,0,true,1049,731,1457,54,0,384,0.000549,0,stop,
20260903-223638-deepseek-v4-flash,1,deepseek-v4-flash,openai-compatible,deepseek-v4-flash,v1,c9ff11afc1436a70,dff88c3a4526f8e2,fa7f7600,16,q-rule-kowalski-signoff,rule,same_name negation,boolean,true,true,false,,false,1.0000,false,true,answered,answered,false,false,slack-security-031 slack-security-032,slack-security-032 slack-security-031 slack-security-030,0,0,true,932,636,1528,41,0,384,0.000563,0,stop,
20260903-223638-deepseek-v4-flash,1,deepseek-v4-flash,openai-compatible,deepseek-v4-flash,v1,c9ff11afc1436a70,dff88c3a4526f8e2,fa7f7600,16,q-rule-notice-tanaka,rule,scope,number,true,true,false,,true,0.8000,true,true,answered,answered,60,60,doc-023 slack-data-platform-017 slack-general-008 slack-general-019 slack-general-028,slack-general-008 slack-general-028 slack-general-019 doc-023,0,0,true,1275,1002,1499,47,0,384,0.000558,0,stop,
20260903-223638-deepseek-v4-flash,1,deepseek-v4-flash,openai-compatible,deepseek-v4-flash,v1,c9ff11afc1436a70,dff88c3a4526f8e2,fa7f7600,16,q-rule-objection-window,rule,,date,true,true,false,,true,0.4000,true,true,answered,answered,2027-03-13,2027-03-13,slack-general-012 slack-general-032 slack-general-033 slack-general-038 slack-general-039,slack-general-032 slack-general-033,0,0,true,1220,897,1570,40,0,512,0.000525,0,stop,
20260903-223638-deepseek-v4-flash,1,deepseek-v4-flash,openai-compatible,deepseek-v4-flash,v1,c9ff11afc1436a70,dff88c3a4526f8e2,fa7f7600,16,q-rule-patch-due,rule,superseded,date,true,true,false,,false,0.5000,false,true,answered,answered,2027-06-18,2027-06-18,slack-security-016 slack-security-017,slack-security-017 email-019,0,0,true,1416,1134,1630,38,0,384,0.000604,0,stop,
20260903-223638-deepseek-v4-flash,1,deepseek-v4-flash,openai-compatible,deepseek-v4-flash,v1,c9ff11afc1436a70,dff88c3a4526f8e2,fa7f7600,16,q-rule-postmortem-not-required,rule,negation,boolean,true,true,false,,true,0.7500,true,true,answered,answered,false,false,doc-040 doc-041 slack-incidents-018 slack-incidents-020,slack-incidents-020 doc-040 doc-041,0,0,true,848,598,1896,38,0,640,0.000612,0,stop,
20260903-223638-deepseek-v4-flash,1,deepseek-v4-flash,openai-compatible,deepseek-v4-flash,v1,c9ff11afc1436a70,dff88c3a4526f8e2,fa7f7600,16,q-rule-postmortem-required,rule,,boolean,true,true,false,,false,0.6667,false,true,answered,answered,true,true,doc-040 slack-incidents-017 slack-incidents-019,doc-040 doc-055 slack-incidents-017,0,0,true,857,600,1591,38,0,1536,0.000096,0,stop,
20260903-223638-deepseek-v4-flash,1,deepseek-v4-flash,openai-compatible,deepseek-v4-flash,v1,c9ff11afc1436a70,dff88c3a4526f8e2,fa7f7600,16,q-rule-replay-needs-lead,rule,,boolean,true,true,false,,true,0.7500,true,true,answered,answered,true,true,doc-036 slack-eng-relay-034 slack-eng-relay-041 slack-sales-035,slack-sales-035 doc-036 slack-eng-relay-034,0,0,true,949,633,1782,43,0,512,0.000623,0,stop,
20260903-223638-deepseek-v4-flash,1,deepseek-v4-flash,openai-compatible,deepseek-v4-flash,v1,c9ff11afc1436a70,dff88c3a4526f8e2,fa7f7600,16,q-rule-retention-backups,rule,negation,boolean,true,true,false,,false,1.0000,false,true,answered,answered,false,false,slack-data-platform-020 slack-data-platform-021,slack-data-platform-021 slack-data-platform-020 doc-056 doc-008,0,0,true,1524,1239,1891,46,0,512,0.000675,0,stop,
20260903-223638-deepseek-v4-flash,1,deepseek-v4-flash,openai-compatible,deepseek-v4-flash,v1,c9ff11afc1436a70,dff88c3a4526f8e2,fa7f7600,16,q-rule-sandbox-apsouth,rule,negation,boolean,true,true,false,,true,1.0000,true,true,answered,answered,false,false,slack-infra-056 slack-infra-052,slack-infra-052 slack-infra-056,0,0,true,867,640,1574,36,0,384,0.000576,0,stop,
20260903-223638-deepseek-v4-flash,1,deepseek-v4-flash,openai-compatible,deepseek-v4-flash,v1,c9ff11afc1436a70,dff88c3a4526f8e2,fa7f7600,16,q-rule-scribe-needed,rule,,boolean,true,true,false,,false,0.3333,false,true,answered,answered,true,true,doc-055 slack-incidents-008 slack-incidents-017 slack-incidents-019 slack-incidents-021 slack-incidents-022,slack-incidents-012 slack-incidents-021 doc-055,0,0,true,1268,948,1568,41,0,1536,0.000090,0,stop,
20260903-223638-deepseek-v4-flash,1,deepseek-v4-flash,openai-compatible,deepseek-v4-flash,v1,c9ff11afc1436a70,dff88c3a4526f8e2,fa7f7600,16,q-rule-shard-selfapprove,rule,same_name,boolean,true,true,false,,false,0.5000,false,true,answered,answered,false,false,slack-data-platform-033 slack-data-platform-034,slack-data-platform-033 slack-data-platform-012,0,0,true,1106,860,1757,36,0,384,0.000657,0,stop,
20260903-223638-deepseek-v4-flash,1,deepseek-v4-flash,openai-compatible,deepseek-v4-flash,v1,c9ff11afc1436a70,dff88c3a4526f8e2,fa7f7600,16,q-rule-shortened-soak,rule,chunk_split negation,boolean,true,true,false,,true,1.0000,true,true,answered,answered,false,false,doc-045,doc-045,0,0,true,1059,922,1782,25,0,512,0.000599,0,stop,
20260903-223638-deepseek-v4-flash,1,deepseek-v4-flash,openai-compatible,deepseek-v4-flash,v1,c9ff11afc1436a70,dff88c3a4526f8e2,fa7f7600,16,q-rule-support-deploy,rule,negation keyword,boolean,true,true,false,,false,0.5000,false,true,answered,answered,false,false,slack-infra-057 slack-infra-054,doc-027 slack-infra-027 slack-infra-053 slack-infra-054,0,0,true,1237,919,1778,49,0,384,0.000683,0,stop,
20260903-223638-deepseek-v4-flash,1,deepseek-v4-flash,openai-compatible,deepseek-v4-flash,v1,c9ff11afc1436a70,dff88c3a4526f8e2,fa7f7600,16,q-temporal-audit-in-two-weeks,temporal,relative_date,date,true,true,false,,false,1.0000,false,true,answered,answered,2027-03-22,2027-03-22,slack-sales-037,slack-sales-038 slack-sales-037,0,0,true,797,749,1558,42,0,1536,0.000087,0,stop,
20260903-223638-deepseek-v4-flash,1,deepseek-v4-flash,openai-compatible,deepseek-v4-flash,v1,c9ff11afc1436a70,dff88c3a4526f8e2,fa7f7600,16,q-temporal-backfill-start,temporal,relative_date,date,false,false,false,,false,0.0000,false,true,answered,not_in_evidence,2027-05-25,,slack-data-platform-022,,0,0,true,821,644,1817,24,0,640,0.000559,0,stop,
20260903-223638-deepseek-v4-flash,1,deepseek-v4-flash,openai-compatible,deepseek-v4-flash,v1,c9ff11afc1436a70,dff88c3a4526f8e2,fa7f7600,16,q-temporal-batch,temporal,superseded proposal,number,false,true,false,,false,1.0000,false,true,answered,answered,3,4,slack-eng-relay-001 slack-eng-relay-002 doc-config-batch slack-eng-relay-003,slack-eng-relay-001 slack-eng-relay-002 slack-eng-relay-004 doc-config-batch slack-eng-relay-003 slack-eng-relay-007 slack-eng-relay-008,0,0,true,1495,1059,1729,87,0,384,0.000712,0,stop,
20260903-223638-deepseek-v4-flash,1,deepseek-v4-flash,openai-compatible,deepseek-v4-flash,v1,c9ff11afc1436a70,dff88c3a4526f8e2,fa7f7600,16,q-temporal-branch-cut,temporal,relative_date,date,true,true,false,,false,1.0000,false,true,answered,answered,2027-04-12,2027-04-12,slack-release-011,slack-release-011 doc-045,0,0,true,795,493,1870,38,0,1792,0.000110,0,stop,
20260903-223638-deepseek-v4-flash,1,deepseek-v4-flash,openai-compatible,deepseek-v4-flash,v1,c9ff11afc1436a70,dff88c3a4526f8e2,fa7f7600,16,q-temporal-close-date,temporal,relative_date,date,true,true,false,,true,1.0000,true,true,answered,answered,2027-06-30,2027-06-30,email-027,email-027,0,0,true,1413,1150,1733,31,0,896,0.000422,0,stop,
20260903-223638-deepseek-v4-flash,1,deepseek-v4-flash,openai-compatible,deepseek-v4-flash,v1,c9ff11afc1436a70,dff88c3a4526f8e2,fa7f7600,16,q-temporal-contract-length,temporal,superseded,number,true,true,false,,true,0.5000,true,true,answered,answered,183,183,email-018 slack-general-036 slack-general-037 slack-sales-015,slack-general-036 email-018,0,0,true,1226,972,1463,33,0,384,0.000524,0,stop,
20260903-223638-deepseek-v4-flash,1,deepseek-v4-flash,openai-compatible,deepseek-v4-flash,v1,c9ff11afc1436a70,dff88c3a4526f8e2,fa7f7600,16,q-temporal-cutover-next-tuesday,temporal,relative_date,date,false,false,false,,false,0.0000,false,true,answered,not_in_evidence,2027-02-16,,slack-infra-032,,0,0,true,1295,1110,1719,24,0,512,0.000570,0,stop,
20260903-223638-deepseek-v4-flash,1,deepseek-v4-flash,openai-compatible,deepseek-v4-flash,v1,c9ff11afc1436a70,dff88c3a4526f8e2,fa7f7600,16,q-temporal-days-to-onboarding,temporal,relative_date superseded,number,false,false,false,,false,0.0000,false,true,answered,not_in_evidence,91,,email-012 slack-sales-038 slack-sales-039,,0,0,true,1020,742,1549,24,0,1536,0.000059,0,stop,
20260903-223638-deepseek-v4-flash,1,deepseek-v4-flash,openai-compatible,deepseek-v4-flash,v1,c9ff11afc1436a70,dff88c3a4526f8e2,fa7f7600,16,q-temporal-dst-gap,temporal,timezone,number,true,true,false,,false,1.0000,false,true,answered,answered,2,2,slack-eng-relay-046,slack-eng-relay-046 slack-eng-relay-022 slack-eng-relay-044 slack-eng-relay-045 slack-infra-035 slack-infra-039 slack-eng-relay-021 slack-eng-relay-050 slack-eng-palisade-030 slack-eng-relay-023 slack-eng-core-001 mtg-009 slack-eng-relay-025 doc-043 slack-support-036 slack-eng-palisade-019,0,0,true,1568,840,1824,166,0,512,0.000804,0,stop,
20260903-223638-deepseek-v4-flash,1,deepseek-v4-flash,openai-compatible,deepseek-v4-flash,v1,c9ff11afc1436a70,dff88c3a4526f8e2,fa7f7600,16,q-temporal-dst-shift,temporal,timezone,date,true,true,false,,true,1.0000,true,true,answered,answered,2027-03-28,2027-03-28,slack-eng-relay-022 slack-eng-relay-044,slack-eng-relay-044 slack-eng-relay-022,0,0,true,940,633,1825,46,0,1792,0.000100,0,stop,
20260903-223638-deepseek-v4-flash,1,deepseek-v4-flash,openai-compatible,deepseek-v4-flash,v1,c9ff11afc1436a70,dff88c3a4526f8e2,fa7f7600,16,q-temporal-export-utc,temporal,timezone superseded,time,true,true,false,,false,1.0000,false,true,answered,answered,22:15,22:15,slack-eng-relay-046,slack-eng-relay-046 slack-eng-relay-045,0,2,true,1267,861,1708,82,0,1664,0.000151,0,stop,
20260903-223638-deepseek-v4-flash,1,deepseek-v4-flash,openai-compatible,deepseek-v4-flash,v1,c9ff11afc1436a70,dff88c3a4526f8e2,fa7f7600,16,q-temporal-freeze-length,temporal,,number,true,true,false,,false,1.0000,false,true,answered,answered,22,22,doc-042 mtg-007 slack-eng-core-019 slack-eng-core-021,slack-eng-core-021 doc-024 doc-042 slack-eng-core-019 mtg-007,0,0,true,1496,1206,1696,55,0,640,0.000546,0,stop,
20260903-223638-deepseek-v4-flash,1,deepseek-v4-flash,openai-compatible,deepseek-v4-flash,v1,c9ff11afc1436a70,dff88c3a4526f8e2,fa7f7600,16,q-temporal-halcyon-renewal,temporal,superseded,number,true,true,false,,false,1.0000,false,true,answered,answered,141,141,slack-sales-044 slack-sales-046,slack-sales-044 slack-sales-045 slack-sales-046 slack-sales-047,0,0,true,1245,849,1690,53,0,384,0.000650,0,stop,
20260903-223638-deepseek-v4-flash,1,deepseek-v4-flash,openai-compatible,deepseek-v4-flash,v1,c9ff11afc1436a70,dff88c3a4526f8e2,fa7f7600,16,q-temporal-incident-gap,temporal,,number,true,true,false,,false,0.5000,false,true,answered,answered,30,30,slack-incidents-026 slack-incidents-027,slack-incidents-026 slack-incidents-008,0,0,true,1141,880,1505,37,0,512,0.000493,0,stop,
20260903-223638-deepseek-v4-flash,1,deepseek-v4-flash,openai-compatible,deepseek-v4-flash,v1,c9ff11afc1436a70,dff88c3a4526f8e2,fa7f7600,16,q-temporal-load-slip,temporal,planned_vs_done,number,true,true,false,,true,1.0000,true,true,answered,answered,7,7,slack-eng-relay-047 slack-eng-relay-048,slack-eng-relay-047 slack-eng-relay-048,0,0,true,1247,989,1688,41,0,384,0.000633,0,stop,
20260903-223638-deepseek-v4-flash,1,deepseek-v4-flash,openai-compatible,deepseek-v4-flash,v1,c9ff11afc1436a70,dff88c3a4526f8e2,fa7f7600,16,q-temporal-migration-slip,temporal,planned_vs_done,number,true,true,false,,true,0.5000,true,true,answered,answered,2,2,slack-infra-009 slack-infra-010 slack-infra-033 slack-infra-034,slack-infra-009 slack-infra-010,0,0,true,1079,867,1600,37,0,768,0.000426,0,stop,
20260903-223638-deepseek-v4-flash,1,deepseek-v4-flash,openai-compatible,deepseek-v4-flash,v1,c9ff11afc1436a70,dff88c3a4526f8e2,fa7f7600,16,q-temporal-notes-due,temporal,relative_date keyword,date,false,false,false,,false,0.0000,false,true,answered,not_in_evidence,2027-02-18,,slack-sales-040,,0,0,true,974,705,1565,24,0,384,0.000557,0,stop,
20260903-223638-deepseek-v4-flash,1,deepseek-v4-flash,openai-compatible,deepseek-v4-flash,v1,c9ff11afc1436a70,dff88c3a4526f8e2,fa7f7600,16,q-temporal-notice-close,temporal,,number,true,true,false,,true,0.4000,true,true,answered,answered,30,30,slack-general-012 slack-general-032 slack-general-033 slack-general-038 slack-general-039,slack-general-032 slack-general-033,0,0,true,1089,856,1547,35,0,384,0.000563,0,stop,
20260903-223638-deepseek-v4-flash,1,deepseek-v4-flash,openai-compatible,deepseek-v4-flash,v1,c9ff11afc1436a70,dff88c3a4526f8e2,fa7f7600,16,q-temporal-p99,temporal,superseded,date,false,true,false,,false,0.0000,false,true,answered,answered,2027-05-04,2027-03-24,slack-eng-palisade-002,slack-eng-palisade-001 mtg-001,0,2,true,1112,733,1764,78,0,384,0.000716,0,stop,
20260903-223638-deepseek-v4-flash,1,deepseek-v4-flash,openai-compatible,deepseek-v4-flash,v1,c9ff11afc1436a70,dff88c3a4526f8e2,fa7f7600,16,q-temporal-page-delay,temporal,superseded keyword,date,true,true,false,,false,1.0000,false,true,answered,answered,2027-06-14,2027-06-14,mtg-044,slack-incidents-032 slack-incidents-033 mtg-044,0,3,true,1416,1006,1788,115,0,384,0.000775,0,stop,
20260903-223638-deepseek-v4-flash,1,deepseek-v4-flash,openai-compatible,deepseek-v4-flash,v1,c9ff11afc1436a70,dff88c3a4526f8e2,fa7f7600,16,q-temporal-postmortem-due,temporal,,date,true,true,false,,false,1.0000,false,true,answered,answered,2027-04-19,2027-04-19,slack-incidents-028 slack-incidents-029,slack-incidents-028 slack-incidents-029 doc-040,0,0,true,885,577,1555,47,0,1152,0.000255,0,stop,
20260903-223638-deepseek-v4-flash,1,deepseek-v4-flash,openai-compatible,deepseek-v4-flash,v1,c9ff11afc1436a70,dff88c3a4526f8e2,fa7f7600,16,q-temporal-quarter-end-report,temporal,relative_date,date,true,true,false,,true,1.0000,true,true,answered,answered,2027-06-30,2027-06-30,slack-support-035,slack-support-035,0,0,true,1313,1078,1514,33,0,384,0.000546,0,stop,
20260903-223638-deepseek-v4-flash,1,deepseek-v4-flash,openai-compatible,deepseek-v4-flash,v1,c9ff11afc1436a70,dff88c3a4526f8e2,fa7f7600,16,q-temporal-ratelimit,temporal,superseded,number,true,true,false,,true,1.0000,true,true,answered,answered,122,122,slack-eng-palisade-008 slack-eng-palisade-009,slack-eng-palisade-008 slack-eng-palisade-009,0,0,true,895,711,1778,43,0,512,0.000621,0,stop,
20260903-223638-deepseek-v4-flash,1,deepseek-v4-flash,openai-compatible,deepseek-v4-flash,v1,c9ff11afc1436a70,dff88c3a4526f8e2,fa7f7600,16,q-temporal-renewal-decision,temporal,,date,true,true,false,,true,0.6667,true,true,answered,answered,2027-10-01,2027-10-01,doc-031 slack-general-040 slack-general-041,doc-031 slack-general-041,0,0,true,865,680,1620,38,0,384,0.000599,0,stop,
20260903-223638-deepseek-v4-flash,1,deepseek-v4-flash,openai-compatible,deepseek-v4-flash,v1,c9ff11afc1436a70,dff88c3a4526f8e2,fa7f7600,16,q-temporal-review-week,temporal,relative_date,date,false,false,false,,false,0.0000,false,true,answered,not_in_evidence,2027-05-11,,slack-eng-palisade-029,,0,0,true,753,575,1820,24,0,384,0.000669,0,stop,
20260903-223638-deepseek-v4-flash,1,deepseek-v4-flash,openai-compatible,deepseek-v4-flash,v1,c9ff11afc1436a70,dff88c3a4526f8e2,fa7f7600,16,q-temporal-status-threshold,temporal,superseded statement_shaped_question,date,true,true,false,,false,1.0000,false,true,answered,answered,2027-04-30,2027-04-30,mtg-005,slack-incidents-001 slack-incidents-002 mtg-005,0,3,true,1127,593,1708,115,0,896,0.000522,0,stop,
20260903-223638-deepseek-v4-flash,1,deepseek-v4-flash,openai-compatible,deepseek-v4-flash,v1,c9ff11afc1436a70,dff88c3a4526f8e2,fa7f7600,16,q-temporal-store-shards,temporal,superseded proposal,number,false,true,false,,true,1.0000,false,true,answered,answered,2,3,slack-data-platform-026 slack-data-platform-027 doc-config-store-shards,slack-data-platform-026 slack-data-platform-027 doc-config-store-shards,0,0,true,1118,835,2041,44,0,640,0.000683,0,stop,
20260903-223638-deepseek-v4-flash,1,deepseek-v4-flash,openai-compatible,deepseek-v4-flash,v1,c9ff11afc1436a70,dff88c3a4526f8e2,fa7f7600,16,q-temporal-tanaka-contract,temporal,superseded,date,false,true,false,,false,1.0000,false,true,answered,answered,2027-06-18,2027-06-24,slack-sales-016,slack-sales-020 slack-sales-016 email-018 slack-sales-018 slack-general-036 slack-sales-015 slack-sales-017 slack-general-037 slack-sales-019,0,5,true,1532,660,1462,204,0,384,0.000749,0,stop,
20260903-223638-deepseek-v4-flash,1,deepseek-v4-flash,openai-compatible,deepseek-v4-flash,v1,c9ff11afc1436a70,dff88c3a4526f8e2,fa7f7600,16,q-temporal-tls-window,temporal,superseded,number,false,true,false,,false,1.0000,false,true,answered,answered,119,154,slack-security-001 slack-security-002,slack-security-001 slack-security-002 slack-security-004 slack-security-005 slack-security-007 email-010 email-011,0,0,true,1057,705,1793,66,0,512,0.000658,0,stop,
20260903-223638-deepseek-v4-flash,1,deepseek-v4-flash,openai-compatible,deepseek-v4-flash,v1,c9ff11afc1436a70,dff88c3a4526f8e2,fa7f7600,16,q-temporal-verity-seats,temporal,superseded proposal,number,false,true,false,,false,1.0000,false,true,answered,answered,2,4,slack-sales-010 email-015 slack-sales-011,slack-sales-010 email-015 email-016 slack-sales-011,0,0,true,1215,835,1707,47,0,512,0.000595,0,stop,
20260904-100451-qwen3-max,1,qwen3-max,openai-compatible,qwen3-max,v1,c9ff11afc1436a70,dff88c3a4526f8e2,fa7f7600,16,q-abstain-admin-healthpath,abstain,keyword,string,true,false,false,,false,,false,,not_in_evidence,answered,,,,slack-eng-palisade-035,0,0,true,1705,1179,2051,28,0,2048,,0,stop,
20260904-100451-qwen3-max,1,qwen3-max,openai-compatible,qwen3-max,v1,c9ff11afc1436a70,dff88c3a4526f8e2,fa7f7600,16,q-abstain-apsouth-sandbox-date,abstain,negation,date,true,true,false,,true,,true,,not_in_evidence,not_in_evidence,,,,,0,0,true,1296,896,1748,23,0,1664,,0,stop,
20260904-100451-qwen3-max,1,qwen3-max,openai-compatible,qwen3-max,v1,c9ff11afc1436a70,dff88c3a4526f8e2,fa7f7600,16,q-abstain-audit-log-no-customer,abstain,scope keyword,number,true,true,false,,true,,true,,not_in_evidence,not_in_evidence,,,,,0,0,true,1381,1044,1737,23,0,0,,0,stop,
20260904-100451-qwen3-max,1,qwen3-max,openai-compatible,qwen3-max,v1,c9ff11afc1436a70,dff88c3a4526f8e2,fa7f7600,16,q-abstain-dach-report-day,abstain,scope keyword,string,true,true,false,,true,,true,,not_in_evidence,not_in_evidence,,,,,0,0,true,1235,731,1644,23,0,1536,,0,stop,
20260904-100451-qwen3-max,1,qwen3-max,openai-compatible,qwen3-max,v1,c9ff11afc1436a70,dff88c3a4526f8e2,fa7f7600,16,q-abstain-fra1-nodes,abstain,negation,number,false,false,false,,false,,false,,not_in_evidence,answered,,0,,doc-030 slack-infra-018,0,0,true,2003,1300,1794,35,0,1792,,0,stop,
20260904-100451-qwen3-max,1,qwen3-max,openai-compatible,qwen3-max,v1,c9ff11afc1436a70,dff88c3a4526f8e2,fa7f7600,16,q-abstain-halcyon-po,abstain,keyword,string,true,true,false,,true,,true,,not_in_evidence,not_in_evidence,,,,,0,0,true,1258,825,1756,23,0,1664,,0,stop,
20260904-100451-qwen3-max,1,qwen3-max,openai-compatible,qwen3-max,v1,c9ff11afc1436a70,dff88c3a4526f8e2,fa7f7600,16,q-abstain-july-oncall,abstain,same_name,string,true,true,false,,true,,true,,not_in_evidence,not_in_evidence,,,,,0,0,true,1255,833,1825,23,0,1792,,0,stop,
20260904-100451-qwen3-max,1,qwen3-max,openai-compatible,qwen3-max,v1,c9ff11afc1436a70,dff88c3a4526f8e2,fa7f7600,16,q-abstain-kestrel-audit-window,abstain,keyword,date,true,true,false,,true,,true,,not_in_evidence,not_in_evidence,,,,,0,0,true,1992,1528,1824,23,0,1792,,0,stop,
20260904-100451-qwen3-max,1,qwen3-max,openai-compatible,qwen3-max,v1,c9ff11afc1436a70,dff88c3a4526f8e2,fa7f7600,16,q-abstain-kestrel-batch,abstain,scope,number,false,false,false,,false,,false,,not_in_evidence,answered,,1500,,slack-eng-relay-001 slack-eng-relay-002 doc-config-batch slack-eng-relay-008,0,4,true,3219,898,1839,153,0,1792,,0,stop,
20260904-100451-qwen3-max,1,qwen3-max,openai-compatible,qwen3-max,v1,c9ff11afc1436a70,dff88c3a4526f8e2,fa7f7600,16,q-abstain-kestrel-invoice,abstain,unit keyword,number,true,true,false,,true,,true,,not_in_evidence,not_in_evidence,,,,,0,0,true,1644,1144,1830,23,0,1792,,0,stop,
20260904-100451-qwen3-max,1,qwen3-max,openai-compatible,qwen3-max,v1,c9ff11afc1436a70,dff88c3a4526f8e2,fa7f7600,16,q-abstain-kestrel-seats,abstain,keyword,number,true,true,false,,true,,true,,not_in_evidence,not_in_evidence,,,,,0,0,true,1220,850,1784,23,0,0,,0,stop,
20260904-100451-qwen3-max,1,qwen3-max,openai-compatible,qwen3-max,v1,c9ff11afc1436a70,dff88c3a4526f8e2,fa7f7600,16,q-abstain-meridian-po,abstain,keyword,string,true,true,false,,true,,true,,not_in_evidence,not_in_evidence,,,,,0,0,true,1167,701,1607,23,0,0,,0,stop,
20260904-100451-qwen3-max,1,qwen3-max,openai-compatible,qwen3-max,v1,c9ff11afc1436a70,dff88c3a4526f8e2,fa7f7600,16,q-abstain-meridian-retention,abstain,keyword,number,true,true,false,,true,,true,,not_in_evidence,not_in_evidence,,,,,0,0,true,1417,893,1717,23,0,0,,0,stop,
20260904-100451-qwen3-max,1,qwen3-max,openai-compatible,qwen3-max,v1,c9ff11afc1436a70,dff88c3a4526f8e2,fa7f7600,16,q-abstain-p50,abstain,scope,number,true,true,false,,true,,true,,not_in_evidence,not_in_evidence,,,,,0,0,true,1056,619,1891,23,0,384,,0,stop,
20260904-100451-qwen3-max,1,qwen3-max,openai-compatible,qwen3-max,v1,c9ff11afc1436a70,dff88c3a4526f8e2,fa7f7600,16,q-abstain-po-90118-amount,abstain,keyword,number,true,true,false,,true,,true,,not_in_evidence,not_in_evidence,,,,,0,0,true,1147,658,1848,23,0,384,,0,stop,
20260904-100451-qwen3-max,1,qwen3-max,openai-compatible,qwen3-max,v1,c9ff11afc1436a70,dff88c3a4526f8e2,fa7f7600,16,q-abstain-premium-connections,abstain,scope keyword,number,true,true,false,,true,,true,,not_in_evidence,not_in_evidence,,,,,0,0,true,1183,776,1937,23,0,0,,0,stop,
20260904-100451-qwen3-max,1,qwen3-max,openai-compatible,qwen3-max,v1,c9ff11afc1436a70,dff88c3a4526f8e2,fa7f7600,16,q-abstain-premium-rate-limit,abstain,scope,number,true,true,false,,true,,true,,not_in_evidence,not_in_evidence,,,,,0,0,true,1145,803,1968,23,0,384,,0,stop,
20260904-100451-qwen3-max,1,qwen3-max,openai-compatible,qwen3-max,v1,c9ff11afc1436a70,dff88c3a4526f8e2,fa7f7600,16,q-abstain-premium-resolution,abstain,keyword,number,true,true,false,,true,,true,,not_in_evidence,not_in_evidence,,,,,0,0,true,1046,782,1756,23,0,0,,0,stop,
20260904-100451-qwen3-max,1,qwen3-max,openai-compatible,qwen3-max,v1,c9ff11afc1436a70,dff88c3a4526f8e2,fa7f7600,16,q-abstain-relay-error-budget,abstain,scope unit,number,true,true,false,,true,,true,,not_in_evidence,not_in_evidence,,,,,0,0,true,1875,956,1764,23,0,384,,0,stop,
20260904-100451-qwen3-max,1,qwen3-max,openai-compatible,qwen3-max,v1,c9ff11afc1436a70,dff88c3a4526f8e2,fa7f7600,16,q-abstain-relay-tls,abstain,scope,number,true,false,false,,false,,false,,not_in_evidence,answered,,,,slack-eng-relay-054,0,0,true,1281,754,1879,28,0,384,,0,stop,
20260904-100451-qwen3-max,1,qwen3-max,openai-compatible,qwen3-max,v1,c9ff11afc1436a70,dff88c3a4526f8e2,fa7f7600,16,q-abstain-sandbox-quota-customer,abstain,scope,number,true,true,false,,true,,true,,not_in_evidence,not_in_evidence,,,,,0,0,true,1207,718,1903,23,0,384,,0,stop,
20260904-100451-qwen3-max,1,qwen3-max,openai-compatible,qwen3-max,v1,c9ff11afc1436a70,dff88c3a4526f8e2,fa7f7600,16,q-abstain-security-deploy-day,abstain,negation,string,true,true,false,,true,,true,,not_in_evidence,not_in_evidence,,,,,0,0,true,1407,1048,1609,23,0,384,,0,stop,
20260904-100451-qwen3-max,1,qwen3-max,openai-compatible,qwen3-max,v1,c9ff11afc1436a70,dff88c3a4526f8e2,fa7f7600,16,q-abstain-staging-cache,abstain,scope,number,true,true,false,,true,,true,,not_in_evidence,not_in_evidence,,,,,0,0,true,1109,686,1816,23,0,0,,0,stop,
20260904-100451-qwen3-max,1,qwen3-max,openai-compatible,qwen3-max,v1,c9ff11afc1436a70,dff88c3a4526f8e2,fa7f7600,16,q-abstain-staging-idle-timeout,abstain,scope,number,false,false,false,,false,,false,,not_in_evidence,answered,,120,,doc-058 slack-eng-palisade-039 slack-eng-palisade-037 slack-eng-palisade-041,0,3,true,3418,984,1711,128,0,384,,0,stop,
20260904-100451-qwen3-max,1,qwen3-max,openai-compatible,qwen3-max,v1,c9ff11afc1436a70,dff88c3a4526f8e2,fa7f7600,16,q-abstain-tanaka-escalation,abstain,keyword,string,true,true,false,,true,,true,,not_in_evidence,not_in_evidence,,,,,0,0,true,1398,1025,1614,23,0,0,,0,stop,
20260904-100451-qwen3-max,1,qwen3-max,openai-compatible,qwen3-max,v1,c9ff11afc1436a70,dff88c3a4526f8e2,fa7f7600,16,q-abstain-training-attendance,abstain,keyword,number,true,true,false,,true,,true,,not_in_evidence,not_in_evidence,,,,,0,0,true,1048,652,1951,23,0,0,,0,stop,
20260904-100451-qwen3-max,1,qwen3-max,openai-compatible,qwen3-max,v1,c9ff11afc1436a70,dff88c3a4526f8e2,fa7f7600,16,q-abstain-useast-datacentre,abstain,scope,string,true,true,false,,true,,true,,not_in_evidence,not_in_evidence,,,,,0,0,true,1359,945,1587,23,0,384,,0,stop,
20260904-100451-qwen3-max,1,qwen3-max,openai-compatible,qwen3-max,v1,c9ff11afc1436a70,dff88c3a4526f8e2,fa7f7600,16,q-abstain-useast-nightly,abstain,timezone scope,time,true,true,false,,true,,true,,not_in_evidence,not_in_evidence,,,,,0,0,true,1616,1259,1946,23,0,384,,0,stop,
20260904-100451-qwen3-max,1,qwen3-max,openai-compatible,qwen3-max,v1,c9ff11afc1436a70,dff88c3a4526f8e2,fa7f7600,16,q-abstain-verity-connector-date,abstain,negation keyword,date,true,true,false,,true,,true,,not_in_evidence,not_in_evidence,,,,,0,0,true,1735,1235,1628,23,0,0,,0,stop,
20260904-100451-qwen3-max,1,qwen3-max,openai-compatible,qwen3-max,v1,c9ff11afc1436a70,dff88c3a4526f8e2,fa7f7600,16,q-abstain-verity-renewal,abstain,keyword,date,true,true,false,,true,,true,,not_in_evidence,not_in_evidence,,,,,0,0,true,1701,1348,1913,23,0,384,,0,stop,
20260904-100451-qwen3-max,1,qwen3-max,openai-compatible,qwen3-max,v1,c9ff11afc1436a70,dff88c3a4526f8e2,fa7f7600,16,q-aggregation-annex-customers-count,aggregation,negation,number,true,true,false,,false,0.7143,false,true,answered,answered,2,2,doc-022 slack-data-platform-017 slack-general-004 slack-general-007 slack-general-008 slack-general-009 slack-general-010,slack-general-004 slack-general-010 slack-general-008 slack-general-063 slack-general-007 slack-general-028 slack-general-019 doc-023 slack-general-009,0,0,true,2383,826,1638,90,0,384,,0,stop,
20260904-100451-qwen3-max,1,qwen3-max,openai-compatible,qwen3-max,v1,c9ff11afc1436a70,dff88c3a4526f8e2,fa7f7600,16,q-aggregation-audit-field-count,aggregation,negation,number,true,true,false,,true,0.6667,true,true,answered,answered,3,3,slack-eng-core-034 slack-eng-core-035 slack-eng-core-036,slack-eng-core-034 slack-eng-core-035,0,2,true,1833,695,1871,79,0,384,,0,stop,
20260904-100451-qwen3-max,1,qwen3-max,openai-compatible,qwen3-max,v1,c9ff11afc1436a70,dff88c3a4526f8e2,fa7f7600,16,q-aggregation-badges-count,aggregation,negation same_name,number,true,true,false,,true,1.0000,true,true,answered,answered,2,2,doc-026 slack-infra-022 slack-infra-023 slack-infra-029,doc-026 slack-infra-022 slack-infra-023 slack-infra-029,0,0,true,1480,704,1759,53,0,0,,0,stop,
20260904-100451-qwen3-max,1,qwen3-max,openai-compatible,qwen3-max,v1,c9ff11afc1436a70,dff88c3a4526f8e2,fa7f7600,16,q-aggregation-components-frozen-count,aggregation,negation,number,true,true,false,,true,0.6667,true,true,answered,answered,3,3,slack-release-008 slack-release-009 slack-release-010,slack-release-010 slack-release-009,0,0,true,1244,696,1599,35,0,384,,0,stop,
20260904-100451-qwen3-max,1,qwen3-max,openai-compatible,qwen3-max,v1,c9ff11afc1436a70,dff88c3a4526f8e2,fa7f7600,16,q-aggregation-connector-count,aggregation,superseded negation,number,true,true,false,,true,0.6667,true,true,answered,answered,3,3,slack-eng-relay-066 slack-eng-relay-067 slack-eng-relay-068,slack-eng-relay-067 slack-eng-relay-066,0,2,true,2562,1308,1744,81,0,512,,0,stop,
20260904-100451-qwen3-max,1,qwen3-max,openai-compatible,qwen3-max,v1,c9ff11afc1436a70,dff88c3a4526f8e2,fa7f7600,16,q-aggregation-credits-march,aggregation,unit,number,true,true,false,,true,1.0000,true,true,answered,answered,4100,4100,slack-general-021 slack-general-022 slack-general-023,slack-general-021 slack-general-022 slack-general-023,0,0,true,1463,701,1717,46,0,384,,0,stop,
20260904-100451-qwen3-max,1,qwen3-max,openai-compatible,qwen3-max,v1,c9ff11afc1436a70,dff88c3a4526f8e2,fa7f7600,16,q-aggregation-customers-502-count,aggregation,format,number,true,true,false,,true,0.6000,true,true,answered,answered,3,3,issue-wrn-4102 slack-support-026 slack-support-027 slack-support-028 slack-support-029,slack-support-026 slack-support-027 slack-support-028,0,0,true,1870,1020,1720,43,0,384,,0,stop,
20260904-100451-qwen3-max,1,qwen3-max,openai-compatible,qwen3-max,v1,c9ff11afc1436a70,dff88c3a4526f8e2,fa7f7600,16,q-aggregation-dach-channel-count,aggregation,format negation,number,true,true,false,,true,1.0000,true,true,answered,answered,2,2,slack-dach-013 slack-dach-014,slack-dach-013 slack-dach-014,0,0,true,1491,764,1572,37,0,384,,0,stop,
20260904-100451-qwen3-max,1,qwen3-max,openai-compatible,qwen3-max,v1,c9ff11afc1436a70,dff88c3a4526f8e2,fa7f7600,16,q-aggregation-deploy-teams-count,aggregation,negation,number,true,true,false,,false,0.5000,false,true,answered,answered,2,2,slack-infra-053 slack-infra-054,slack-infra-053 doc-027 slack-infra-027,0,0,true,1884,1129,1632,44,0,512,,0,stop,
20260904-100451-qwen3-max,1,qwen3-max,openai-compatible,qwen3-max,v1,c9ff11afc1436a70,dff88c3a4526f8e2,fa7f7600,16,q-aggregation-edge-nodes-total,aggregation,,number,true,true,false,,true,0.6000,true,true,answered,answered,14,14,slack-infra-024 slack-infra-025 slack-infra-026 slack-infra-031 slack-infra-037,slack-infra-025 slack-infra-024 slack-infra-026,0,0,true,1573,789,1912,47,0,384,,0,stop,
20260904-100451-qwen3-max,1,qwen3-max,openai-compatible,qwen3-max,v1,c9ff11afc1436a70,dff88c3a4526f8e2,fa7f7600,16,q-aggregation-enterprise-count,aggregation,negation,number,true,true,false,,true,1.0000,true,true,answered,answered,1,1,slack-sales-048 slack-sales-049,slack-sales-048 slack-sales-049,0,0,true,1186,612,1771,35,0,384,,0,stop,
20260904-100451-qwen3-max,1,qwen3-max,openai-compatible,qwen3-max,v1,c9ff11afc1436a70,dff88c3a4526f8e2,fa7f7600,16,q-aggregation-escalations-q2,aggregation,,number,true,true,false,,true,1.0000,true,true,answered,answered,4,4,slack-general-025 slack-general-026 slack-general-027,slack-general-025 slack-general-026 slack-general-027,0,0,true,1329,677,1783,43,0,0,,0,stop,
20260904-100451-qwen3-max,1,qwen3-max,openai-compatible,qwen3-max,v1,c9ff11afc1436a70,dff88c3a4526f8e2,fa7f7600,16,q-aggregation-freeze-exempt-count,aggregation,negation,number,true,true,false,,false,0.6000,false,true,answered,answered,2,2,doc-024 mtg-007 slack-eng-core-013 slack-eng-core-014 slack-eng-core-018,slack-eng-core-014 slack-eng-core-013 slack-eng-core-020 slack-eng-core-018,0,0,true,2121,781,1708,55,0,0,,0,stop,
20260904-100451-qwen3-max,1,qwen3-max,openai-compatible,qwen3-max,v1,c9ff11afc1436a70,dff88c3a4526f8e2,fa7f7600,16,q-aggregation-german-invoice-countries,aggregation,format negation,number,true,true,false,,false,1.0000,false,true,answered,answered,2,2,doc-035 slack-general-017 slack-general-018 slack-general-031,slack-general-017 doc-035 slack-general-031 slack-general-062 slack-general-018,0,0,true,1638,733,1726,58,0,0,,0,stop,
20260904-100451-qwen3-max,1,qwen3-max,openai-compatible,qwen3-max,v1,c9ff11afc1436a70,dff88c3a4526f8e2,fa7f7600,16,q-aggregation-hours-lost-relay,aggregation,unit,number,true,true,false,,true,1.0000,true,true,answered,answered,9,9,slack-eng-relay-038 slack-eng-relay-039 slack-eng-relay-040,slack-eng-relay-038 slack-eng-relay-039 slack-eng-relay-040,0,0,true,1470,649,1752,49,0,384,,0,stop,
20260904-100451-qwen3-max,1,qwen3-max,openai-compatible,qwen3-max,v1,c9ff11afc1436a70,dff88c3a4526f8e2,fa7f7600,16,q-aggregation-incident-minutes,aggregation,,number,true,true,false,,true,0.3333,true,true,answered,answered,53,53,slack-incidents-008 slack-incidents-017 slack-incidents-018 slack-incidents-019 slack-incidents-020 slack-incidents-022,slack-incidents-017 slack-incidents-018,0,0,true,1484,739,1747,38,0,384,,0,stop,
20260904-100451-qwen3-max,1,qwen3-max,openai-compatible,qwen3-max,v1,c9ff11afc1436a70,dff88c3a4526f8e2,fa7f7600,16,q-aggregation-incident-numbers-count,aggregation,negation,number,true,true,false,,true,0.3333,true,true,answered,answered,3,3,slack-incidents-036 slack-incidents-037 slack-incidents-038,slack-incidents-037,0,0,true,1240,814,1952,28,0,384,,0,stop,
20260904-100451-qwen3-max,1,qwen3-max,openai-compatible,qwen3-max,v1,c9ff11afc1436a70,dff88c3a4526f8e2,fa7f7600,16,q-aggregation-invoice-two-months,aggregation,unit,number,true,true,false,,true,0.6667,true,true,answered,answered,7800,7800,email-007 slack-general-024 slack-sales-034,slack-sales-034 slack-general-024,0,0,true,1989,1125,1804,38,0,384,,0,stop,
20260904-100451-qwen3-max,1,qwen3-max,openai-compatible,qwen3-max,v1,c9ff11afc1436a70,dff88c3a4526f8e2,fa7f7600,16,q-aggregation-oncall-people-count,aggregation,same_name,number,true,true,false,,true,0.6667,true,true,answered,answered,3,3,slack-infra-012 slack-infra-020 slack-infra-021,slack-infra-021 slack-infra-012,0,0,true,1343,711,1925,37,0,384,,0,stop,
20260904-100451-qwen3-max,1,qwen3-max,openai-compatible,qwen3-max,v1,c9ff11afc1436a70,dff88c3a4526f8e2,fa7f7600,16,q-aggregation-postmortems-count,aggregation,,number,true,true,false,,false,1.0000,false,true,answered,answered,3,3,doc-028 doc-039 slack-incidents-016,slack-incidents-016 doc-039 doc-028 slack-incidents-037,0,0,true,1597,776,2278,51,0,384,,0,stop,
20260904-100451-qwen3-max,1,qwen3-max,openai-compatible,qwen3-max,v1,c9ff11afc1436a70,dff88c3a4526f8e2,fa7f7600,16,q-aggregation-premium-count-june,aggregation,superseded,number,false,true,false,,false,0.2000,false,true,answered,answered,2,3,slack-sales-025 slack-sales-029 slack-sales-030 slack-sales-031 slack-sales-035,slack-sales-031 slack-sales-048 slack-support-005 slack-dach-001,0,0,true,1828,771,1753,52,0,384,,0,stop,
20260904-100451-qwen3-max,1,qwen3-max,openai-compatible,qwen3-max,v1,c9ff11afc1436a70,dff88c3a4526f8e2,fa7f7600,16,q-aggregation-q1-po-total,aggregation,unit,number,true,true,false,,false,1.0000,false,true,answered,answered,28200,28200,email-039 email-040,email-040 email-024 email-039,0,0,true,1386,687,1818,44,0,384,,0,stop,
20260904-100451-qwen3-max,1,qwen3-max,openai-compatible,qwen3-max,v1,c9ff11afc1436a70,dff88c3a4526f8e2,fa7f7600,16,q-aggregation-regions-with-limiter-count,aggregation,superseded,number,true,true,false,,true,0.6667,true,true,answered,answered,2,2,slack-eng-palisade-026 slack-eng-palisade-027 slack-eng-palisade-028,slack-eng-palisade-028 slack-eng-palisade-027,0,0,true,1365,698,1980,41,0,384,,0,stop,
20260904-100451-qwen3-max,1,qwen3-max,openai-compatible,qwen3-max,v1,c9ff11afc1436a70,dff88c3a4526f8e2,fa7f7600,16,q-aggregation-releases-half,aggregation,relative_date planned_vs_done,number,true,true,false,,true,1.0000,true,true,answered,answered,6,6,slack-release-016 slack-release-017,slack-release-017 slack-release-016,0,0,true,1675,943,1803,35,0,384,,0,stop,
20260904-100451-qwen3-max,1,qwen3-max,openai-compatible,qwen3-max,v1,c9ff11afc1436a70,dff88c3a4526f8e2,fa7f7600,16,q-aggregation-renewals-q1-count,aggregation,planned_vs_done,number,true,true,false,,true,0.6667,true,true,answered,answered,3,3,slack-general-014 slack-general-015 slack-general-016,slack-general-016 slack-general-015,0,0,true,1412,779,1665,35,0,384,,0,stop,
20260904-100451-qwen3-max,1,qwen3-max,openai-compatible,qwen3-max,v1,c9ff11afc1436a70,dff88c3a4526f8e2,fa7f7600,16,q-aggregation-sandbox-regions-count,aggregation,negation superseded,number,true,true,false,,true,0.6667,true,true,answered,answered,2,2,slack-infra-050 slack-infra-051 slack-infra-052,slack-infra-051 slack-infra-052,0,0,true,1429,710,1814,37,0,384,,0,stop,
20260904-100451-qwen3-max,1,qwen3-max,openai-compatible,qwen3-max,v1,c9ff11afc1436a70,dff88c3a4526f8e2,fa7f7600,16,q-aggregation-seats-june,aggregation,,number,true,true,false,,true,1.0000,true,true,answered,answered,105,105,slack-sales-032 slack-sales-033,slack-sales-033 slack-sales-032,0,0,true,1571,865,1713,37,0,384,,0,stop,
20260904-100451-qwen3-max,1,qwen3-max,openai-compatible,qwen3-max,v1,c9ff11afc1436a70,dff88c3a4526f8e2,fa7f7600,16,q-aggregation-signoff-count,aggregation,negation,number,true,true,false,,true,0.6667,true,true,answered,answered,2,2,slack-security-030 slack-security-031 slack-security-032,slack-security-030 slack-security-031,0,2,true,2669,1438,1575,77,0,384,,0,stop,
20260904-100451-qwen3-max,1,qwen3-max,openai-compatible,qwen3-max,v1,c9ff11afc1436a70,dff88c3a4526f8e2,fa7f7600,16,q-aggregation-sub-processor-count,aggregation,proposal,number,true,true,false,,false,0.8000,false,true,answered,answered,3,3,slack-general-011 slack-general-012 slack-general-013 slack-general-033 slack-general-039,slack-general-011 slack-general-039 slack-general-012 slack-general-013 slack-general-06,0,0,true,2223,1118,1898,58,0,0,,0,stop,
20260904-100451-qwen3-max,1,qwen3-max,openai-compatible,qwen3-max,v1,c9ff11afc1436a70,dff88c3a4526f8e2,fa7f7600,16,q-aggregation-tickets-week,aggregation,format,number,true,true,false,,true,0.7500,true,true,answered,answered,47,47,slack-support-031 slack-support-032 slack-support-033 slack-support-034,slack-support-031 slack-support-032 slack-support-033,0,0,true,1465,757,1983,44,0,384,,0,stop,
20260904-100451-qwen3-max,1,qwen3-max,openai-compatible,qwen3-max,v1,c9ff11afc1436a70,dff88c3a4526f8e2,fa7f7600,16,q-asof-batch,asof,superseded proposal retraction,number,true,true,true,false,true,0.2500,false,true,answered,answered,1000,1000,slack-eng-relay-001 slack-eng-relay-002 doc-config-batch slack-eng-relay-003,slack-eng-relay-002,4,0,true,1396,836,1799,32,0,384,,0,stop,
20260904-100451-qwen3-max,1,qwen3-max,openai-compatible,qwen3-max,v1,c9ff11afc1436a70,dff88c3a4526f8e2,fa7f7600,16,q-asof-cache-ttl,asof,superseded keyword retraction,number,true,true,true,false,true,0.6667,false,true,answered,answered,300,300,slack-eng-palisade-018 slack-eng-palisade-019 cmt-wrn-4477-001,slack-eng-palisade-018 slack-eng-palisade-019,3,2,true,2907,1667,1800,88,0,384,,0,stop,
20260904-100451-qwen3-max,1,qwen3-max,openai-compatible,qwen3-max,v1,c9ff11afc1436a70,dff88c3a4526f8e2,fa7f7600,16,q-asof-connector-timeout,asof,superseded same_name retraction,number,true,true,true,false,true,0.3333,false,true,answered,answered,30,30,slack-eng-relay-009 slack-eng-relay-010 slack-eng-relay-011,slack-eng-relay-010,3,0,true,1183,677,1658,30,0,384,,0,stop,
20260904-100451-qwen3-max,1,qwen3-max,openai-compatible,qwen3-max,v1,c9ff11afc1436a70,dff88c3a4526f8e2,fa7f7600,16,q-asof-dlq-retries,asof,superseded proposal,number,true,true,true,false,true,0.6667,false,true,answered,answered,5,5,slack-eng-relay-017 slack-eng-relay-018 cmt-wrn-5120-001,slack-eng-relay-018 slack-eng-relay-017,3,2,true,2003,716,2032,81,0,0,,0,stop,
20260904-100451-qwen3-max,1,qwen3-max,openai-compatible,qwen3-max,v1,c9ff11afc1436a70,dff88c3a4526f8e2,fa7f7600,16,q-asof-error-budget,asof,superseded,number,false,true,true,false,true,0.6667,false,true,answered,answered,0.5,1,slack-eng-palisade-013 slack-eng-palisade-014 doc-config-error-budget,slack-eng-palisade-013 slack-eng-palisade-014,3,2,true,1926,611,1899,85,0,0,,0,stop,
20260904-100451-qwen3-max,1,qwen3-max,openai-compatible,qwen3-max,v1,c9ff11afc1436a70,dff88c3a4526f8e2,fa7f7600,16,q-asof-fetch-concurrency,asof,superseded keyword,number,true,true,true,false,true,0.6667,false,true,answered,answered,8,8,slack-eng-relay-061 slack-eng-relay-062 slack-eng-relay-063,slack-eng-relay-062 slack-eng-relay-061,3,2,true,2348,1147,1860,81,0,384,,0,stop,
20260904-100451-qwen3-max,1,qwen3-max,openai-compatible,qwen3-max,v1,c9ff11afc1436a70,dff88c3a4526f8e2,fa7f7600,16,q-asof-halcyon-invoice,asof,superseded unit quoted_email,number,true,true,true,false,true,0.6667,false,true,answered,answered,3400,3400,slack-sales-001 doc-003 email-007,slack-sales-001 doc-003,3,2,true,2146,794,1816,85,0,384,,0,stop,
20260904-100451-qwen3-max,1,qwen3-max,openai-compatible,qwen3-max,v1,c9ff11afc1436a70,dff88c3a4526f8e2,fa7f7600,16,q-asof-halcyon-renewal,asof,superseded,date,true,true,true,false,true,0.6667,false,true,answered,answered,2027-10-31,2027-10-31,slack-sales-044 slack-sales-045 slack-sales-046,slack-sales-044 slack-sales-045,3,2,true,2347,674,1827,104,0,384,,0,stop,
20260904-100451-qwen3-max,1,qwen3-max,openai-compatible,qwen3-max,v1,c9ff11afc1436a70,dff88c3a4526f8e2,fa7f7600,16,q-asof-idle-timeout,asof,superseded keyword,number,true,true,true,false,true,0.6667,false,true,answered,answered,90,90,slack-eng-palisade-038 slack-eng-palisade-039 doc-058,slack-eng-palisade-039 slack-eng-palisade-038,3,2,true,2519,797,1739,86,0,384,,0,stop,
20260904-100451-qwen3-max,1,qwen3-max,openai-compatible,qwen3-max,v1,c9ff11afc1436a70,dff88c3a4526f8e2,fa7f7600,16,q-asof-kestrel-retention,asof,superseded retraction proposal,number,true,true,true,false,true,0.5000,false,true,answered,answered,90,90,email-004 slack-data-platform-001 slack-data-platform-002 slack-data-platform-012,slack-data-platform-001 email-004,3,2,true,2105,712,1831,80,0,384,,0,stop,
20260904-100451-qwen3-max,1,qwen3-max,openai-compatible,qwen3-max,v1,c9ff11afc1436a70,dff88c3a4526f8e2,fa7f7600,16,q-asof-meridian-tier,asof,superseded retraction,string,true,true,true,true,false,0.5000,false,true,answered,answered,premium,premium,email-002 slack-support-001 slack-support-002 slack-support-021,slack-support-001 email-002 slack-sales-048,3,3,true,2618,709,1584,105,0,384,,0,stop,
20260904-100451-qwen3-max,1,qwen3-max,openai-compatible,qwen3-max,v1,c9ff11afc1436a70,dff88c3a4526f8e2,fa7f7600,16,q-asof-nightly-job,asof,superseded timezone,time,true,true,true,false,false,0.3333,false,true,answered,answered,03:00,03:00,slack-eng-relay-021 slack-eng-relay-022 slack-eng-relay-023,slack-eng-relay-022 email-014,3,0,true,1704,893,1936,40,0,0,,0,stop,
20260904-100451-qwen3-max,1,qwen3-max,openai-compatible,qwen3-max,v1,c9ff11afc1436a70,dff88c3a4526f8e2,fa7f7600,16,q-asof-northwind-onboarding,asof,superseded retraction,date,true,true,true,false,false,0.7500,false,true,answered,answered,2027-04-26,2027-04-26,email-012 slack-sales-004 slack-sales-005 slack-sales-039,slack-sales-004 slack-sales-005 email-012 slack-sales-007,3,4,true,3366,680,1765,179,0,0,,0,stop,
20260904-100451-qwen3-max,1,qwen3-max,openai-compatible,qwen3-max,v1,c9ff11afc1436a70,dff88c3a4526f8e2,fa7f7600,16,q-asof-oncall-owner,asof,superseded same_name keyword retraction,string,true,true,true,false,true,0.3333,false,true,answered,answered,Ravi Iyer,Ravi Iyer,slack-infra-001 slack-infra-002 email-006,slack-infra-002,3,0,true,1270,790,1664,31,0,384,,0,stop,
20260904-100451-qwen3-max,1,qwen3-max,openai-compatible,qwen3-max,v1,c9ff11afc1436a70,dff88c3a4526f8e2,fa7f7600,16,q-asof-p99,asof,superseded quoted_email proposal,number,true,true,true,true,true,1.0000,true,true,answered,answered,165,165,slack-eng-palisade-001 mtg-001 slack-eng-palisade-002,slack-eng-palisade-001 mtg-001 slack-eng-palisade-002,3,3,true,2697,674,1992,120,0,0,,0,stop,
20260904-100451-qwen3-max,1,qwen3-max,openai-compatible,qwen3-max,v1,c9ff11afc1436a70,dff88c3a4526f8e2,fa7f7600,16,q-asof-page-delay,asof,superseded keyword,number,true,true,true,false,true,0.6667,false,true,answered,answered,10,10,slack-incidents-032 slack-incidents-033 mtg-044,slack-incidents-032 slack-incidents-033,3,2,true,2175,700,1891,81,0,384,,0,stop,
20260904-100451-qwen3-max,1,qwen3-max,openai-compatible,qwen3-max,v1,c9ff11afc1436a70,dff88c3a4526f8e2,fa7f7600,16,q-asof-patch-sla,asof,superseded scope,number,true,true,true,false,true,0.5000,false,true,answered,answered,7,7,doc-005 email-019 slack-security-007 slack-security-017,slack-security-007 doc-005,3,2,true,1913,659,1692,77,0,0,,0,stop,
20260904-100451-qwen3-max,1,qwen3-max,openai-compatible,qwen3-max,v1,c9ff11afc1436a70,dff88c3a4526f8e2,fa7f7600,16,q-asof-premium-response,asof,superseded scope retraction format,number,true,true,true,false,true,0.3333,false,true,answered,answered,30,30,slack-support-008 doc-004 slack-support-009,doc-004,3,1,true,2285,1520,1769,49,0,384,,0,stop,
20260904-100451-qwen3-max,1,qwen3-max,openai-compatible,qwen3-max,v1,c9ff11afc1436a70,dff88c3a4526f8e2,fa7f7600,16,q-asof-ratelimit,asof,superseded scope quoted_email,number,true,true,true,false,true,0.6667,false,true,answered,answered,900,900,slack-eng-palisade-008 doc-001 slack-eng-palisade-009,doc-001 slack-eng-palisade-008,3,2,true,2264,912,1988,85,0,0,,0,stop,
20260904-100451-qwen3-max,1,qwen3-max,openai-compatible,qwen3-max,v1,c9ff11afc1436a70,dff88c3a4526f8e2,fa7f7600,16,q-asof-release-cadence,asof,superseded,number,true,true,true,true,false,0.6667,false,true,answered,answered,2,2,slack-release-001 doc-002 slack-release-002,doc-002 slack-release-002 mtg-004,3,3,true,3135,1162,1737,105,0,0,,0,stop,
20260904-100451-qwen3-max,1,qwen3-max,openai-compatible,qwen3-max,v1,c9ff11afc1436a70,dff88c3a4526f8e2,fa7f7600,16,q-asof-replay-batch,asof,superseded proposal quoted_email,number,true,true,true,false,true,0.6667,false,true,answered,answered,500,500,slack-eng-relay-058 doc-059 slack-eng-relay-059,slack-eng-relay-058 doc-059,3,2,true,2225,704,1904,84,0,0,,0,stop,
20260904-100451-qwen3-max,1,qwen3-max,openai-compatible,qwen3-max,v1,c9ff11afc1436a70,dff88c3a4526f8e2,fa7f7600,16,q-asof-report-day,asof,superseded retraction format,string,false,true,true,false,true,0.6667,false,true,answered,answered,Wednesday,Thursday,slack-support-041 slack-support-042 email-038,slack-support-041 email-038,3,2,true,2085,788,1627,76,0,384,,0,stop,
20260904-100451-qwen3-max,1,qwen3-max,openai-compatible,qwen3-max,v1,c9ff11afc1436a70,dff88c3a4526f8e2,fa7f7600,16,q-asof-sandbox-quota,asof,superseded keyword unit,number,true,true,true,false,true,0.6667,false,true,answered,answered,20000,20000,slack-eng-palisade-044 slack-eng-palisade-045 slack-eng-palisade-046,slack-eng-palisade-044 slack-eng-palisade-045,3,2,true,2248,755,1873,94,0,384,,0,stop,
20260904-100451-qwen3-max,1,qwen3-max,openai-compatible,qwen3-max,v1,c9ff11afc1436a70,dff88c3a4526f8e2,fa7f7600,16,q-asof-status-threshold,asof,superseded format,number,true,true,true,false,true,0.6667,false,true,answered,answered,10,10,slack-incidents-001 slack-incidents-002 mtg-005,slack-incidents-001 slack-incidents-002,3,2,true,2191,894,1709,82,0,384,,0,stop,
20260904-100451-qwen3-max,1,qwen3-max,openai-compatible,qwen3-max,v1,c9ff11afc1436a70,dff88c3a4526f8e2,fa7f7600,16,q-asof-store-shards,asof,superseded proposal,number,true,true,true,false,true,0.6667,false,true,answered,answered,12,12,slack-data-platform-026 slack-data-platform-027 doc-config-store-shards,slack-data-platform-026 slack-data-platform-027,3,2,true,2264,825,1898,81,0,384,,0,stop,
20260904-100451-qwen3-max,1,qwen3-max,openai-compatible,qwen3-max,v1,c9ff11afc1436a70,dff88c3a4526f8e2,fa7f7600,16,q-asof-tanaka-contract,asof,superseded retraction,date,true,true,true,false,true,0.4000,false,true,answered,answered,2028-03-31,2028-03-31,email-018 slack-general-036 slack-general-037 slack-sales-015 slack-sales-016,slack-sales-015 email-018,3,2,true,2769,1152,1627,103,0,0,,0,stop,
20260904-100451-qwen3-max,1,qwen3-max,openai-compatible,qwen3-max,v1,c9ff11afc1436a70,dff88c3a4526f8e2,fa7f7600,16,q-asof-tanaka-invoice-day,asof,superseded statement_shaped_question,number,true,true,true,false,true,0.6667,false,true,answered,answered,5,5,slack-general-051 slack-general-052 slack-general-053,slack-general-051 slack-general-052,3,2,true,2407,1007,1618,77,0,0,,0,stop,
20260904-100451-qwen3-max,1,qwen3-max,openai-compatible,qwen3-max,v1,c9ff11afc1436a70,dff88c3a4526f8e2,fa7f7600,16,q-asof-tls-window,asof,superseded quoted_email retraction,number,true,true,true,false,true,0.6667,false,true,answered,answered,30,30,slack-security-001 email-010 slack-security-002,slack-security-001 email-010,3,2,true,2062,782,1926,79,0,0,,0,stop,
20260904-100451-qwen3-max,1,qwen3-max,openai-compatible,qwen3-max,v1,c9ff11afc1436a70,dff88c3a4526f8e2,fa7f7600,16,q-asof-training-owner,asof,superseded keyword,string,true,true,true,false,true,0.6667,false,true,answered,answered,Hannah Fischer,Hannah Fischer,slack-security-025 slack-security-026 slack-security-027,slack-security-025 slack-security-026,3,2,true,2298,927,1832,85,0,384,,0,stop,
20260904-100451-qwen3-max,1,qwen3-max,openai-compatible,qwen3-max,v1,c9ff11afc1436a70,dff88c3a4526f8e2,fa7f7600,16,q-asof-verity-seats,asof,superseded quoted_email,number,true,true,true,true,true,0.7500,true,true,answered,answered,75,75,email-015 email-030 slack-sales-010 slack-sales-011,email-015 email-030 slack-sales-011,3,3,true,2508,737,1871,109,0,384,,0,stop,
20260904-100451-qwen3-max,1,qwen3-max,openai-compatible,qwen3-max,v1,c9ff11afc1436a70,dff88c3a4526f8e2,fa7f7600,16,q-current-batch,current,superseded format unit retraction,number,false,true,true,false,false,0.5000,false,true,answered,answered,1500,2000,slack-eng-relay-001 slack-eng-relay-002 doc-config-batch slack-eng-relay-003,doc-config-batch mtg-002 slack-eng-relay-006 slack-eng-relay-007 slack-eng-relay-003,4,5,true,4300,1154,1788,185,0,384,,0,stop,
20260904-100451-qwen3-max,1,qwen3-max,openai-compatible,qwen3-max,v1,c9ff11afc1436a70,dff88c3a4526f8e2,fa7f7600,16,q-current-cache-ttl,current,superseded keyword retraction statement_shaped_question quoted_email,number,true,true,true,true,false,1.0000,false,true,answered,answered,120,120,slack-eng-palisade-018 slack-eng-palisade-019 cmt-wrn-4477-001,slack-eng-palisade-018 slack-eng-palisade-019 cmt-wrn-4477-001 email-017,3,3,true,3730,1286,1820,133,0,384,,0,stop,
20260904-100451-qwen3-max,1,qwen3-max,openai-compatible,qwen3-max,v1,c9ff11afc1436a70,dff88c3a4526f8e2,fa7f7600,16,q-current-connector-timeout,current,superseded same_name keyword retraction statement_shaped_question,number,true,true,true,true,false,1.0000,false,true,answered,answered,45,45,slack-eng-relay-009 slack-eng-relay-010 slack-eng-relay-011,slack-eng-relay-011 slack-eng-relay-014 slack-eng-relay-010 slack-eng-relay-009,3,3,true,2783,710,1671,126,0,384,,0,stop,
20260904-100451-qwen3-max,1,qwen3-max,openai-compatible,qwen3-max,v1,c9ff11afc1436a70,dff88c3a4526f8e2,fa7f7600,16,q-current-dlq-retries,current,superseded proposal statement_shaped_question quoted_email,number,true,true,true,true,false,1.0000,false,true,answered,answered,8,8,slack-eng-relay-017 slack-eng-relay-018 cmt-wrn-5120-001,cmt-wrn-5120-001 email-009 slack-eng-relay-018 slack-eng-relay-017,3,3,true,3330,817,2016,124,0,384,,0,stop,
20260904-100451-qwen3-max,1,qwen3-max,openai-compatible,qwen3-max,v1,c9ff11afc1436a70,dff88c3a4526f8e2,fa7f7600,16,q-current-error-budget,current,superseded statement_shaped_question format,number,true,true,true,true,true,0.3333,true,true,answered,answered,0.25,0.25,slack-eng-palisade-013 slack-eng-palisade-014 doc-config-error-budget,doc-config-error-budget,3,3,true,2587,876,1787,96,0,384,,0,stop,
20260904-100451-qwen3-max,1,qwen3-max,openai-compatible,qwen3-max,v1,c9ff11afc1436a70,dff88c3a4526f8e2,fa7f7600,16,q-current-fetch-concurrency,current,superseded keyword format,number,false,true,true,false,false,1.0000,false,true,answered,answered,6,8,slack-eng-relay-061 slack-eng-relay-062 slack-eng-relay-063,slack-eng-relay-062 slack-eng-relay-063 slack-eng-relay-064 slack-eng-relay-061,3,4,true,3685,1216,1745,143,0,0,,0,stop,
20260904-100451-qwen3-max,1,qwen3-max,openai-compatible,qwen3-max,v1,c9ff11afc1436a70,dff88c3a4526f8e2,fa7f7600,16,q-current-halcyon-invoice,current,superseded unit format quoted_email,number,true,true,true,true,true,1.0000,true,true,answered,answered,3900,3900,slack-sales-001 doc-003 email-007,email-007 doc-003 slack-sales-001,3,3,true,2919,955,1808,116,0,384,,0,stop,
20260904-100451-qwen3-max,1,qwen3-max,openai-compatible,qwen3-max,v1,c9ff11afc1436a70,dff88c3a4526f8e2,fa7f7600,16,q-current-halcyon-renewal,current,superseded,date,true,true,true,true,true,1.0000,true,true,answered,answered,2027-09-30,2027-09-30,slack-sales-044 slack-sales-045 slack-sales-046,slack-sales-044 slack-sales-045 slack-sales-046,3,3,true,3553,1467,1815,142,0,0,,0,stop,
20260904-100451-qwen3-max,1,qwen3-max,openai-compatible,qwen3-max,v1,c9ff11afc1436a70,dff88c3a4526f8e2,fa7f7600,16,q-current-idle-timeout,current,superseded statement_shaped_question keyword format,number,true,true,true,false,false,1.0000,false,true,answered,answered,120,120,slack-eng-palisade-038 slack-eng-palisade-039 doc-058,doc-058 slack-eng-palisade-038 slack-eng-palisade-039 slack-eng-palisade-040,3,4,true,2988,779,1729,150,0,0,,0,stop,
20260904-100451-qwen3-max,1,qwen3-max,openai-compatible,qwen3-max,v1,c9ff11afc1436a70,dff88c3a4526f8e2,fa7f7600,16,q-current-kestrel-retention,current,superseded proposal retraction statement_shaped_question quoted_email,number,true,true,true,true,false,0.7500,false,true,answered,answered,180,180,email-004 slack-data-platform-001 slack-data-platform-002 slack-data-platform-012,slack-data-platform-001 email-004 slack-data-platform-004 slack-data-platform-002 slack-data-platform-005 slack-data-platform-007,3,3,true,3317,1014,1820,140,0,0,,0,stop,
20260904-100451-qwen3-max,1,qwen3-max,openai-compatible,qwen3-max,v1,c9ff11afc1436a70,dff88c3a4526f8e2,fa7f7600,16,q-current-meridian-tier,current,superseded statement_shaped_question format retraction,string,true,true,true,true,false,0.5000,false,true,answered,answered,enterprise,enterprise,email-002 slack-support-001 slack-support-002 slack-support-021,slack-support-005 slack-support-007 slack-support-021 slack-sales-031 email-002,3,3,true,2760,734,1573,121,0,0,,0,stop,
20260904-100451-qwen3-max,1,qwen3-max,openai-compatible,qwen3-max,v1,c9ff11afc1436a70,dff88c3a4526f8e2,fa7f7600,16,q-current-nightly-job,current,superseded timezone quoted_email,time,true,true,true,false,false,0.3333,false,true,answered,answered,01:30,01:30,slack-eng-relay-021 slack-eng-relay-022 slack-eng-relay-023,slack-eng-relay-024 slack-eng-relay-023 email-014,3,3,true,2919,817,1923,125,0,384,,0,stop,
20260904-100451-qwen3-max,1,qwen3-max,openai-compatible,qwen3-max,v1,c9ff11afc1436a70,dff88c3a4526f8e2,fa7f7600,16,q-current-northwind-onboarding,current,superseded planned_vs_done retraction statement_shaped_question,date,true,true,true,true,true,1.0000,true,true,answered,answered,2027-06-21,2027-06-21,email-012 slack-sales-004 slack-sales-005 slack-sales-039,slack-sales-039 email-012 slack-sales-004 slack-sales-005,3,3,true,3143,696,1754,149,0,384,,0,stop,
20260904-100451-qwen3-max,1,qwen3-max,openai-compatible,qwen3-max,v1,c9ff11afc1436a70,dff88c3a4526f8e2,fa7f7600,16,q-current-oncall-owner,current,superseded same_name retraction,string,true,true,true,true,false,1.0000,false,true,answered,answered,Priya Raman,Priya Raman,slack-infra-001 slack-infra-002 email-006,email-006 slack-infra-001 slack-infra-002 slack-infra-006,3,3,true,2725,914,1680,127,0,384,,0,stop,
20260904-100451-qwen3-max,1,qwen3-max,openai-compatible,qwen3-max,v1,c9ff11afc1436a70,dff88c3a4526f8e2,fa7f7600,16,q-current-p99,current,superseded statement_shaped_question proposal quoted_email,number,true,true,true,true,false,0.6667,false,true,answered,answered,150,150,slack-eng-palisade-001 mtg-001 slack-eng-palisade-002,slack-eng-palisade-002 email-001 mtg-001 slack-eng-palisade-008,3,3,true,2527,640,1911,127,0,384,,0,stop,
20260904-100451-qwen3-max,1,qwen3-max,openai-compatible,qwen3-max,v1,c9ff11afc1436a70,dff88c3a4526f8e2,fa7f7600,16,q-current-page-delay,current,superseded keyword,number,true,true,true,true,true,1.0000,true,true,answered,answered,3,3,slack-incidents-032 slack-incidents-033 mtg-044,mtg-044 slack-incidents-032 slack-incidents-033,3,3,true,2510,854,1853,109,0,0,,0,stop,
20260904-100451-qwen3-max,1,qwen3-max,openai-compatible,qwen3-max,v1,c9ff11afc1436a70,dff88c3a4526f8e2,fa7f7600,16,q-current-patch-sla,current,superseded statement_shaped_question scope,number,true,true,true,true,true,1.0000,true,true,answered,answered,3,3,doc-005 email-019 slack-security-007 slack-security-017,email-019 slack-security-017 doc-005 slack-security-007,3,3,true,2831,843,1684,113,0,0,,0,stop,
20260904-100451-qwen3-max,1,qwen3-max,openai-compatible,qwen3-max,v1,c9ff11afc1436a70,dff88c3a4526f8e2,fa7f7600,16,q-current-premium-response,current,superseded scope format retraction quoted_email,number,true,true,true,false,false,1.0000,false,true,answered,answered,15,15,slack-support-008 doc-004 slack-support-009,slack-support-008 doc-004 slack-support-009 email-013,3,4,true,2883,674,1758,138,0,384,,0,stop,
20260904-100451-qwen3-max,1,qwen3-max,openai-compatible,qwen3-max,v1,c9ff11afc1436a70,dff88c3a4526f8e2,fa7f7600,16,q-current-ratelimit,current,superseded scope proposal,number,true,true,true,true,false,0.6667,false,true,answered,answered,1200,1200,slack-eng-palisade-008 doc-001 slack-eng-palisade-009,slack-eng-palisade-009 email-003 doc-001 slack-eng-palisade-010,3,3,true,3158,827,1962,128,0,0,,0,stop,
20260904-100451-qwen3-max,1,qwen3-max,openai-compatible,qwen3-max,v1,c9ff11afc1436a70,dff88c3a4526f8e2,fa7f7600,16,q-current-release-cadence,current,superseded retraction format,number,false,true,true,false,false,1.0000,false,true,answered,answered,3,4,slack-release-001 doc-002 slack-release-002,slack-release-003 slack-release-004 slack-release-001 slack-release-002 doc-002 mtg-004,3,5,true,4619,1344,1717,171,0,384,,0,stop,
20260904-100451-qwen3-max,1,qwen3-max,openai-compatible,qwen3-max,v1,c9ff11afc1436a70,dff88c3a4526f8e2,fa7f7600,16,q-current-replay-batch,current,superseded proposal quoted_email scope,number,true,true,true,true,false,0.6667,false,true,answered,answered,250,250,slack-eng-relay-058 doc-059 slack-eng-relay-059,slack-eng-relay-059 doc-059 email-037,3,3,true,2731,762,1878,114,0,384,,0,stop,
20260904-100451-qwen3-max,1,qwen3-max,openai-compatible,qwen3-max,v1,c9ff11afc1436a70,dff88c3a4526f8e2,fa7f7600,16,q-current-report-day,current,superseded retraction format,string,true,true,true,true,false,1.0000,false,true,answered,answered,Thursday,Thursday,slack-support-041 slack-support-042 email-038,slack-support-041 slack-support-042 email-038 slack-support-044,3,3,true,2728,712,1603,113,0,384,,0,stop,
20260904-100451-qwen3-max,1,qwen3-max,openai-compatible,qwen3-max,v1,c9ff11afc1436a70,dff88c3a4526f8e2,fa7f7600,16,q-current-sandbox-quota,current,superseded keyword unit,number,false,true,true,false,false,1.0000,false,true,answered,answered,50000,20000,slack-eng-palisade-044 slack-eng-palisade-045 slack-eng-palisade-046,slack-eng-palisade-044 slack-eng-palisade-045 slack-eng-palisade-046 slack-eng-palisade-047,3,4,true,3158,697,1882,166,0,0,,0,stop,
20260904-100451-qwen3-max,1,qwen3-max,openai-compatible,qwen3-max,v1,c9ff11afc1436a70,dff88c3a4526f8e2,fa7f7600,16,q-current-status-threshold,current,superseded statement_shaped_question format,number,true,true,true,true,true,1.0000,true,true,answered,answered,20,20,slack-incidents-001 slack-incidents-002 mtg-005,slack-incidents-001 slack-incidents-002 mtg-005,3,3,true,2407,793,1806,112,0,384,,0,stop,
20260904-100451-qwen3-max,1,qwen3-max,openai-compatible,qwen3-max,v1,c9ff11afc1436a70,dff88c3a4526f8e2,fa7f7600,16,q-current-store-shards,current,superseded proposal format,number,true,true,true,true,true,1.0000,true,true,answered,answered,16,16,slack-data-platform-026 slack-data-platform-027 doc-config-store-shards,doc-config-store-shards slack-data-platform-026 slack-data-platform-027,3,3,true,2691,1075,2072,110,0,0,,0,stop,
20260904-100451-qwen3-max,1,qwen3-max,openai-compatible,qwen3-max,v1,c9ff11afc1436a70,dff88c3a4526f8e2,fa7f7600,16,q-current-tanaka-contract,current,superseded retraction statement_shaped_question,date,true,true,true,true,true,0.6000,true,true,answered,answered,2028-09-30,2028-09-30,email-018 slack-general-036 slack-general-037 slack-sales-015 slack-sales-016,slack-sales-016 email-018 slack-general-036,3,3,true,3792,730,1593,141,0,0,,0,stop,
20260904-100451-qwen3-max,1,qwen3-max,openai-compatible,qwen3-max,v1,c9ff11afc1436a70,dff88c3a4526f8e2,fa7f7600,16,q-current-tanaka-invoice-day,current,superseded statement_shaped_question,number,true,true,true,true,false,1.0000,false,true,answered,answered,3,3,slack-general-051 slack-general-052 slack-general-053,slack-general-053 slack-general-054 slack-general-051 slack-general-052,3,3,true,2884,741,1618,114,0,0,,0,stop,
20260904-100451-qwen3-max,1,qwen3-max,openai-compatible,qwen3-max,v1,c9ff11afc1436a70,dff88c3a4526f8e2,fa7f7600,16,q-current-tls-window,current,superseded retraction statement_shaped_question,number,true,true,true,true,false,1.0000,false,true,answered,answered,45,45,slack-security-001 email-010 slack-security-002,slack-security-001 email-010 slack-security-002 email-011,3,3,true,2472,682,1886,116,0,384,,0,stop,
20260904-100451-qwen3-max,1,qwen3-max,openai-compatible,qwen3-max,v1,c9ff11afc1436a70,dff88c3a4526f8e2,fa7f7600,16,q-current-training-owner,current,superseded keyword,string,false,true,true,false,false,0.6667,false,true,answered,answered,Nils Berg,Hannah Fischer,slack-security-025 slack-security-026 slack-security-027,slack-security-025 slack-security-026 slack-security-028,3,2,true,2562,941,1862,93,0,0,,0,stop,
20260904-100451-qwen3-max,1,qwen3-max,openai-compatible,qwen3-max,v1,c9ff11afc1436a70,dff88c3a4526f8e2,fa7f7600,16,q-current-verity-seats,current,superseded proposal statement_shaped_question,number,true,true,true,true,false,1.0000,false,true,answered,answered,120,120,email-015 email-030 slack-sales-010 slack-sales-011,slack-sales-011 email-015 slack-sales-012 email-016 email-030 slack-sales-010,3,3,true,4214,2037,1868,133,0,384,,0,stop,
20260904-100451-qwen3-max,1,qwen3-max,openai-compatible,qwen3-max,v1,c9ff11afc1436a70,dff88c3a4526f8e2,fa7f7600,16,q-exhaustive-affected-regions-apr,exhaustive,negation superseded,string[],true,true,false,,true,0.8333,true,true,answered,answered,"[""eu-west"",""us-east""]","[""eu-west"",""us-east""]",doc-055 slack-incidents-006 slack-incidents-013 slack-incidents-014 slack-incidents-015 slack-incidents-019,slack-incidents-006 slack-incidents-013 slack-incidents-014 slack-incidents-015 doc-055,0,0,true,2712,1487,1769,67,0,384,,0,stop,
20260904-100451-qwen3-max,1,qwen3-max,openai-compatible,qwen3-max,v1,c9ff11afc1436a70,dff88c3a4526f8e2,fa7f7600,16,q-exhaustive-annex-differences,exhaustive,negation,string[],true,true,false,,false,1.0000,false,true,answered,answered,"[""sub-processor notice""]","[""sub-processor notice""]",slack-general-019 slack-general-020,slack-general-019 doc-023 slack-general-020 slack-general-028 slack-general-064 slack-data-platform-014,0,0,true,2586,1407,1649,70,0,0,,0,stop,
20260904-100451-qwen3-max,1,qwen3-max,openai-compatible,qwen3-max,v1,c9ff11afc1436a70,dff88c3a4526f8e2,fa7f7600,16,q-exhaustive-audit-log-fields,exhaustive,negation,string[],true,true,false,,true,0.6667,true,true,answered,answered,"[""actor"",""action"",""resource""]","[""actor"",""action"",""resource""]",slack-eng-core-034 slack-eng-core-035 slack-eng-core-036,slack-eng-core-034 slack-eng-core-035,0,2,true,2634,1116,1822,94,0,384,,0,stop,
20260904-100451-qwen3-max,1,qwen3-max,openai-compatible,qwen3-max,v1,c9ff11afc1436a70,dff88c3a4526f8e2,fa7f7600,16,q-exhaustive-badge-holders,exhaustive,same_name negation,string[],true,true,false,,true,0.7500,true,true,answered,answered,"[""Ravi Iyer"",""Diego Alvarez""]","[""Ravi Iyer"",""Diego Alvarez""]",doc-026 slack-infra-022 slack-infra-023 slack-infra-029,doc-026 slack-infra-022 slack-infra-029,0,0,true,1716,883,1685,52,0,384,,0,stop,
20260904-100451-qwen3-max,1,qwen3-max,openai-compatible,qwen3-max,v1,c9ff11afc1436a70,dff88c3a4526f8e2,fa7f7600,16,q-exhaustive-channels-monitored,exhaustive,negation,string[],true,true,false,,true,1.0000,true,true,answered,answered,"[""incidents"",""support""]","[""incidents"",""support""]",doc-044 slack-support-024 slack-support-025,slack-support-025 doc-044 slack-support-024,0,0,true,2314,1555,1640,46,0,0,,0,stop,
20260904-100451-qwen3-max,1,qwen3-max,openai-compatible,qwen3-max,v1,c9ff11afc1436a70,dff88c3a4526f8e2,fa7f7600,16,q-exhaustive-components-frozen,exhaustive,negation planned_vs_done,string[],true,true,false,,true,0.6667,true,true,answered,answered,"[""edge nodes"",""control plane"",""normalise stage""]","[""edge nodes"",""control plane"",""normalise stage""]",slack-release-008 slack-release-009 slack-release-010,slack-release-008 slack-release-009,0,0,true,1622,906,1601,45,0,384,,0,stop,
20260904-100451-qwen3-max,1,qwen3-max,openai-compatible,qwen3-max,v1,c9ff11afc1436a70,dff88c3a4526f8e2,fa7f7600,16,q-exhaustive-customers-502,exhaustive,format,string[],true,true,false,,true,0.6000,true,true,answered,answered,"[""Meridian Logistics"",""Halcyon Media"",""Orso Retail""]","[""Meridian Logistics"",""Halcyon Media"",""Orso Retail""]",issue-wrn-4102 slack-support-026 slack-support-027 slack-support-028 slack-support-029,slack-support-026 slack-support-027 slack-support-028,0,0,true,1685,728,1685,56,0,0,,0,stop,
20260904-100451-qwen3-max,1,qwen3-max,openai-compatible,qwen3-max,v1,c9ff11afc1436a70,dff88c3a4526f8e2,fa7f7600,16,q-exhaustive-dach-channels,exhaustive,negation format,string[],true,true,false,,false,1.0000,false,true,answered,answered,"[""dach"",""support""]","[""dach"",""support""]",slack-dach-013 slack-dach-014,slack-dach-013 slack-dach-016 slack-dach-014,0,0,true,1801,879,1556,50,0,384,,0,stop,
20260904-100451-qwen3-max,1,qwen3-max,openai-compatible,qwen3-max,v1,c9ff11afc1436a70,dff88c3a4526f8e2,fa7f7600,16,q-exhaustive-dach-customers,exhaustive,format superseded,string[],true,true,false,,true,1.0000,true,true,answered,answered,"[""Orso Retail"",""Verity Insurance""]","[""Orso Retail"",""Verity Insurance""]",email-025 email-026 slack-dach-005,email-025 email-026 slack-dach-005,0,3,true,2792,644,1590,138,0,0,,0,stop,
20260904-100451-qwen3-max,1,qwen3-max,openai-compatible,qwen3-max,v1,c9ff11afc1436a70,dff88c3a4526f8e2,fa7f7600,16,q-exhaustive-deploy-teams,exhaustive,negation,string[],true,true,false,,false,0.5000,false,true,answered,answered,"[""the platform team"",""the relay team""]","[""platform team"",""relay team""]",slack-infra-053 slack-infra-054,slack-infra-054 doc-027 slack-infra-027,0,0,true,1521,688,1688,49,0,384,,0,stop,
20260904-100451-qwen3-max,1,qwen3-max,openai-compatible,qwen3-max,v1,c9ff11afc1436a70,dff88c3a4526f8e2,fa7f7600,16,q-exhaustive-enterprise-customers,exhaustive,negation superseded,string[],true,true,false,,false,1.0000,false,true,answered,answered,"[""Meridian Logistics""]","[""Meridian Logistics""]",slack-sales-048 slack-sales-049,slack-sales-048 slack-sales-049 slack-sales-031 slack-support-021 slack-support-002,0,0,true,1798,822,1739,61,0,0,,0,stop,
20260904-100451-qwen3-max,1,qwen3-max,openai-compatible,qwen3-max,v1,c9ff11afc1436a70,dff88c3a4526f8e2,fa7f7600,16,q-exhaustive-freeze-exempt,exhaustive,negation,string[],true,true,false,,false,0.6000,false,true,answered,answered,"[""security fixes"",""incident fixes""]","[""security fixes"",""incident fixes""]",doc-024 mtg-007 slack-eng-core-013 slack-eng-core-014 slack-eng-core-018,slack-eng-core-014 slack-eng-core-013 slack-eng-core-020 slack-eng-core-018,0,0,true,1622,658,1709,60,0,0,,0,stop,
20260904-100451-qwen3-max,1,qwen3-max,openai-compatible,qwen3-max,v1,c9ff11afc1436a70,dff88c3a4526f8e2,fa7f7600,16,q-exhaustive-gateway-components,exhaustive,negation keyword,string[],true,true,false,,true,0.5000,true,true,answered,answered,"[""edge nodes"",""admin api"",""control plane""]","[""edge nodes"",""admin api"",""control plane""]",doc-013 doc-018 doc-025 doc-034 slack-eng-core-007 slack-eng-core-015 slack-eng-core-016 slack-eng-core-017,slack-eng-core-015 doc-013 slack-eng-core-016 doc-018,0,0,true,1675,796,1719,60,0,0,,0,stop,
20260904-100451-qwen3-max,1,qwen3-max,openai-compatible,qwen3-max,v1,c9ff11afc1436a70,dff88c3a4526f8e2,fa7f7600,16,q-exhaustive-german-invoicing,exhaustive,format negation,string[],true,true,false,,false,1.0000,false,true,answered,answered,"[""Germany"",""Austria""]","[""Germany"",""Austria""]",doc-035 slack-general-017 slack-general-018 slack-general-031,slack-general-017 doc-035 slack-general-031 slack-general-062 slack-general-018,0,0,true,1598,681,1654,62,0,384,,0,stop,
20260904-100451-qwen3-max,1,qwen3-max,openai-compatible,qwen3-max,v1,c9ff11afc1436a70,dff88c3a4526f8e2,fa7f7600,16,q-exhaustive-incident-numbers,exhaustive,keyword negation,string[],true,true,false,,false,0.3333,false,true,answered,answered,"[""INC-2027-009"",""INC-2027-014"",""INC-2027-021""]","[""INC-2027-009"",""INC-2027-014"",""INC-2027-021""]",slack-incidents-036 slack-incidents-037 slack-incidents-038,slack-incidents-037 doc-039,0,0,true,1739,721,1904,68,0,384,,0,stop,
20260904-100451-qwen3-max,1,qwen3-max,openai-compatible,qwen3-max,v1,c9ff11afc1436a70,dff88c3a4526f8e2,fa7f7600,16,q-exhaustive-incident-roles,exhaustive,negation,string[],true,true,false,,true,0.7500,true,true,answered,answered,"[""incident commander"",""scribe""]","[""incident commander"",""scribe""]",doc-007 slack-incidents-011 slack-incidents-012 slack-incidents-021,doc-007 slack-incidents-011 slack-incidents-012,0,0,true,1585,760,2042,48,0,384,,0,stop,
20260904-100451-qwen3-max,1,qwen3-max,openai-compatible,qwen3-max,v1,c9ff11afc1436a70,dff88c3a4526f8e2,fa7f7600,16,q-exhaustive-limiter-regions,exhaustive,superseded negation,string[],true,true,true,false,true,0.3333,false,true,answered,answered,"[""eu-west"",""ap-south""]","[""eu-west"",""ap-south""]",slack-eng-palisade-026 slack-eng-palisade-027 slack-eng-palisade-028,slack-eng-palisade-028,3,0,true,1669,1071,2038,36,0,384,,0,stop,
20260904-100451-qwen3-max,1,qwen3-max,openai-compatible,qwen3-max,v1,c9ff11afc1436a70,dff88c3a4526f8e2,fa7f7600,16,q-exhaustive-maintenance-regions,exhaustive,timezone,string[],true,true,false,,false,1.0000,false,true,answered,answered,"[""eu-west"",""us-east"",""ap-south""]","[""eu-west"",""us-east"",""ap-south""]",slack-infra-040 slack-infra-041,slack-infra-041 slack-infra-040 slack-infra-035,0,0,true,2452,1301,1793,56,0,384,,0,stop,
20260904-100451-qwen3-max,1,qwen3-max,openai-compatible,qwen3-max,v1,c9ff11afc1436a70,dff88c3a4526f8e2,fa7f7600,16,q-exhaustive-negotiated-annex,exhaustive,negation,string[],true,true,false,,false,1.0000,false,true,answered,answered,"[""Tanaka Foods"",""Halcyon Media""]","[""Tanaka Foods"",""Halcyon Media""]",doc-022 slack-data-platform-017 slack-general-004 slack-general-007 slack-general-008 slack-general-009 slack-general-010,slack-general-004 slack-general-010 slack-general-008 slack-data-platform-017 slack-general-063 slack-general-064 slack-general-019 slack-general-007 slack-general-009 slack-general-028 doc-023 slack-data-platform-014 slack-data-platform-013 slack-general-020 doc-022,0,0,true,4191,1629,1639,148,0,384,,0,stop,
20260904-100451-qwen3-max,1,qwen3-max,openai-compatible,qwen3-max,v1,c9ff11afc1436a70,dff88c3a4526f8e2,fa7f7600,16,q-exhaustive-oncall-may,exhaustive,same_name,string[],true,true,false,,true,0.6667,true,true,answered,answered,"[""Ravi Iyer"",""Elena Sokolova"",""Ravi Menon""]","[""Ravi Iyer"",""Elena Sokolova"",""Ravi Menon""]",slack-infra-012 slack-infra-020 slack-infra-021,slack-infra-021 slack-infra-012,0,0,true,1714,745,1990,53,0,384,,0,stop,
20260904-100451-qwen3-max,1,qwen3-max,openai-compatible,qwen3-max,v1,c9ff11afc1436a70,dff88c3a4526f8e2,fa7f7600,16,q-exhaustive-postmortems-written,exhaustive,,string[],true,true,false,,true,1.0000,true,true,answered,answered,"[""Priya Raman"",""Diego Alvarez"",""Elena Sokolova""]","[""Priya Raman"",""Diego Alvarez"",""Elena Sokolova""]",doc-028 doc-039 slack-incidents-016,slack-incidents-016 doc-039 doc-028,0,0,true,1949,806,2147,57,0,384,,0,stop,
20260904-100451-qwen3-max,1,qwen3-max,openai-compatible,qwen3-max,v1,c9ff11afc1436a70,dff88c3a4526f8e2,fa7f7600,16,q-exhaustive-premium-customers,exhaustive,superseded,string[],false,true,false,,false,0.1667,false,true,answered,answered,"[""Orso Retail"",""Kestrel Health""]","[""Orso Retail"",""Kestrel Health"",""Meridian Logistics""]",doc-016 slack-sales-025 slack-sales-029 slack-sales-030 slack-sales-031 slack-sales-035,slack-sales-031 slack-support-005 slack-dach-001,0,0,true,1923,763,1744,57,0,0,,0,stop,
20260904-100451-qwen3-max,1,qwen3-max,openai-compatible,qwen3-max,v1,c9ff11afc1436a70,dff88c3a4526f8e2,fa7f7600,16,q-exhaustive-q1-purchase-orders,exhaustive,negation,string[],true,true,false,,true,1.0000,true,true,answered,answered,"[""PO-90114"",""PO-90115"",""PO-90117""]","[""PO-90114"",""PO-90115"",""PO-90117""]",slack-general-056 slack-general-057 slack-general-058,slack-general-056 slack-general-057 slack-general-058,0,0,true,1988,883,1725,67,0,384,,0,stop,
20260904-100451-qwen3-max,1,qwen3-max,openai-compatible,qwen3-max,v1,c9ff11afc1436a70,dff88c3a4526f8e2,fa7f7600,16,q-exhaustive-regions-offered,exhaustive,proposal,string[],true,true,false,,false,0.6667,false,true,answered,answered,"[""eu-west"",""us-east"",""ap-south""]","[""eu-west"",""us-east"",""ap-south""]",doc-008 slack-data-platform-015 slack-data-platform-016,doc-008 slack-data-platform-015 slack-data-platform-011,0,0,true,1727,813,1870,54,0,384,,0,stop,
20260904-100451-qwen3-max,1,qwen3-max,openai-compatible,qwen3-max,v1,c9ff11afc1436a70,dff88c3a4526f8e2,fa7f7600,16,q-exhaustive-relay-connectors,exhaustive,superseded negation,string[],true,true,false,,true,1.0000,true,true,answered,answered,"[""Kestrel Health"",""Orso Retail"",""Halcyon Media""]","[""Kestrel Health"",""Orso Retail"",""Halcyon Media""]",slack-eng-relay-066 slack-eng-relay-067 slack-eng-relay-068,slack-eng-relay-067 slack-eng-relay-066 slack-eng-relay-068,0,0,true,1790,714,1678,63,0,384,,0,stop,
20260904-100451-qwen3-max,1,qwen3-max,openai-compatible,qwen3-max,v1,c9ff11afc1436a70,dff88c3a4526f8e2,fa7f7600,16,q-exhaustive-relay-stages,exhaustive,planned_vs_done,string[],true,true,false,,true,1.0000,true,true,answered,answered,"[""fetch"",""normalise"",""validate"",""load""]","[""fetch"",""normalise"",""validate"",""load""]",doc-010 slack-eng-relay-036 slack-eng-relay-037 slack-eng-relay-048,slack-eng-relay-036 slack-eng-relay-037 doc-010 slack-eng-relay-048,0,2,true,2761,719,1711,125,0,0,,0,stop,
20260904-100451-qwen3-max,1,qwen3-max,openai-compatible,qwen3-max,v1,c9ff11afc1436a70,dff88c3a4526f8e2,fa7f7600,16,q-exhaustive-sandbox-regions,exhaustive,negation superseded,string[],true,true,false,,true,0.6667,true,true,answered,answered,"[""eu-west"",""us-east""]","[""eu-west"",""us-east""]",slack-infra-050 slack-infra-051 slack-infra-052,slack-infra-051 slack-infra-052,0,0,true,1502,802,1738,42,0,384,,0,stop,
20260904-100451-qwen3-max,1,qwen3-max,openai-compatible,qwen3-max,v1,c9ff11afc1436a70,dff88c3a4526f8e2,fa7f7600,16,q-exhaustive-security-signoff,exhaustive,negation same_name,string[],true,true,false,,false,0.6667,false,true,answered,answered,"[""Yusuf Demir"",""Ingrid Halvorsen""]","[""Yusuf Demir"",""Ingrid Halvorsen""]",slack-security-030 slack-security-031 slack-security-032,slack-security-030 slack-security-031 slack-security-033,0,0,true,1552,694,1559,55,0,384,,0,stop,
20260904-100451-qwen3-max,1,qwen3-max,openai-compatible,qwen3-max,v1,c9ff11afc1436a70,dff88c3a4526f8e2,fa7f7600,16,q-exhaustive-sub-processors,exhaustive,proposal,string[],true,true,false,,true,0.8000,true,true,answered,answered,"[""Nordhaven"",""Steinfeld"",""Lumen Mail""]","[""Nordhaven"",""Steinfeld"",""Lumen Mail""]",slack-general-011 slack-general-012 slack-general-013 slack-general-033 slack-general-039,slack-general-011 slack-general-039 slack-general-012 slack-general-013,0,0,true,1937,768,1899,62,0,0,,0,stop,
20260904-100451-qwen3-max,1,qwen3-max,openai-compatible,qwen3-max,v1,c9ff11afc1436a70,dff88c3a4526f8e2,fa7f7600,16,q-exhaustive-tools-renewed,exhaustive,planned_vs_done,string[],true,true,false,,true,0.6667,true,true,answered,answered,"[""Tidemark"",""Beacon"",""Lantern""]","[""Tidemark"",""Beacon"",""Lantern""]",slack-general-014 slack-general-015 slack-general-016,slack-general-014 slack-general-015,0,0,true,1631,832,1703,46,0,384,,0,stop,
20260904-100451-qwen3-max,1,qwen3-max,openai-compatible,qwen3-max,v1,c9ff11afc1436a70,dff88c3a4526f8e2,fa7f7600,16,q-join-acceptance-port,join,scope,number,true,true,false,,false,0.5000,false,true,answered,answered,8445,8445,slack-release-021 doc-060,slack-release-021 doc-006,0,0,true,1329,643,2102,37,0,0,,0,stop,
20260904-100451-qwen3-max,1,qwen3-max,openai-compatible,qwen3-max,v1,c9ff11afc1436a70,dff88c3a4526f8e2,fa7f7600,16,q-join-badge-holder,join,same_name,string,true,true,false,,false,1.0000,false,true,answered,answered,Ravi Iyer,Ravi Iyer,doc-026 slack-infra-015 slack-infra-022 slack-infra-029,doc-026 slack-infra-029 slack-infra-022 slack-infra-017 slack-infra-015 slack-infra-011 doc-014 slack-infra-013,0,0,true,2093,698,1604,90,0,0,,0,stop,
20260904-100451-qwen3-max,1,qwen3-max,openai-compatible,qwen3-max,v1,c9ff11afc1436a70,dff88c3a4526f8e2,fa7f7600,16,q-join-beacon-po,join,unit,number,true,true,false,,true,0.5000,true,true,answered,answered,9600,9600,slack-general-060 email-039,email-039,0,0,true,1897,1382,1799,29,0,384,,0,stop,
20260904-100451-qwen3-max,1,qwen3-max,openai-compatible,qwen3-max,v1,c9ff11afc1436a70,dff88c3a4526f8e2,fa7f7600,16,q-join-brightline-owner,join,same_name,string,true,true,false,,true,1.0000,true,true,answered,answered,Anna Brandt,Anna Brandt,issue-wrn-4815 slack-sales-050,issue-wrn-4815 slack-sales-050,0,0,true,1421,667,1780,39,0,384,,0,stop,
20260904-100451-qwen3-max,1,qwen3-max,openai-compatible,qwen3-max,v1,c9ff11afc1436a70,dff88c3a4526f8e2,fa7f7600,16,q-join-brightline-renewal,join,,date,true,true,false,,true,1.0000,true,true,answered,answered,2027-11-30,2027-11-30,issue-wrn-4425 slack-sales-024,slack-sales-024 issue-wrn-4425,0,0,true,1464,794,1826,46,0,384,,0,stop,
20260904-100451-qwen3-max,1,qwen3-max,openai-compatible,qwen3-max,v1,c9ff11afc1436a70,dff88c3a4526f8e2,fa7f7600,16,q-join-component-team,join,,string,true,true,false,,true,1.0000,true,true,answered,answered,the relay team,the relay team,slack-eng-relay-029 doc-013,slack-eng-relay-029 doc-013,0,0,true,1374,740,1831,38,0,384,,0,stop,
20260904-100451-qwen3-max,1,qwen3-max,openai-compatible,qwen3-max,v1,c9ff11afc1436a70,dff88c3a4526f8e2,fa7f7600,16,q-join-contract-signer,join,,string,true,true,false,,true,0.5000,true,true,answered,answered,Ingrid Halvorsen,Ingrid Halvorsen,doc-012 slack-general-001,slack-general-001,0,0,true,1403,847,1919,32,0,0,,0,stop,
20260904-100451-qwen3-max,1,qwen3-max,openai-compatible,qwen3-max,v1,c9ff11afc1436a70,dff88c3a4526f8e2,fa7f7600,16,q-join-dc-provider,join,,string,true,true,false,,true,0.5000,true,true,answered,answered,Nordhaven,Nordhaven,doc-014 slack-infra-011 slack-infra-013 slack-infra-014,slack-infra-013 doc-014,0,0,true,1519,844,1603,37,0,384,,0,stop,
20260904-100451-qwen3-max,1,qwen3-max,openai-compatible,qwen3-max,v1,c9ff11afc1436a70,dff88c3a4526f8e2,fa7f7600,16,q-join-deploy-window,join,,string,true,true,false,,true,0.6667,true,true,answered,answered,Tuesday,Tuesday,doc-027 slack-eng-relay-030 slack-infra-027,slack-infra-027 doc-027,0,0,true,1867,1369,1581,35,0,384,,0,stop,
20260904-100451-qwen3-max,1,qwen3-max,openai-compatible,qwen3-max,v1,c9ff11afc1436a70,dff88c3a4526f8e2,fa7f7600,16,q-join-halcyon-owner,join,same_name,string,true,true,false,,true,1.0000,true,true,answered,answered,Anna Brandt,Anna Brandt,issue-wrn-4318 slack-sales-022,issue-wrn-4318 slack-sales-022,0,0,true,1795,1053,1777,39,0,512,,0,stop,
20260904-100451-qwen3-max,1,qwen3-max,openai-compatible,qwen3-max,v1,c9ff11afc1436a70,dff88c3a4526f8e2,fa7f7600,16,q-join-kestrel-region,join,,string,true,true,false,,true,0.6667,true,true,answered,answered,eu-west,eu-west,issue-wrn-4265 slack-data-platform-007 slack-data-platform-019,issue-wrn-4265 slack-data-platform-019,0,0,true,1724,1045,1755,39,0,384,,0,stop,
20260904-100451-qwen3-max,1,qwen3-max,openai-compatible,qwen3-max,v1,c9ff11afc1436a70,dff88c3a4526f8e2,fa7f7600,16,q-join-lb-swap-utc,join,relative_date timezone,time,true,true,false,,true,1.0000,true,true,answered,answered,23:00,23:00,slack-infra-038 slack-infra-039,slack-infra-038 slack-infra-039,0,0,true,1442,783,1890,41,0,384,,0,stop,
20260904-100451-qwen3-max,1,qwen3-max,openai-compatible,qwen3-max,v1,c9ff11afc1436a70,dff88c3a4526f8e2,fa7f7600,16,q-join-meridian-escalation,join,same_name,string,true,true,false,,true,1.0000,true,true,answered,answered,Ravi Menon,Ravi Menon,issue-wrn-4210 slack-support-016,issue-wrn-4210 slack-support-016,0,0,true,1910,1222,1838,40,0,512,,0,stop,
20260904-100451-qwen3-max,1,qwen3-max,openai-compatible,qwen3-max,v1,c9ff11afc1436a70,dff88c3a4526f8e2,fa7f7600,16,q-join-northwind-audit,join,,date,true,true,false,,true,1.0000,true,true,answered,answered,2027-09-01,2027-09-01,issue-wrn-4501 doc-011,issue-wrn-4501 doc-011,0,0,true,1443,806,1725,45,0,0,,0,stop,
20260904-100451-qwen3-max,1,qwen3-max,openai-compatible,qwen3-max,v1,c9ff11afc1436a70,dff88c3a4526f8e2,fa7f7600,16,q-join-orso-tier,join,,string,true,true,false,,false,0.7500,false,true,answered,answered,premium,premium,issue-wrn-4533 slack-sales-025 slack-sales-029 slack-sales-030,slack-eng-relay-069 issue-wrn-4533 slack-sales-029 slack-sales-030,0,0,true,1654,688,1710,55,0,512,,0,stop,
20260904-100451-qwen3-max,1,qwen3-max,openai-compatible,qwen3-max,v1,c9ff11afc1436a70,dff88c3a4526f8e2,fa7f7600,16,q-join-pentest-landed,join,relative_date planned_vs_done,date,true,true,false,,true,0.5000,true,true,answered,answered,2027-03-25,2027-03-25,slack-sales-041 slack-sales-042,slack-sales-042,0,0,true,1333,750,1731,36,0,384,,0,stop,
20260904-100451-qwen3-max,1,qwen3-max,openai-compatible,qwen3-max,v1,c9ff11afc1436a70,dff88c3a4526f8e2,fa7f7600,16,q-join-po-amount,join,unit,number,true,true,false,,true,0.5000,true,true,answered,answered,14400,14400,slack-general-002 email-024,email-024,0,0,true,1254,751,1951,30,0,384,,0,stop,
20260904-100451-qwen3-max,1,qwen3-max,openai-compatible,qwen3-max,v1,c9ff11afc1436a70,dff88c3a4526f8e2,fa7f7600,16,q-join-postmortem-author,join,,string,true,true,false,,true,0.6667,true,true,answered,answered,Diego Alvarez,Diego Alvarez,doc-028 doc-055 slack-incidents-008,doc-055 doc-028,0,0,true,2116,948,1791,35,0,384,,0,stop,
20260904-100451-qwen3-max,1,qwen3-max,openai-compatible,qwen3-max,v1,c9ff11afc1436a70,dff88c3a4526f8e2,fa7f7600,16,q-join-queue-owner,join,keyword,string,true,true,false,,true,1.0000,true,true,answered,answered,the relay team,the relay team,doc-013 doc-032 slack-eng-relay-031,slack-eng-relay-031 doc-013 doc-032,0,0,true,1354,751,1925,45,0,512,,0,stop,
20260904-100451-qwen3-max,1,qwen3-max,openai-compatible,qwen3-max,v1,c9ff11afc1436a70,dff88c3a4526f8e2,fa7f7600,16,q-join-report-recipient,join,same_name,string,false,true,false,,true,0.5000,false,true,answered,answered,Ingrid Halvorsen,the VP of engineering,slack-support-045 slack-general-059,slack-support-045,0,0,true,1371,834,1605,30,0,0,,0,stop,
20260904-100451-qwen3-max,1,qwen3-max,openai-compatible,qwen3-max,v1,c9ff11afc1436a70,dff88c3a4526f8e2,fa7f7600,16,q-join-runbook-owner,join,keyword,string,true,true,false,,true,1.0000,true,true,answered,answered,Diego Alvarez,Diego Alvarez,slack-incidents-007 doc-015,doc-015 slack-incidents-007,0,0,true,1406,789,1962,37,0,0,,0,stop,
20260904-100451-qwen3-max,1,qwen3-max,openai-compatible,qwen3-max,v1,c9ff11afc1436a70,dff88c3a4526f8e2,fa7f7600,16,q-join-shard-approver,join,same_name,string,true,true,false,,false,0.5000,false,true,answered,answered,Ravi Iyer,Ravi Iyer,slack-data-platform-033 slack-data-platform-034,slack-data-platform-033 slack-data-platform-026 slack-data-platform-027 doc-config-store-shards,0,0,true,1893,940,2117,56,0,384,,0,stop,
20260904-100451-qwen3-max,1,qwen3-max,openai-compatible,qwen3-max,v1,c9ff11afc1436a70,dff88c3a4526f8e2,fa7f7600,16,q-join-store-runbook,join,,string,true,true,false,,true,0.5000,true,true,answered,answered,Elena Sokolova,Elena Sokolova,slack-data-platform-031 slack-data-platform-032,slack-data-platform-032,0,0,true,1347,792,1987,32,0,0,,0,stop,
20260904-100451-qwen3-max,1,qwen3-max,openai-compatible,qwen3-max,v1,c9ff11afc1436a70,dff88c3a4526f8e2,fa7f7600,16,q-join-tanaka-language,join,negation,string,true,true,false,,true,1.0000,true,true,answered,answered,English,English,issue-wrn-4460 slack-support-018,issue-wrn-4460 slack-support-018,0,0,true,1281,683,1716,37,0,512,,0,stop,
20260904-100451-qwen3-max,1,qwen3-max,openai-compatible,qwen3-max,v1,c9ff11afc1436a70,dff88c3a4526f8e2,fa7f7600,16,q-join-thread-decision,join,keyword,string,true,true,false,,true,0.5000,true,true,answered,answered,Priya Raman,Priya Raman,slack-eng-core-005 slack-eng-core-006,slack-eng-core-006,0,0,true,1497,1017,1668,31,0,0,,0,stop,
20260904-100451-qwen3-max,1,qwen3-max,openai-compatible,qwen3-max,v1,c9ff11afc1436a70,dff88c3a4526f8e2,fa7f7600,16,q-join-training-language,join,format,string,true,true,false,,true,0.5000,true,true,answered,answered,German,German,slack-dach-015 slack-dach-016,slack-dach-016,0,0,true,1177,746,1695,28,0,384,,0,stop,
20260904-100451-qwen3-max,1,qwen3-max,openai-compatible,qwen3-max,v1,c9ff11afc1436a70,dff88c3a4526f8e2,fa7f7600,16,q-join-training-owner,join,same_name,string,true,true,false,,false,0.5000,false,true,answered,answered,Ravi Menon,Ravi Menon,slack-support-020 doc-029,doc-029 doc-013,0,0,true,1321,728,1810,36,0,0,,0,stop,
20260904-100451-qwen3-max,1,qwen3-max,openai-compatible,qwen3-max,v1,c9ff11afc1436a70,dff88c3a4526f8e2,fa7f7600,16,q-join-vendor-renewal,join,,date,true,true,false,,false,0.5000,false,true,answered,answered,2027-12-01,2027-12-01,doc-030 doc-031,doc-031 doc-014,0,0,true,1542,872,1664,42,0,384,,0,stop,
20260904-100451-qwen3-max,1,qwen3-max,openai-compatible,qwen3-max,v1,c9ff11afc1436a70,dff88c3a4526f8e2,fa7f7600,16,q-join-verity-invoice,join,,string,true,true,false,,true,1.0000,true,true,answered,answered,PO-88214,PO-88214,issue-wrn-4390 email-023,email-023 issue-wrn-4390,0,0,true,1419,822,1826,42,0,384,,0,stop,
20260904-100451-qwen3-max,1,qwen3-max,openai-compatible,qwen3-max,v1,c9ff11afc1436a70,dff88c3a4526f8e2,fa7f7600,16,q-join-verity-region,join,keyword,string,true,true,false,,true,1.0000,true,true,answered,answered,us-east,us-east,issue-wrn-4802 slack-data-platform-030,issue-wrn-4802 slack-data-platform-030,0,0,true,1363,819,1820,39,0,384,,0,stop,
20260904-100451-qwen3-max,1,qwen3-max,openai-compatible,qwen3-max,v1,c9ff11afc1436a70,dff88c3a4526f8e2,fa7f7600,16,q-lookup-41-shipped,lookup,planned_vs_done,date,true,true,false,,true,1.0000,true,true,answered,answered,2027-01-27,2027-01-27,slack-release-013,slack-release-013,0,0,true,1291,751,1859,36,0,384,,0,stop,
20260904-100451-qwen3-max,1,qwen3-max,openai-compatible,qwen3-max,v1,c9ff11afc1436a70,dff88c3a4526f8e2,fa7f7600,16,q-lookup-4102-rate,lookup,keyword statement_shaped_question,number,true,true,false,,true,1.0000,true,true,answered,answered,3,3,issue-wrn-4102,issue-wrn-4102,0,0,true,1094,618,1961,29,0,384,,0,stop,
20260904-100451-qwen3-max,1,qwen3-max,openai-compatible,qwen3-max,v1,c9ff11afc1436a70,dff88c3a4526f8e2,fa7f7600,16,q-lookup-admin-auth,lookup,negation proposal statement_shaped_question,string,true,true,false,,false,1.0000,false,true,answered,answered,mTLS client certificate,mTLS client certificate,slack-eng-core-004,slack-eng-core-004 issue-wrn-4501,0,0,true,1513,838,1885,41,0,384,,0,stop,
20260904-100451-qwen3-max,1,qwen3-max,openai-compatible,qwen3-max,v1,c9ff11afc1436a70,dff88c3a4526f8e2,fa7f7600,16,q-lookup-april-window,lookup,timezone,time,true,true,false,,true,1.0000,true,true,answered,answered,20:00,20:00,slack-infra-035,slack-infra-035,0,0,true,1316,791,1792,32,0,0,,0,stop,
20260904-100451-qwen3-max,1,qwen3-max,openai-compatible,qwen3-max,v1,c9ff11afc1436a70,dff88c3a4526f8e2,fa7f7600,16,q-lookup-backfill-rate,lookup,chunk_split unit,number,true,true,false,,true,1.0000,true,true,answered,answered,200,200,doc-046,doc-046,0,0,true,1141,675,2020,28,0,0,,0,stop,
20260904-100451-qwen3-max,1,qwen3-max,openai-compatible,qwen3-max,v1,c9ff11afc1436a70,dff88c3a4526f8e2,fa7f7600,16,q-lookup-bodysize,lookup,proposal unit statement_shaped_question,number,true,true,false,,true,1.0000,true,true,answered,answered,8,8,slack-eng-core-002,slack-eng-core-002,0,1,true,1475,644,1753,49,0,384,,0,stop,
20260904-100451-qwen3-max,1,qwen3-max,openai-compatible,qwen3-max,v1,c9ff11afc1436a70,dff88c3a4526f8e2,fa7f7600,16,q-lookup-breach-hours,lookup,chunk_split negation,number,true,true,false,,false,1.0000,false,true,answered,answered,72,72,doc-008,doc-008 slack-data-platform-014 slack-data-platform-013 slack-general-020 doc-023,0,0,true,2386,1384,1995,60,0,384,,0,stop,
20260904-100451-qwen3-max,1,qwen3-max,openai-compatible,qwen3-max,v1,c9ff11afc1436a70,dff88c3a4526f8e2,fa7f7600,16,q-lookup-build-owner,lookup,same_name retraction,string,true,true,false,,false,1.0000,false,true,answered,answered,Ravi Iyer,Ravi Iyer,slack-infra-007,slack-infra-007 slack-infra-045,0,0,true,1324,754,1861,40,0,384,,0,stop,
20260904-100451-qwen3-max,1,qwen3-max,openai-compatible,qwen3-max,v1,c9ff11afc1436a70,dff88c3a4526f8e2,fa7f7600,16,q-lookup-credit-ceiling,lookup,chunk_split negation keyword format,number,true,true,false,,true,1.0000,true,true,answered,answered,500,500,doc-044,doc-044,0,0,true,2213,781,1895,28,0,384,,0,stop,
20260904-100451-qwen3-max,1,qwen3-max,openai-compatible,qwen3-max,v1,c9ff11afc1436a70,dff88c3a4526f8e2,fa7f7600,16,q-lookup-dach-oncall,lookup,format quoted_email,string,true,true,false,,false,1.0000,false,true,answered,answered,Hannah Fischer,Hannah Fischer,slack-support-015,slack-support-015 email-036,0,2,true,1997,668,1775,82,0,384,,0,stop,
20260904-100451-qwen3-max,1,qwen3-max,openai-compatible,qwen3-max,v1,c9ff11afc1436a70,dff88c3a4526f8e2,fa7f7600,16,q-lookup-deletion-days,lookup,chunk_split keyword,number,true,true,false,,true,1.0000,true,true,answered,answered,14,14,doc-008,doc-008,0,0,true,1374,981,2114,27,0,384,,0,stop,
20260904-100451-qwen3-max,1,qwen3-max,openai-compatible,qwen3-max,v1,c9ff11afc1436a70,dff88c3a4526f8e2,fa7f7600,16,q-lookup-deploy-berlin,lookup,timezone,time,true,true,false,,true,1.0000,true,true,answered,answered,08:00,08:00,slack-eng-palisade-030,slack-eng-palisade-030,0,0,true,1192,649,1958,34,0,0,,0,stop,
20260904-100451-qwen3-max,1,qwen3-max,openai-compatible,qwen3-max,v1,c9ff11afc1436a70,dff88c3a4526f8e2,fa7f7600,16,q-lookup-disclosure-mailbox,lookup,statement_shaped_question retraction,string,true,true,false,,true,1.0000,true,true,answered,answered,security-reports@wrenfield.example,security-reports@wrenfield.example,slack-security-011,slack-security-011,0,0,true,1274,677,1791,34,0,0,,0,stop,
20260904-100451-qwen3-max,1,qwen3-max,openai-compatible,qwen3-max,v1,c9ff11afc1436a70,dff88c3a4526f8e2,fa7f7600,16,q-lookup-drain-timeout,lookup,chunk_split unit keyword,number,true,true,false,,true,1.0000,true,true,answered,answered,120,120,doc-009,doc-009,0,0,true,1127,631,1818,28,0,384,,0,stop,
20260904-100451-qwen3-max,1,qwen3-max,openai-compatible,qwen3-max,v1,c9ff11afc1436a70,dff88c3a4526f8e2,fa7f7600,16,q-lookup-first-update,lookup,chunk_split keyword statement_shaped_question,number,true,true,false,,true,1.0000,true,true,answered,answered,20,20,doc-007,doc-007,0,0,true,1472,1009,1774,27,0,384,,0,stop,
20260904-100451-qwen3-max,1,qwen3-max,openai-compatible,qwen3-max,v1,c9ff11afc1436a70,dff88c3a4526f8e2,fa7f7600,16,q-lookup-freeze-start,lookup,format proposal,date,true,true,false,,false,1.0000,false,true,answered,answered,2027-07-19,2027-07-19,mtg-007,slack-eng-core-021 doc-024 doc-042 slack-eng-core-019 mtg-007,0,0,true,1928,838,1830,68,0,384,,0,stop,
20260904-100451-qwen3-max,1,qwen3-max,openai-compatible,qwen3-max,v1,c9ff11afc1436a70,dff88c3a4526f8e2,fa7f7600,16,q-lookup-ga-date,lookup,retraction planned_vs_done quoted_email,date,true,true,false,,false,1.0000,false,true,answered,answered,2027-05-18,2027-05-18,email-020,email-020 email-035 slack-release-007,0,0,true,1506,701,1904,50,0,384,,0,stop,
20260904-100451-qwen3-max,1,qwen3-max,openai-compatible,qwen3-max,v1,c9ff11afc1436a70,dff88c3a4526f8e2,fa7f7600,16,q-lookup-healthpath,lookup,keyword statement_shaped_question proposal,string,true,true,false,,true,1.0000,true,true,answered,answered,/healthz/gateway,/healthz/gateway,slack-eng-palisade-024,slack-eng-palisade-024,0,0,true,1199,700,1775,33,0,384,,0,stop,
20260904-100451-qwen3-max,1,qwen3-max,openai-compatible,qwen3-max,v1,c9ff11afc1436a70,dff88c3a4526f8e2,fa7f7600,16,q-lookup-incident-review,lookup,timezone format,time,true,true,false,,true,1.0000,true,true,answered,answered,14:30,14:30,mtg-009,mtg-009,0,2,true,2012,729,2187,81,0,0,,0,stop,
20260904-100451-qwen3-max,1,qwen3-max,openai-compatible,qwen3-max,v1,c9ff11afc1436a70,dff88c3a4526f8e2,fa7f7600,16,q-lookup-ingest-timeout,lookup,unit proposal,number,true,true,false,,true,1.0000,true,true,answered,answered,90,90,slack-eng-relay-027,slack-eng-relay-027,0,1,true,1618,864,1689,52,0,384,,0,stop,
20260904-100451-qwen3-max,1,qwen3-max,openai-compatible,qwen3-max,v1,c9ff11afc1436a70,dff88c3a4526f8e2,fa7f7600,16,q-lookup-legal-entity,lookup,quoted_email proposal,string,true,true,false,,true,1.0000,true,true,answered,answered,Wrenfield Technologies GmbH,Wrenfield Technologies GmbH,email-021,email-021,0,0,true,1260,778,1863,30,0,384,,0,stop,
20260904-100451-qwen3-max,1,qwen3-max,openai-compatible,qwen3-max,v1,c9ff11afc1436a70,dff88c3a4526f8e2,fa7f7600,16,q-lookup-migration-done,lookup,planned_vs_done format,date,true,true,false,,true,1.0000,true,true,answered,answered,2027-04-16,2027-04-16,slack-infra-009 slack-infra-034,slack-infra-034 slack-infra-009,0,0,true,2158,1562,1824,46,0,384,,0,stop,
20260904-100451-qwen3-max,1,qwen3-max,openai-compatible,qwen3-max,v1,c9ff11afc1436a70,dff88c3a4526f8e2,fa7f7600,16,q-lookup-min-edge-nodes,lookup,chunk_split,number,true,true,false,,false,1.0000,false,true,answered,answered,4,4,doc-009,doc-009 slack-infra-030 slack-infra-019,0,0,true,1568,937,1823,44,0,384,,0,stop,
20260904-100451-qwen3-max,1,qwen3-max,openai-compatible,qwen3-max,v1,c9ff11afc1436a70,dff88c3a4526f8e2,fa7f7600,16,q-lookup-old-cert-days,lookup,chunk_split proposal,number,true,true,false,,true,1.0000,true,true,answered,answered,30,30,doc-043,doc-043,0,0,true,1069,650,2006,27,0,384,,0,stop,
20260904-100451-qwen3-max,1,qwen3-max,openai-compatible,qwen3-max,v1,c9ff11afc1436a70,dff88c3a4526f8e2,fa7f7600,16,q-lookup-orso-address,lookup,format keyword quoted_email,string,true,true,false,,false,1.0000,false,true,answered,answered,"Viale Monza 44, Mailand","Viale Monza 44, Mailand",slack-dach-003,email-034 slack-dach-003,0,0,true,1674,843,1662,44,0,0,,0,stop,
20260904-100451-qwen3-max,1,qwen3-max,openai-compatible,qwen3-max,v1,c9ff11afc1436a70,dff88c3a4526f8e2,fa7f7600,16,q-lookup-outage-unaffected,lookup,negation,string,true,true,false,,false,1.0000,false,true,answered,answered,ap-south,ap-south,slack-incidents-006,slack-incidents-006 slack-incidents-015 doc-055,0,0,true,1410,707,1652,46,0,384,,0,stop,
20260904-100451-qwen3-max,1,qwen3-max,openai-compatible,qwen3-max,v1,c9ff11afc1436a70,dff88c3a4526f8e2,fa7f7600,16,q-lookup-port,lookup,format scope retraction,number,true,true,false,,true,1.0000,true,true,answered,answered,8443,8443,doc-006,doc-006,0,0,true,1335,837,1749,29,0,384,,0,stop,
20260904-100451-qwen3-max,1,qwen3-max,openai-compatible,qwen3-max,v1,c9ff11afc1436a70,dff88c3a4526f8e2,fa7f7600,16,q-lookup-relay-buffer,lookup,chunk_split same_name statement_shaped_question,number,true,true,false,,true,1.0000,true,true,answered,answered,50000,50000,doc-010,doc-010,0,0,true,1109,648,1841,30,0,384,,0,stop,
20260904-100451-qwen3-max,1,qwen3-max,openai-compatible,qwen3-max,v1,c9ff11afc1436a70,dff88c3a4526f8e2,fa7f7600,16,q-lookup-relay-fetch,lookup,chunk_split,string,true,true,false,,true,1.0000,true,true,answered,answered,fetch,fetch,doc-010,doc-010,0,0,true,1264,853,1786,26,0,384,,0,stop,
20260904-100451-qwen3-max,1,qwen3-max,openai-compatible,qwen3-max,v1,c9ff11afc1436a70,dff88c3a4526f8e2,fa7f7600,16,q-lookup-replicas,lookup,scope proposal,number,true,true,false,,true,1.0000,true,true,answered,answered,12,12,slack-infra-008,slack-infra-008,0,0,true,1184,807,1866,29,0,384,,0,stop,
20260904-100451-qwen3-max,1,qwen3-max,openai-compatible,qwen3-max,v1,c9ff11afc1436a70,dff88c3a4526f8e2,fa7f7600,16,q-lookup-review-finished,lookup,planned_vs_done quoted_email,date,true,true,false,,true,1.0000,true,true,answered,answered,2027-04-27,2027-04-27,email-029,email-029,0,0,true,1136,645,1725,35,0,384,,0,stop,
20260904-100451-qwen3-max,1,qwen3-max,openai-compatible,qwen3-max,v1,c9ff11afc1436a70,dff88c3a4526f8e2,fa7f7600,16,q-lookup-rotation-window,lookup,chunk_split timezone,time,true,true,false,,false,1.0000,false,true,answered,answered,01:00,01:00,doc-043,doc-043 slack-infra-039 slack-infra-040,0,0,true,1458,670,1928,48,0,0,,0,stop,
20260904-100451-qwen3-max,1,qwen3-max,openai-compatible,qwen3-max,v1,c9ff11afc1436a70,dff88c3a4526f8e2,fa7f7600,16,q-lookup-scribe,lookup,chunk_split keyword,number,true,true,false,,false,1.0000,false,true,answered,answered,30,30,doc-007,doc-007 slack-incidents-021 slack-incidents-005,0,0,true,1617,1120,1981,45,0,384,,0,stop,
20260904-100451-qwen3-max,1,qwen3-max,openai-compatible,qwen3-max,v1,c9ff11afc1436a70,dff88c3a4526f8e2,fa7f7600,16,q-lookup-soak-hours,lookup,chunk_split planned_vs_done statement_shaped_question,number,true,true,false,,true,1.0000,true,true,answered,answered,48,48,doc-045,doc-045,0,0,true,1113,728,1675,27,0,384,,0,stop,
20260904-100451-qwen3-max,1,qwen3-max,openai-compatible,qwen3-max,v1,c9ff11afc1436a70,dff88c3a4526f8e2,fa7f7600,16,q-lookup-sync-time,lookup,timezone proposal statement_shaped_question,time,true,true,false,,true,1.0000,true,true,answered,answered,15:00,15:00,slack-eng-core-001,slack-eng-core-001,0,0,true,1192,740,1895,32,0,384,,0,stop,
20260904-100451-qwen3-max,1,qwen3-max,openai-compatible,qwen3-max,v1,c9ff11afc1436a70,dff88c3a4526f8e2,fa7f7600,16,q-lookup-us-shift,lookup,timezone scope,time,true,true,false,,true,1.0000,true,true,answered,answered,09:00,09:00,slack-support-036,slack-support-036,0,0,true,1307,783,1790,31,0,384,,0,stop,
20260904-100451-qwen3-max,1,qwen3-max,openai-compatible,qwen3-max,v1,c9ff11afc1436a70,dff88c3a4526f8e2,fa7f7600,16,q-lookup-verity-upgrade-date,lookup,quoted_email same_name,date,true,true,false,,false,1.0000,false,true,answered,answered,2027-04-13,2027-04-13,email-030,email-030 email-016,0,0,true,1467,791,1876,42,0,384,,0,stop,
20260904-100451-qwen3-max,1,qwen3-max,openai-compatible,qwen3-max,v1,c9ff11afc1436a70,dff88c3a4526f8e2,fa7f7600,16,q-multihop-43-branch,multihop,relative_date quoted_email,date,true,true,false,,true,0.6667,true,true,answered,answered,2027-06-18,2027-06-18,email-032 email-033 slack-release-014,email-032 email-033,0,0,true,1497,861,2001,42,0,0,,0,stop,
20260904-100451-qwen3-max,1,qwen3-max,openai-compatible,qwen3-max,v1,c9ff11afc1436a70,dff88c3a4526f8e2,fa7f7600,16,q-multihop-apsouth-support,multihop,negation,string,false,true,false,,true,0.5000,false,true,answered,answered,the European shift,European,doc-019 doc-038 slack-support-022 slack-support-023,doc-019 doc-038,0,0,true,1242,708,1854,33,0,384,,0,stop,
20260904-100451-qwen3-max,1,qwen3-max,openai-compatible,qwen3-max,v1,c9ff11afc1436a70,dff88c3a4526f8e2,fa7f7600,16,q-multihop-audit-log-retention,multihop,,number,true,true,false,,false,0.5000,false,true,answered,answered,180,180,slack-data-platform-002 slack-data-platform-011 slack-data-platform-012 slack-eng-core-008,slack-data-platform-001 email-004 slack-data-platform-011 slack-data-platform-012 email-005,0,3,true,2717,671,1790,129,0,384,,0,stop,
20260904-100451-qwen3-max,1,qwen3-max,openai-compatible,qwen3-max,v1,c9ff11afc1436a70,dff88c3a4526f8e2,fa7f7600,16,q-multihop-brightline-notice,multihop,,number,true,true,false,,false,0.7500,false,true,answered,answered,10,10,mtg-008 slack-security-013 slack-security-014 slack-security-018,slack-security-014 issue-wrn-4425 slack-security-018 doc-043 mtg-008,0,0,true,1786,925,1884,61,0,384,,0,stop,
20260904-100451-qwen3-max,1,qwen3-max,openai-compatible,qwen3-max,v1,c9ff11afc1436a70,dff88c3a4526f8e2,fa7f7600,16,q-multihop-cert-provider-contact,multihop,keyword,string,true,true,false,,true,1.0000,true,true,answered,answered,Omar Haddad,Omar Haddad,slack-data-platform-010 slack-infra-013 slack-infra-014,slack-data-platform-010 slack-infra-013 slack-infra-014,0,0,true,1507,706,1606,50,0,0,,0,stop,
20260904-100451-qwen3-max,1,qwen3-max,openai-compatible,qwen3-max,v1,c9ff11afc1436a70,dff88c3a4526f8e2,fa7f7600,16,q-multihop-connector-approval,multihop,superseded,string,true,true,false,,false,1.0000,false,true,answered,answered,Lukas Fenn,Lukas Fenn,slack-eng-relay-070 slack-eng-relay-071 slack-eng-relay-067,slack-eng-relay-071 slack-eng-relay-070 doc-036 slack-eng-relay-067,0,0,true,1824,785,1907,60,0,384,,0,stop,
20260904-100451-qwen3-max,1,qwen3-max,openai-compatible,qwen3-max,v1,c9ff11afc1436a70,dff88c3a4526f8e2,fa7f7600,16,q-multihop-connector-notice,multihop,negation,number,true,true,false,,false,0.3333,false,true,answered,answered,60,60,slack-general-063 slack-general-064 slack-eng-relay-067,slack-general-013 slack-eng-relay-067,0,0,true,1432,812,1677,38,0,384,,0,stop,
20260904-100451-qwen3-max,1,qwen3-max,openai-compatible,qwen3-max,v1,c9ff11afc1436a70,dff88c3a4526f8e2,fa7f7600,16,q-multihop-dach-invoice-language,multihop,format,string,true,true,false,,false,1.0000,false,true,answered,answered,Italian,Italian,slack-dach-004 slack-general-005 doc-035,doc-035 slack-general-005 slack-general-061 email-034 slack-dach-004 slack-dach-003 slack-general-017 slack-general-031,0,0,true,2316,810,1633,83,0,384,,0,stop,
20260904-100451-qwen3-max,1,qwen3-max,openai-compatible,qwen3-max,v1,c9ff11afc1436a70,dff88c3a4526f8e2,fa7f7600,16,q-multihop-escalation-ladder,multihop,,string,true,true,false,,false,0.3333,false,true,answered,answered,Tomas Ruiz,Tomas Ruiz,slack-incidents-009 slack-eng-core-009 doc-034,doc-034 doc-007,0,0,true,1391,759,1849,35,0,0,,0,stop,
20260904-100451-qwen3-max,1,qwen3-max,openai-compatible,qwen3-max,v1,c9ff11afc1436a70,dff88c3a4526f8e2,fa7f7600,16,q-multihop-freeze-exception,multihop,,string,true,true,false,,true,0.6667,true,true,answered,answered,Tomas Ruiz,Tomas Ruiz,slack-eng-core-007 doc-024 doc-025,slack-eng-core-007 doc-025,0,0,true,1498,985,1771,37,0,0,,0,stop,
20260904-100451-qwen3-max,1,qwen3-max,openai-compatible,qwen3-max,v1,c9ff11afc1436a70,dff88c3a4526f8e2,fa7f7600,16,q-multihop-freeze-security,multihop,negation,boolean,true,true,false,,true,0.3750,true,true,answered,answered,false,false,doc-024 slack-eng-core-011 slack-eng-core-012 slack-eng-core-013 slack-eng-core-014 slack-eng-core-018 slack-eng-core-020 slack-security-015,doc-024 slack-eng-core-014 slack-security-015,0,0,true,1485,760,1686,42,0,0,,0,stop,
20260904-100451-qwen3-max,1,qwen3-max,openai-compatible,qwen3-max,v1,c9ff11afc1436a70,dff88c3a4526f8e2,fa7f7600,16,q-multihop-gateway-cert-owner,multihop,keyword,string,true,true,false,,false,0.3333,false,true,answered,answered,the platform team,platform team,slack-incidents-010 slack-infra-016 slack-eng-core-010,doc-009 slack-eng-core-010,0,0,true,1320,780,1870,36,0,0,,0,stop,
20260904-100451-qwen3-max,1,qwen3-max,openai-compatible,qwen3-max,v1,c9ff11afc1436a70,dff88c3a4526f8e2,fa7f7600,16,q-multihop-halcyon-region-support,multihop,,string,true,true,false,,false,0.0000,false,true,answered,answered,US business hours,US business hours,slack-data-platform-009 doc-019 slack-support-019,slack-data-platform-008 doc-038,0,0,true,1404,772,1701,37,0,384,,0,stop,
20260904-100451-qwen3-max,1,qwen3-max,openai-compatible,qwen3-max,v1,c9ff11afc1436a70,dff88c3a4526f8e2,fa7f7600,16,q-multihop-invoice-approver,multihop,,string,true,true,false,,true,0.5000,true,true,answered,answered,Marta Nowak,Marta Nowak,doc-020 doc-021 doc-037 slack-general-003,slack-general-003 doc-021,0,0,true,1408,823,1981,37,0,384,,0,stop,
20260904-100451-qwen3-max,1,qwen3-max,openai-compatible,qwen3-max,v1,c9ff11afc1436a70,dff88c3a4526f8e2,fa7f7600,16,q-multihop-kestrel-breach-clock,multihop,scope,number,true,true,false,,false,0.4000,false,true,answered,answered,72,72,doc-008 slack-data-platform-013 slack-data-platform-014 slack-general-007 slack-general-020,doc-008 slack-data-platform-014 slack-general-010 doc-023,0,0,true,1632,715,1873,51,0,0,,0,stop,
20260904-100451-qwen3-max,1,qwen3-max,openai-compatible,qwen3-max,v1,c9ff11afc1436a70,dff88c3a4526f8e2,fa7f7600,16,q-multihop-kestrel-sla,multihop,,number,true,true,false,,false,0.2500,false,true,answered,answered,30,30,doc-016 doc-017 doc-033 slack-sales-026,doc-016 email-013 slack-support-011,0,4,true,2607,757,1860,130,0,384,,0,stop,
20260904-100451-qwen3-max,1,qwen3-max,openai-compatible,qwen3-max,v1,c9ff11afc1436a70,dff88c3a4526f8e2,fa7f7600,16,q-multihop-meridian-response,multihop,superseded,number,true,true,false,,false,0.5000,false,true,answered,answered,15,15,doc-017 doc-033 slack-sales-027 slack-support-021,slack-support-021 doc-017 slack-support-001 slack-sales-048,0,2,true,2380,769,1728,96,0,384,,0,stop,
20260904-100451-qwen3-max,1,qwen3-max,openai-compatible,qwen3-max,v1,c9ff11afc1436a70,dff88c3a4526f8e2,fa7f7600,16,q-multihop-nordhaven-capacity,multihop,,number,false,true,false,,false,0.2000,false,true,answered,answered,4,6,doc-009 slack-infra-017 slack-infra-018 slack-infra-019 slack-infra-030,slack-infra-018 slack-infra-024,0,0,true,1329,706,1727,37,0,0,,0,stop,
20260904-100451-qwen3-max,1,qwen3-max,openai-compatible,qwen3-max,v1,c9ff11afc1436a70,dff88c3a4526f8e2,fa7f7600,16,q-multihop-northwind-oncall,multihop,same_name,string,true,true,false,,false,0.6667,false,true,answered,answered,Ravi Iyer,Ravi Iyer,slack-eng-palisade-025 doc-018 slack-infra-012,issue-wrn-4501 doc-018 doc-013 slack-infra-012,0,0,true,1578,744,1905,55,0,384,,0,stop,
20260904-100451-qwen3-max,1,qwen3-max,openai-compatible,qwen3-max,v1,c9ff11afc1436a70,dff88c3a4526f8e2,fa7f7600,16,q-multihop-orso-invoice-language,multihop,negation format,string,true,true,false,,false,0.6667,false,true,answered,answered,Italian,Italian,slack-eng-relay-069 slack-general-061 slack-general-062,slack-eng-relay-069 doc-035 slack-general-017 slack-general-031 slack-general-062 slack-general-005 slack-general-015,0,0,true,2495,1299,1699,76,0,384,,0,stop,
20260904-100451-qwen3-max,1,qwen3-max,openai-compatible,qwen3-max,v1,c9ff11afc1436a70,dff88c3a4526f8e2,fa7f7600,16,q-multihop-orso-replay,multihop,superseded,string,true,true,false,,false,0.7500,false,true,answered,answered,Lukas Fenn,Lukas Fenn,slack-eng-relay-033 slack-eng-relay-034 slack-eng-relay-035 slack-sales-029,slack-sales-029 slack-eng-relay-071 slack-eng-relay-033 slack-eng-relay-035,0,0,true,1953,968,1892,61,0,384,,0,stop,
20260904-100451-qwen3-max,1,qwen3-max,openai-compatible,qwen3-max,v1,c9ff11afc1436a70,dff88c3a4526f8e2,fa7f7600,16,q-multihop-relay-maintenance,multihop,relative_date timezone,time,true,true,false,,true,0.3333,true,true,answered,answered,01:00,01:00,slack-eng-relay-049 slack-eng-relay-050 slack-eng-relay-051,slack-eng-relay-050,0,0,true,1255,720,1805,33,0,0,,0,stop,
20260904-100451-qwen3-max,1,qwen3-max,openai-compatible,qwen3-max,v1,c9ff11afc1436a70,dff88c3a4526f8e2,fa7f7600,16,q-multihop-replay-approval,multihop,,string,false,true,false,,false,0.5000,false,true,answered,answered,Lukas Fenn,the relay tech lead,doc-036 slack-eng-relay-032 slack-eng-relay-033 slack-eng-relay-035,doc-036 slack-eng-relay-034 slack-eng-relay-041 slack-eng-relay-032,0,0,true,1720,789,1912,59,0,0,,0,stop,
20260904-100451-qwen3-max,1,qwen3-max,openai-compatible,qwen3-max,v1,c9ff11afc1436a70,dff88c3a4526f8e2,fa7f7600,16,q-multihop-report-language,multihop,format negation,string,true,true,false,,true,1.0000,true,true,answered,answered,English,English,slack-support-048 slack-support-045 slack-general-059,slack-support-045 slack-general-059 slack-support-048,0,0,true,1915,1155,1727,43,0,384,,0,stop,
20260904-100451-qwen3-max,1,qwen3-max,openai-compatible,qwen3-max,v1,c9ff11afc1436a70,dff88c3a4526f8e2,fa7f7600,16,q-multihop-sandbox-quota-region,multihop,negation,string[],true,true,false,,true,1.0000,true,true,answered,answered,"[""eu-west"",""us-east""]","[""eu-west"",""us-east""]",slack-eng-palisade-050 slack-infra-051 slack-infra-052,slack-eng-palisade-050 slack-infra-051 slack-infra-052,0,0,true,1492,631,1747,53,0,0,,0,stop,
20260904-100451-qwen3-max,1,qwen3-max,openai-compatible,qwen3-max,v1,c9ff11afc1436a70,dff88c3a4526f8e2,fa7f7600,16,q-multihop-shard-page,multihop,same_name keyword,string,true,true,false,,false,1.0000,false,true,answered,answered,Ravi Iyer,Ravi Iyer,slack-infra-055 slack-data-platform-033 slack-data-platform-034,slack-data-platform-033 slack-data-platform-026 slack-data-platform-034 slack-infra-055,0,0,true,1820,913,1857,58,0,384,,0,stop,
20260904-100451-qwen3-max,1,qwen3-max,openai-compatible,qwen3-max,v1,c9ff11afc1436a70,dff88c3a4526f8e2,fa7f7600,16,q-multihop-tanaka-notice,multihop,scope,number,true,true,false,,true,0.8000,true,true,answered,answered,60,60,doc-022 doc-023 slack-general-004 slack-general-019 slack-general-028,doc-022 slack-general-019 doc-023 slack-general-004,0,0,true,1764,897,1772,50,0,384,,0,stop,
20260904-100451-qwen3-max,1,qwen3-max,openai-compatible,qwen3-max,v1,c9ff11afc1436a70,dff88c3a4526f8e2,fa7f7600,16,q-multihop-training-signoff,multihop,same_name keyword,string,false,true,false,,true,0.3333,false,true,answered,answered,Yusuf Demir,the security engineer among the signatories,slack-security-033 slack-security-034 slack-security-031,slack-security-033,0,0,true,2405,2039,1698,33,0,0,,0,stop,
20260904-100451-qwen3-max,1,qwen3-max,openai-compatible,qwen3-max,v1,c9ff11afc1436a70,dff88c3a4526f8e2,fa7f7600,16,q-multihop-verity-approver-chain,multihop,unit,string,true,true,false,,false,0.5000,false,true,answered,answered,Marta Nowak,Marta Nowak,doc-021 doc-037 slack-general-006 slack-sales-028,slack-general-003 doc-021 doc-037,0,0,true,2746,2082,2052,44,0,512,,0,stop,
20260904-100451-qwen3-max,1,qwen3-max,openai-compatible,qwen3-max,v1,c9ff11afc1436a70,dff88c3a4526f8e2,fa7f7600,16,q-multihop-verity-shift,multihop,negation,string,false,true,false,,false,0.0000,false,true,answered,answered,the US shift,US support shift,slack-support-046 slack-support-047 slack-data-platform-030,email-030 doc-038,0,0,true,1384,700,1652,35,0,384,,0,stop,
20260904-100451-qwen3-max,1,qwen3-max,openai-compatible,qwen3-max,v1,c9ff11afc1436a70,dff88c3a4526f8e2,fa7f7600,16,q-rule-apsouth-floor,rule,,boolean,true,true,false,,false,0.4000,false,true,answered,answered,false,false,slack-infra-019 slack-infra-026 slack-infra-030 slack-infra-031 slack-infra-037,slack-infra-026 slack-infra-031 doc-009,0,0,true,1635,1018,1772,43,0,0,,0,stop,
20260904-100451-qwen3-max,1,qwen3-max,openai-compatible,qwen3-max,v1,c9ff11afc1436a70,dff88c3a4526f8e2,fa7f7600,16,q-rule-apsouth-node-added,rule,planned_vs_done,boolean,true,true,false,,true,1.0000,true,true,answered,answered,false,false,slack-infra-037,slack-infra-037,0,0,true,2123,1734,1699,27,0,384,,0,stop,
20260904-100451-qwen3-max,1,qwen3-max,openai-compatible,qwen3-max,v1,c9ff11afc1436a70,dff88c3a4526f8e2,fa7f7600,16,q-rule-backfill-notice,rule,chunk_split relative_date,number,true,true,false,,true,1.0000,true,true,answered,answered,3,3,doc-046,doc-046,0,0,true,1257,815,1840,26,0,384,,0,stop,
20260904-100451-qwen3-max,1,qwen3-max,openai-compatible,qwen3-max,v1,c9ff11afc1436a70,dff88c3a4526f8e2,fa7f7600,16,q-rule-badge-rule,rule,same_name,boolean,true,true,false,,true,1.0000,true,true,answered,answered,false,false,doc-026 slack-infra-022 slack-infra-023 slack-infra-028 slack-infra-029,slack-infra-029 doc-026 slack-infra-028 slack-infra-023 slack-infra-022,0,0,true,2607,1587,1612,61,0,0,,0,stop,
20260904-100451-qwen3-max,1,qwen3-max,openai-compatible,qwen3-max,v1,c9ff11afc1436a70,dff88c3a4526f8e2,fa7f7600,16,q-rule-band-large,rule,unit,string,true,true,false,,true,1.0000,true,true,answered,answered,Ingrid Halvorsen,Ingrid Halvorsen,doc-021 doc-037 slack-general-006 slack-general-034 slack-general-035,doc-021 doc-037 slack-general-006 slack-general-034 slack-general-035,0,0,true,2082,1166,2032,62,0,384,,0,stop,
20260904-100451-qwen3-max,1,qwen3-max,openai-compatible,qwen3-max,v1,c9ff11afc1436a70,dff88c3a4526f8e2,fa7f7600,16,q-rule-certificate-notice-rule,rule,scope,number,true,true,false,,true,0.5000,true,true,answered,answered,0,0,slack-security-018 slack-security-019,slack-security-018,0,0,true,1265,826,1925,27,0,0,,0,stop,
20260904-100451-qwen3-max,1,qwen3-max,openai-compatible,qwen3-max,v1,c9ff11afc1436a70,dff88c3a4526f8e2,fa7f7600,16,q-rule-connector-replay-lead,rule,scope,boolean,true,true,false,,false,1.0000,false,true,answered,answered,true,true,slack-eng-relay-067 slack-eng-relay-071,slack-eng-relay-071 slack-eng-relay-070 slack-eng-relay-067,0,0,true,1602,820,1910,48,0,384,,0,stop,
20260904-100451-qwen3-max,1,qwen3-max,openai-compatible,qwen3-max,v1,c9ff11afc1436a70,dff88c3a4526f8e2,fa7f7600,16,q-rule-credit-alone,rule,chunk_split unit,boolean,true,true,false,,true,1.0000,true,true,answered,answered,true,true,doc-044,doc-044,0,0,true,1087,715,1766,25,0,384,,0,stop,
20260904-100451-qwen3-max,1,qwen3-max,openai-compatible,qwen3-max,v1,c9ff11afc1436a70,dff88c3a4526f8e2,fa7f7600,16,q-rule-credit-approval,rule,unit,string,true,true,false,,false,0.5000,false,true,answered,answered,Marta Nowak,Marta Nowak,slack-general-029 slack-general-030,slack-general-022 slack-general-009 slack-general-030,0,0,true,1466,765,1864,46,0,384,,0,stop,
20260904-100451-qwen3-max,1,qwen3-max,openai-compatible,qwen3-max,v1,c9ff11afc1436a70,dff88c3a4526f8e2,fa7f7600,16,q-rule-deploy-tuesday,rule,,boolean,true,true,false,,true,1.0000,true,true,answered,answered,false,false,doc-027 slack-eng-relay-042 slack-infra-027,slack-eng-relay-042 slack-infra-027 doc-027,0,0,true,1435,763,1706,44,0,0,,0,stop,
20260904-100451-qwen3-max,1,qwen3-max,openai-compatible,qwen3-max,v1,c9ff11afc1436a70,dff88c3a4526f8e2,fa7f7600,16,q-rule-digest-line,rule,,boolean,true,true,false,,false,0.5000,false,true,answered,answered,false,false,slack-incidents-024 slack-incidents-025,slack-incidents-024 doc-040 doc-007,0,0,true,1458,896,2027,41,0,384,,0,stop,
20260904-100451-qwen3-max,1,qwen3-max,openai-compatible,qwen3-max,v1,c9ff11afc1436a70,dff88c3a4526f8e2,fa7f7600,16,q-rule-escalation-vp,rule,negation,boolean,true,true,false,,false,0.3333,false,true,answered,answered,false,false,slack-eng-relay-043 slack-incidents-009 slack-incidents-023,doc-007 slack-eng-relay-043 doc-034,0,0,true,1535,766,1895,42,0,0,,0,stop,
20260904-100451-qwen3-max,1,qwen3-max,openai-compatible,qwen3-max,v1,c9ff11afc1436a70,dff88c3a4526f8e2,fa7f7600,16,q-rule-eu-support-access,rule,negation,boolean,true,true,false,,false,1.0000,false,true,answered,answered,false,false,slack-data-platform-018 slack-data-platform-019,doc-008 slack-data-platform-018 slack-data-platform-019 slack-data-platform-007,0,0,true,2004,1195,1974,52,0,384,,0,stop,
20260904-100451-qwen3-max,1,qwen3-max,openai-compatible,qwen3-max,v1,c9ff11afc1436a70,dff88c3a4526f8e2,fa7f7600,16,q-rule-freeze-merge,rule,,boolean,true,true,false,,false,0.5000,false,true,answered,answered,true,true,doc-024 doc-042 slack-eng-core-011 slack-eng-core-013 slack-eng-core-014 slack-eng-core-018,doc-024 doc-042 slack-eng-core-018 slack-eng-core-010 slack-eng-core-012,0,0,true,2412,1447,1669,59,0,0,,0,stop,
20260904-100451-qwen3-max,1,qwen3-max,openai-compatible,qwen3-max,v1,c9ff11afc1436a70,dff88c3a4526f8e2,fa7f7600,16,q-rule-freeze-security-merge,rule,,boolean,true,true,false,,true,0.2500,true,true,answered,answered,true,true,doc-024 doc-042 slack-eng-core-012 slack-eng-core-013 slack-eng-core-014 slack-eng-core-018 slack-eng-core-019 slack-eng-core-020,doc-024 slack-eng-core-019,0,0,true,2067,1387,1674,34,0,0,,0,stop,
20260904-100451-qwen3-max,1,qwen3-max,openai-compatible,qwen3-max,v1,c9ff11afc1436a70,dff88c3a4526f8e2,fa7f7600,16,q-rule-invoice-language-rule,rule,negation,string,true,true,false,,true,0.5000,true,true,answered,answered,English,English,doc-035 slack-general-017 slack-general-031 slack-sales-036,doc-035 slack-sales-036,0,0,true,1366,842,1584,34,0,384,,0,stop,
20260904-100451-qwen3-max,1,qwen3-max,openai-compatible,qwen3-max,v1,c9ff11afc1436a70,dff88c3a4526f8e2,fa7f7600,16,q-rule-invoice-language-tanaka,rule,negation keyword,string,true,true,false,,false,0.5000,false,true,answered,answered,English,English,slack-general-065 slack-general-062,slack-general-065 doc-035,0,0,true,1905,1302,1605,34,0,0,,0,stop,
20260904-100451-qwen3-max,1,qwen3-max,openai-compatible,qwen3-max,v1,c9ff11afc1436a70,dff88c3a4526f8e2,fa7f7600,16,q-rule-kowalski-signoff,rule,same_name negation,boolean,true,true,false,,true,0.5000,true,true,answered,answered,false,false,slack-security-031 slack-security-032,slack-security-032,0,0,true,2325,1899,1645,26,0,384,,0,stop,
20260904-100451-qwen3-max,1,qwen3-max,openai-compatible,qwen3-max,v1,c9ff11afc1436a70,dff88c3a4526f8e2,fa7f7600,16,q-rule-notice-tanaka,rule,scope,number,true,true,false,,true,0.8000,true,true,answered,answered,60,60,doc-023 slack-data-platform-017 slack-general-008 slack-general-019 slack-general-028,slack-general-008 slack-data-platform-017 slack-general-019 doc-023,0,0,true,1847,1004,1648,52,0,512,,0,stop,
20260904-100451-qwen3-max,1,qwen3-max,openai-compatible,qwen3-max,v1,c9ff11afc1436a70,dff88c3a4526f8e2,fa7f7600,16,q-rule-objection-window,rule,,date,false,true,false,,true,0.4000,false,true,answered,answered,2027-03-13,2027-03-12,slack-general-012 slack-general-032 slack-general-033 slack-general-038 slack-general-039,slack-general-032 slack-general-033,0,0,true,1422,728,1704,44,0,384,,0,stop,
20260904-100451-qwen3-max,1,qwen3-max,openai-compatible,qwen3-max,v1,c9ff11afc1436a70,dff88c3a4526f8e2,fa7f7600,16,q-rule-patch-due,rule,superseded,date,true,true,false,,false,1.0000,false,true,answered,answered,2027-06-18,2027-06-18,slack-security-016 slack-security-017,slack-security-016 slack-security-017 email-019,0,0,true,1647,924,1764,51,0,384,,0,stop,
20260904-100451-qwen3-max,1,qwen3-max,openai-compatible,qwen3-max,v1,c9ff11afc1436a70,dff88c3a4526f8e2,fa7f7600,16,q-rule-postmortem-not-required,rule,negation,boolean,true,true,false,,true,0.5000,true,true,answered,answered,false,false,doc-040 doc-041 slack-incidents-018 slack-incidents-020,slack-incidents-020 doc-040,0,0,true,1627,1062,2069,34,0,0,,0,stop,
20260904-100451-qwen3-max,1,qwen3-max,openai-compatible,qwen3-max,v1,c9ff11afc1436a70,dff88c3a4526f8e2,fa7f7600,16,q-rule-postmortem-required,rule,,boolean,true,true,false,,false,0.3333,false,true,answered,answered,true,true,doc-040 slack-incidents-017 slack-incidents-019,doc-055 doc-040,0,0,true,1361,802,1747,32,0,0,,0,stop,
20260904-100451-qwen3-max,1,qwen3-max,openai-compatible,qwen3-max,v1,c9ff11afc1436a70,dff88c3a4526f8e2,fa7f7600,16,q-rule-replay-needs-lead,rule,,boolean,true,true,false,,true,0.5000,true,true,answered,answered,true,true,doc-036 slack-eng-relay-034 slack-eng-relay-041 slack-sales-035,slack-sales-035 doc-036,0,0,true,1898,1557,1911,33,0,512,,0,stop,
20260904-100451-qwen3-max,1,qwen3-max,openai-compatible,qwen3-max,v1,c9ff11afc1436a70,dff88c3a4526f8e2,fa7f7600,16,q-rule-retention-backups,rule,negation,boolean,true,true,false,,false,1.0000,false,true,answered,answered,false,false,slack-data-platform-020 slack-data-platform-021,slack-data-platform-021 slack-data-platform-020 doc-056 doc-008,0,0,true,1568,782,2037,50,0,384,,0,stop,
20260904-100451-qwen3-max,1,qwen3-max,openai-compatible,qwen3-max,v1,c9ff11afc1436a70,dff88c3a4526f8e2,fa7f7600,16,q-rule-sandbox-apsouth,rule,negation,boolean,true,true,false,,true,1.0000,true,true,answered,answered,false,false,slack-infra-056 slack-infra-052,slack-infra-052 slack-infra-056,0,0,true,1290,692,1666,36,0,0,,0,stop,
20260904-100451-qwen3-max,1,qwen3-max,openai-compatible,qwen3-max,v1,c9ff11afc1436a70,dff88c3a4526f8e2,fa7f7600,16,q-rule-scribe-needed,rule,,boolean,true,true,false,,true,0.3333,true,true,answered,answered,true,true,doc-055 slack-incidents-008 slack-incidents-017 slack-incidents-019 slack-incidents-021 slack-incidents-022,slack-incidents-022 doc-055,0,0,true,1429,902,1712,34,0,384,,0,stop,
20260904-100451-qwen3-max,1,qwen3-max,openai-compatible,qwen3-max,v1,c9ff11afc1436a70,dff88c3a4526f8e2,fa7f7600,16,q-rule-shard-selfapprove,rule,same_name,boolean,true,true,false,,false,0.5000,false,true,answered,answered,false,false,slack-data-platform-033 slack-data-platform-034,slack-data-platform-033 slack-data-platform-012,0,0,true,1831,1154,1870,36,0,384,,0,stop,
20260904-100451-qwen3-max,1,qwen3-max,openai-compatible,qwen3-max,v1,c9ff11afc1436a70,dff88c3a4526f8e2,fa7f7600,16,q-rule-shortened-soak,rule,chunk_split negation,boolean,true,true,false,,true,1.0000,true,true,answered,answered,false,false,doc-045,doc-045,0,0,true,1142,693,1927,25,0,0,,0,stop,
20260904-100451-qwen3-max,1,qwen3-max,openai-compatible,qwen3-max,v1,c9ff11afc1436a70,dff88c3a4526f8e2,fa7f7600,16,q-rule-support-deploy,rule,negation keyword,boolean,true,true,false,,false,0.5000,false,true,answered,answered,false,false,slack-infra-057 slack-infra-054,doc-027 slack-infra-054,0,0,true,1453,811,1888,34,0,384,,0,stop,
20260904-100451-qwen3-max,1,qwen3-max,openai-compatible,qwen3-max,v1,c9ff11afc1436a70,dff88c3a4526f8e2,fa7f7600,16,q-temporal-audit-in-two-weeks,temporal,relative_date,date,true,true,false,,false,1.0000,false,true,answered,answered,2027-03-22,2027-03-22,slack-sales-037,slack-sales-038 slack-sales-037,0,0,true,1545,952,1748,44,0,0,,0,stop,
20260904-100451-qwen3-max,1,qwen3-max,openai-compatible,qwen3-max,v1,c9ff11afc1436a70,dff88c3a4526f8e2,fa7f7600,16,q-temporal-backfill-start,temporal,relative_date,date,false,true,false,,true,1.0000,false,true,answered,answered,2027-05-25,2027-05-27,slack-data-platform-022,slack-data-platform-022,0,0,true,1230,667,1953,37,0,384,,0,stop,
20260904-100451-qwen3-max,1,qwen3-max,openai-compatible,qwen3-max,v1,c9ff11afc1436a70,dff88c3a4526f8e2,fa7f7600,16,q-temporal-batch,temporal,superseded proposal,number,false,true,false,,false,1.0000,false,true,answered,answered,3,5,slack-eng-relay-001 slack-eng-relay-002 doc-config-batch slack-eng-relay-003,slack-eng-relay-001 slack-eng-relay-002 doc-config-batch slack-eng-relay-003 mtg-002,0,5,true,3992,733,1881,182,0,384,,0,stop,
20260904-100451-qwen3-max,1,qwen3-max,openai-compatible,qwen3-max,v1,c9ff11afc1436a70,dff88c3a4526f8e2,fa7f7600,16,q-temporal-branch-cut,temporal,relative_date,date,false,true,false,,false,1.0000,false,true,answered,answered,2027-04-12,2027-04-10,slack-release-011,slack-release-011 doc-045,0,0,true,1601,948,1999,43,0,384,,0,stop,
20260904-100451-qwen3-max,1,qwen3-max,openai-compatible,qwen3-max,v1,c9ff11afc1436a70,dff88c3a4526f8e2,fa7f7600,16,q-temporal-close-date,temporal,relative_date,date,true,true,false,,true,1.0000,true,true,answered,answered,2027-06-30,2027-06-30,email-027,email-027,0,0,true,1915,1333,1905,35,0,384,,0,stop,
20260904-100451-qwen3-max,1,qwen3-max,openai-compatible,qwen3-max,v1,c9ff11afc1436a70,dff88c3a4526f8e2,fa7f7600,16,q-temporal-contract-length,temporal,superseded,number,false,true,false,,true,0.5000,false,true,answered,answered,183,365,email-018 slack-general-036 slack-general-037 slack-sales-015,slack-general-036 email-018,0,0,true,1547,1003,1624,36,0,384,,0,stop,
20260904-100451-qwen3-max,1,qwen3-max,openai-compatible,qwen3-max,v1,c9ff11afc1436a70,dff88c3a4526f8e2,fa7f7600,16,q-temporal-cutover-next-tuesday,temporal,relative_date,date,false,false,false,,false,0.0000,false,true,answered,not_in_evidence,2027-02-16,,slack-infra-032,,0,0,true,1089,731,1834,23,0,384,,0,stop,
20260904-100451-qwen3-max,1,qwen3-max,openai-compatible,qwen3-max,v1,c9ff11afc1436a70,dff88c3a4526f8e2,fa7f7600,16,q-temporal-days-to-onboarding,temporal,relative_date superseded,number,false,true,false,,true,0.6667,false,true,answered,answered,91,62,email-012 slack-sales-038 slack-sales-039,slack-sales-038 email-012,0,0,true,1496,807,1731,35,0,0,,0,stop,
20260904-100451-qwen3-max,1,qwen3-max,openai-compatible,qwen3-max,v1,c9ff11afc1436a70,dff88c3a4526f8e2,fa7f7600,16,q-temporal-dst-gap,temporal,timezone,number,true,true,false,,false,1.0000,false,true,answered,answered,2,2,slack-eng-relay-046,slack-eng-relay-022 slack-eng-relay-046 slack-infra-035 slack-infra-039 slack-eng-relay-050,0,0,true,2473,1471,2010,67,0,0,,0,stop,
20260904-100451-qwen3-max,1,qwen3-max,openai-compatible,qwen3-max,v1,c9ff11afc1436a70,dff88c3a4526f8e2,fa7f7600,16,q-temporal-dst-shift,temporal,timezone,date,true,true,false,,true,1.0000,true,true,answered,answered,2027-03-28,2027-03-28,slack-eng-relay-022 slack-eng-relay-044,slack-eng-relay-022 slack-eng-relay-044,0,0,true,2038,1340,1999,48,0,384,,0,stop,
20260904-100451-qwen3-max,1,qwen3-max,openai-compatible,qwen3-max,v1,c9ff11afc1436a70,dff88c3a4526f8e2,fa7f7600,16,q-temporal-export-utc,temporal,timezone superseded,time,true,true,false,,true,1.0000,true,true,answered,answered,22:15,22:15,slack-eng-relay-046,slack-eng-relay-046,0,0,true,1366,845,1878,33,0,0,,0,stop,
20260904-100451-qwen3-max,1,qwen3-max,openai-compatible,qwen3-max,v1,c9ff11afc1436a70,dff88c3a4526f8e2,fa7f7600,16,q-temporal-freeze-length,temporal,,number,true,true,false,,false,1.0000,false,true,answered,answered,22,22,doc-042 mtg-007 slack-eng-core-019 slack-eng-core-021,slack-eng-core-021 doc-024 doc-042 slack-eng-core-019 mtg-007,0,0,true,1573,649,1847,60,0,0,,0,stop,
20260904-100451-qwen3-max,1,qwen3-max,openai-compatible,qwen3-max,v1,c9ff11afc1436a70,dff88c3a4526f8e2,fa7f7600,16,q-temporal-halcyon-renewal,temporal,superseded,number,false,true,false,,false,1.0000,false,true,answered,answered,141,144,slack-sales-044 slack-sales-046,slack-sales-044 slack-sales-045 slack-sales-046,0,3,true,2684,681,1868,135,0,384,,0,stop,
20260904-100451-qwen3-max,1,qwen3-max,openai-compatible,qwen3-max,v1,c9ff11afc1436a70,dff88c3a4526f8e2,fa7f7600,16,q-temporal-incident-gap,temporal,,number,true,true,false,,true,1.0000,true,true,answered,answered,30,30,slack-incidents-026 slack-incidents-027,slack-incidents-026 slack-incidents-027,0,0,true,1394,858,1649,38,0,640,,0,stop,
20260904-100451-qwen3-max,1,qwen3-max,openai-compatible,qwen3-max,v1,c9ff11afc1436a70,dff88c3a4526f8e2,fa7f7600,16,q-temporal-load-slip,temporal,planned_vs_done,number,true,true,false,,true,1.0000,true,true,answered,answered,7,7,slack-eng-relay-047 slack-eng-relay-048,slack-eng-relay-048 slack-eng-relay-047,0,0,true,2084,1599,1823,39,0,0,,0,stop,
20260904-100451-qwen3-max,1,qwen3-max,openai-compatible,qwen3-max,v1,c9ff11afc1436a70,dff88c3a4526f8e2,fa7f7600,16,q-temporal-migration-slip,temporal,planned_vs_done,number,true,true,false,,true,0.7500,true,true,answered,answered,2,2,slack-infra-009 slack-infra-010 slack-infra-033 slack-infra-034,slack-infra-034 slack-infra-009 slack-infra-010,0,0,true,1441,781,1770,46,0,0,,0,stop,
20260904-100451-qwen3-max,1,qwen3-max,openai-compatible,qwen3-max,v1,c9ff11afc1436a70,dff88c3a4526f8e2,fa7f7600,16,q-temporal-notes-due,temporal,relative_date keyword,date,false,true,false,,true,1.0000,false,true,answered,answered,2027-02-18,2027-03-15,slack-sales-040,slack-sales-040,0,0,true,1695,1036,1752,36,0,384,,0,stop,
20260904-100451-qwen3-max,1,qwen3-max,openai-compatible,qwen3-max,v1,c9ff11afc1436a70,dff88c3a4526f8e2,fa7f7600,16,q-temporal-notice-close,temporal,,number,true,true,false,,true,0.4000,true,true,answered,answered,30,30,slack-general-012 slack-general-032 slack-general-033 slack-general-038 slack-general-039,slack-general-032 slack-general-033,0,0,true,1752,1102,1682,36,0,384,,0,stop,
20260904-100451-qwen3-max,1,qwen3-max,openai-compatible,qwen3-max,v1,c9ff11afc1436a70,dff88c3a4526f8e2,fa7f7600,16,q-temporal-p99,temporal,superseded,date,true,true,false,,true,1.0000,true,true,answered,answered,2027-05-04,2027-05-04,slack-eng-palisade-002,slack-eng-palisade-002,0,0,true,1391,702,1917,39,0,0,,0,stop,
20260904-100451-qwen3-max,1,qwen3-max,openai-compatible,qwen3-max,v1,c9ff11afc1436a70,dff88c3a4526f8e2,fa7f7600,16,q-temporal-page-delay,temporal,superseded keyword,date,true,true,false,,false,1.0000,false,true,answered,answered,2027-06-14,2027-06-14,mtg-044,mtg-044 slack-incidents-033 slack-incidents-032,0,3,true,2376,633,1920,118,0,384,,0,stop,
20260904-100451-qwen3-max,1,qwen3-max,openai-compatible,qwen3-max,v1,c9ff11afc1436a70,dff88c3a4526f8e2,fa7f7600,16,q-temporal-postmortem-due,temporal,,date,true,true,false,,false,0.5000,false,true,answered,answered,2027-04-19,2027-04-19,slack-incidents-028 slack-incidents-029,slack-incidents-006 slack-incidents-028 doc-040,0,0,true,1539,778,1697,53,0,0,,0,stop,
20260904-100451-qwen3-max,1,qwen3-max,openai-compatible,qwen3-max,v1,c9ff11afc1436a70,dff88c3a4526f8e2,fa7f7600,16,q-temporal-quarter-end-report,temporal,relative_date,date,true,true,false,,true,1.0000,true,true,answered,answered,2027-06-30,2027-06-30,slack-support-035,slack-support-035,0,0,true,1322,874,1646,36,0,384,,0,stop,
20260904-100451-qwen3-max,1,qwen3-max,openai-compatible,qwen3-max,v1,c9ff11afc1436a70,dff88c3a4526f8e2,fa7f7600,16,q-temporal-ratelimit,temporal,superseded,number,true,true,false,,false,1.0000,false,true,answered,answered,122,122,slack-eng-palisade-008 slack-eng-palisade-009,slack-eng-palisade-008 doc-001 slack-eng-palisade-009,0,3,true,2247,684,1931,120,0,384,,0,stop,
20260904-100451-qwen3-max,1,qwen3-max,openai-compatible,qwen3-max,v1,c9ff11afc1436a70,dff88c3a4526f8e2,fa7f7600,16,q-temporal-renewal-decision,temporal,,date,true,true,false,,true,0.3333,true,true,answered,answered,2027-10-01,2027-10-01,doc-031 slack-general-040 slack-general-041,doc-031,0,0,true,1520,986,1779,35,0,384,,0,stop,
20260904-100451-qwen3-max,1,qwen3-max,openai-compatible,qwen3-max,v1,c9ff11afc1436a70,dff88c3a4526f8e2,fa7f7600,16,q-temporal-review-week,temporal,relative_date,date,false,true,false,,true,1.0000,false,true,answered,answered,2027-05-11,2027-05-12,slack-eng-palisade-029,slack-eng-palisade-029,0,0,true,1334,699,1948,39,0,384,,0,stop,
20260904-100451-qwen3-max,1,qwen3-max,openai-compatible,qwen3-max,v1,c9ff11afc1436a70,dff88c3a4526f8e2,fa7f7600,16,q-temporal-status-threshold,temporal,superseded statement_shaped_question,date,false,true,false,,false,1.0000,false,true,answered,answered,2027-04-30,2027-06-11,mtg-005,slack-incidents-005 slack-incidents-004 slack-incidents-003 mtg-005 slack-incidents-001 slack-incidents-002,0,4,true,3798,988,1850,201,0,384,,0,stop,
20260904-100451-qwen3-max,1,qwen3-max,openai-compatible,qwen3-max,v1,c9ff11afc1436a70,dff88c3a4526f8e2,fa7f7600,16,q-temporal-store-shards,temporal,superseded proposal,number,false,true,false,,true,1.0000,false,true,answered,answered,2,3,slack-data-platform-026 slack-data-platform-027 doc-config-store-shards,slack-data-platform-026 slack-data-platform-027 doc-config-store-shards,0,3,true,2383,836,2187,109,0,384,,0,stop,
20260904-100451-qwen3-max,1,qwen3-max,openai-compatible,qwen3-max,v1,c9ff11afc1436a70,dff88c3a4526f8e2,fa7f7600,16,q-temporal-tanaka-contract,temporal,superseded,date,true,true,false,,true,1.0000,true,true,answered,answered,2027-06-18,2027-06-18,slack-sales-016,slack-sales-016,0,0,true,1283,850,1625,36,0,384,,0,stop,
20260904-100451-qwen3-max,1,qwen3-max,openai-compatible,qwen3-max,v1,c9ff11afc1436a70,dff88c3a4526f8e2,fa7f7600,16,q-temporal-tls-window,temporal,superseded,number,false,true,false,,false,1.0000,false,true,answered,answered,119,153,slack-security-001 slack-security-002,slack-security-001 email-010 slack-security-002,0,3,true,2503,1047,1925,110,0,384,,0,stop,
20260904-100451-qwen3-max,1,qwen3-max,openai-compatible,qwen3-max,v1,c9ff11afc1436a70,dff88c3a4526f8e2,fa7f7600,16,q-temporal-verity-seats,temporal,superseded proposal,number,false,true,false,,false,1.0000,false,true,answered,answered,2,3,slack-sales-010 email-015 slack-sales-011,slack-sales-010 email-015 email-030 slack-sales-011,0,3,true,2919,911,1871,116,0,0,,0,stop,
20260904-101430-qwen-flash,1,qwen-flash,openai-compatible,qwen-flash,v1,c9ff11afc1436a70,dff88c3a4526f8e2,fa7f7600,16,q-abstain-admin-healthpath,abstain,keyword,string,true,true,false,,true,,true,,not_in_evidence,not_in_evidence,,,,,0,0,true,998,801,2051,23,0,0,,0,stop,
20260904-101430-qwen-flash,1,qwen-flash,openai-compatible,qwen-flash,v1,c9ff11afc1436a70,dff88c3a4526f8e2,fa7f7600,16,q-abstain-apsouth-sandbox-date,abstain,negation,date,true,true,false,,true,,true,,not_in_evidence,not_in_evidence,,,,,0,0,true,651,447,1748,23,0,384,,0,stop,
20260904-101430-qwen-flash,1,qwen-flash,openai-compatible,qwen-flash,v1,c9ff11afc1436a70,dff88c3a4526f8e2,fa7f7600,16,q-abstain-audit-log-no-customer,abstain,scope keyword,number,false,false,false,,false,,false,,not_in_evidence,answered,,7,,slack-data-platform-011 slack-eng-core-006 doc-009,0,0,true,884,489,1737,44,0,0,,0,stop,
20260904-101430-qwen-flash,1,qwen-flash,openai-compatible,qwen-flash,v1,c9ff11afc1436a70,dff88c3a4526f8e2,fa7f7600,16,q-abstain-dach-report-day,abstain,scope keyword,string,true,true,false,,true,,true,,not_in_evidence,not_in_evidence,,,,,0,0,true,597,447,1644,23,0,0,,0,stop,
20260904-101430-qwen-flash,1,qwen-flash,openai-compatible,qwen-flash,v1,c9ff11afc1436a70,dff88c3a4526f8e2,fa7f7600,16,q-abstain-fra1-nodes,abstain,negation,number,false,false,false,,false,,false,,not_in_evidence,answered,,165,,slack-eng-core-003 mtg-007,0,2,true,1109,448,1794,84,0,0,,0,stop,
20260904-101430-qwen-flash,1,qwen-flash,openai-compatible,qwen-flash,v1,c9ff11afc1436a70,dff88c3a4526f8e2,fa7f7600,16,q-abstain-halcyon-po,abstain,keyword,string,false,false,false,,false,,false,,not_in_evidence,answered,,PO-90115,,slack-general-043 slack-general-060,0,0,true,647,355,1756,41,0,0,,0,stop,
20260904-101430-qwen-flash,1,qwen-flash,openai-compatible,qwen-flash,v1,c9ff11afc1436a70,dff88c3a4526f8e2,fa7f7600,16,q-abstain-july-oncall,abstain,same_name,string,true,true,false,,true,,true,,not_in_evidence,not_in_evidence,,,,,0,0,true,560,413,1825,23,0,384,,0,stop,
20260904-101430-qwen-flash,1,qwen-flash,openai-compatible,qwen-flash,v1,c9ff11afc1436a70,dff88c3a4526f8e2,fa7f7600,16,q-abstain-kestrel-audit-window,abstain,keyword,date,true,true,false,,true,,true,,not_in_evidence,not_in_evidence,,,,,0,0,true,670,469,1824,23,0,0,,0,stop,
20260904-101430-qwen-flash,1,qwen-flash,openai-compatible,qwen-flash,v1,c9ff11afc1436a70,dff88c3a4526f8e2,fa7f7600,16,q-abstain-kestrel-batch,abstain,scope,number,false,false,false,,false,,false,,not_in_evidence,answered,,165,,slack-eng-core-003 mtg-007,0,2,true,1068,431,1839,84,0,0,,0,stop,
20260904-101430-qwen-flash,1,qwen-flash,openai-compatible,qwen-flash,v1,c9ff11afc1436a70,dff88c3a4526f8e2,fa7f7600,16,q-abstain-kestrel-invoice,abstain,unit keyword,number,true,true,false,,true,,true,,not_in_evidence,not_in_evidence,,,,,0,0,true,611,497,1830,23,0,0,,0,stop,
20260904-101430-qwen-flash,1,qwen-flash,openai-compatible,qwen-flash,v1,c9ff11afc1436a70,dff88c3a4526f8e2,fa7f7600,16,q-abstain-kestrel-seats,abstain,keyword,number,true,true,false,,true,,true,,not_in_evidence,not_in_evidence,,,,,0,0,true,656,452,1784,23,0,384,,0,stop,
20260904-101430-qwen-flash,1,qwen-flash,openai-compatible,qwen-flash,v1,c9ff11afc1436a70,dff88c3a4526f8e2,fa7f7600,16,q-abstain-meridian-po,abstain,keyword,string,true,true,false,,true,,true,,not_in_evidence,not_in_evidence,,,,,0,0,true,589,387,1607,23,0,384,,0,stop,
20260904-101430-qwen-flash,1,qwen-flash,openai-compatible,qwen-flash,v1,c9ff11afc1436a70,dff88c3a4526f8e2,fa7f7600,16,q-abstain-meridian-retention,abstain,keyword,number,true,true,false,,true,,true,,not_in_evidence,not_in_evidence,,,,,0,0,true,590,378,1717,23,0,0,,0,stop,
20260904-101430-qwen-flash,1,qwen-flash,openai-compatible,qwen-flash,v1,c9ff11afc1436a70,dff88c3a4526f8e2,fa7f7600,16,q-abstain-p50,abstain,scope,number,true,true,false,,true,,true,,not_in_evidence,not_in_evidence,,,,,0,0,true,664,443,1891,23,0,0,,0,stop,
20260904-101430-qwen-flash,1,qwen-flash,openai-compatible,qwen-flash,v1,c9ff11afc1436a70,dff88c3a4526f8e2,fa7f7600,16,q-abstain-po-90118-amount,abstain,keyword,number,true,true,false,,true,,true,,not_in_evidence,not_in_evidence,,,,,0,0,true,700,627,1848,23,0,0,,0,stop,
20260904-101430-qwen-flash,1,qwen-flash,openai-compatible,qwen-flash,v1,c9ff11afc1436a70,dff88c3a4526f8e2,fa7f7600,16,q-abstain-premium-connections,abstain,scope keyword,number,true,true,false,,true,,true,,not_in_evidence,not_in_evidence,,,,,0,0,true,713,511,1937,23,0,384,,0,stop,
20260904-101430-qwen-flash,1,qwen-flash,openai-compatible,qwen-flash,v1,c9ff11afc1436a70,dff88c3a4526f8e2,fa7f7600,16,q-abstain-premium-rate-limit,abstain,scope,number,true,true,false,,true,,true,,not_in_evidence,not_in_evidence,,,,,0,0,true,678,401,1968,23,0,384,,0,stop,
20260904-101430-qwen-flash,1,qwen-flash,openai-compatible,qwen-flash,v1,c9ff11afc1436a70,dff88c3a4526f8e2,fa7f7600,16,q-abstain-premium-resolution,abstain,keyword,number,true,true,false,,true,,true,,not_in_evidence,not_in_evidence,,,,,0,0,true,680,570,1756,23,0,0,,0,stop,
20260904-101430-qwen-flash,1,qwen-flash,openai-compatible,qwen-flash,v1,c9ff11afc1436a70,dff88c3a4526f8e2,fa7f7600,16,q-abstain-relay-error-budget,abstain,scope unit,number,true,true,false,,true,,true,,not_in_evidence,not_in_evidence,,,,,0,0,true,571,378,1764,23,0,0,,0,stop,
20260904-101430-qwen-flash,1,qwen-flash,openai-compatible,qwen-flash,v1,c9ff11afc1436a70,dff88c3a4526f8e2,fa7f7600,16,q-abstain-relay-tls,abstain,scope,number,true,true,false,,true,,true,,not_in_evidence,not_in_evidence,,,,,0,0,true,620,376,1879,23,0,384,,0,stop,
20260904-101430-qwen-flash,1,qwen-flash,openai-compatible,qwen-flash,v1,c9ff11afc1436a70,dff88c3a4526f8e2,fa7f7600,16,q-abstain-sandbox-quota-customer,abstain,scope,number,false,false,false,,false,,false,,not_in_evidence,answered,,20000,,slack-eng-palisade-048 mtg-007,0,2,true,1091,380,1903,88,0,0,,0,stop,
20260904-101430-qwen-flash,1,qwen-flash,openai-compatible,qwen-flash,v1,c9ff11afc1436a70,dff88c3a4526f8e2,fa7f7600,16,q-abstain-security-deploy-day,abstain,negation,string,true,true,false,,true,,true,,not_in_evidence,not_in_evidence,,,,,0,0,true,769,462,1609,23,0,0,,0,stop,
20260904-101430-qwen-flash,1,qwen-flash,openai-compatible,qwen-flash,v1,c9ff11afc1436a70,dff88c3a4526f8e2,fa7f7600,16,q-abstain-staging-cache,abstain,scope,number,true,true,false,,true,,true,,not_in_evidence,not_in_evidence,,,,,0,0,true,644,454,1816,23,0,384,,0,stop,
20260904-101430-qwen-flash,1,qwen-flash,openai-compatible,qwen-flash,v1,c9ff11afc1436a70,dff88c3a4526f8e2,fa7f7600,16,q-abstain-staging-idle-timeout,abstain,scope,number,false,false,false,,false,,false,,not_in_evidence,answered,,90,,slack-eng-palisade-038 slack-eng-palisade-039 doc-058,0,3,true,1370,482,1711,116,0,0,,0,stop,
20260904-101430-qwen-flash,1,qwen-flash,openai-compatible,qwen-flash,v1,c9ff11afc1436a70,dff88c3a4526f8e2,fa7f7600,16,q-abstain-tanaka-escalation,abstain,keyword,string,false,false,false,,false,,false,,not_in_evidence,answered,,Omar Haddad,,slack-support-038 doc-056,0,0,true,794,522,1614,38,0,384,,0,stop,
20260904-101430-qwen-flash,1,qwen-flash,openai-compatible,qwen-flash,v1,c9ff11afc1436a70,dff88c3a4526f8e2,fa7f7600,16,q-abstain-training-attendance,abstain,keyword,number,true,true,false,,true,,true,,not_in_evidence,not_in_evidence,,,,,0,0,true,589,398,1951,23,0,0,,0,stop,
20260904-101430-qwen-flash,1,qwen-flash,openai-compatible,qwen-flash,v1,c9ff11afc1436a70,dff88c3a4526f8e2,fa7f7600,16,q-abstain-useast-datacentre,abstain,scope,string,false,false,false,,false,,false,,not_in_evidence,answered,,us-east,,slack-infra-048,0,0,true,710,473,1587,29,0,0,,0,stop,
20260904-101430-qwen-flash,1,qwen-flash,openai-compatible,qwen-flash,v1,c9ff11afc1436a70,dff88c3a4526f8e2,fa7f7600,16,q-abstain-useast-nightly,abstain,timezone scope,time,true,true,false,,true,,true,,not_in_evidence,not_in_evidence,,,,,0,0,true,1044,779,1946,23,0,0,,0,stop,
20260904-101430-qwen-flash,1,qwen-flash,openai-compatible,qwen-flash,v1,c9ff11afc1436a70,dff88c3a4526f8e2,fa7f7600,16,q-abstain-verity-connector-date,abstain,negation keyword,date,true,true,false,,true,,true,,not_in_evidence,not_in_evidence,,,,,0,0,true,621,380,1628,23,0,0,,0,stop,
20260904-101430-qwen-flash,1,qwen-flash,openai-compatible,qwen-flash,v1,c9ff11afc1436a70,dff88c3a4526f8e2,fa7f7600,16,q-abstain-verity-renewal,abstain,keyword,date,false,false,false,,false,,false,,not_in_evidence,answered,,2028-01-31,,doc-020,0,0,true,949,495,1913,35,0,0,,0,stop,
20260904-101430-qwen-flash,1,qwen-flash,openai-compatible,qwen-flash,v1,c9ff11afc1436a70,dff88c3a4526f8e2,fa7f7600,16,q-aggregation-annex-customers-count,aggregation,negation,number,true,true,false,,false,0.5714,false,true,answered,answered,2,2,doc-022 slack-data-platform-017 slack-general-004 slack-general-007 slack-general-008 slack-general-009 slack-general-010,slack-general-008 slack-general-019 slack-general-063 slack-general-004 slack-general-007 slack-general-010,0,2,true,1353,525,1638,109,0,384,,0,stop,
20260904-101430-qwen-flash,1,qwen-flash,openai-compatible,qwen-flash,v1,c9ff11afc1436a70,dff88c3a4526f8e2,fa7f7600,16,q-aggregation-audit-field-count,aggregation,negation,number,true,true,false,,true,0.6667,true,true,answered,answered,3,3,slack-eng-core-034 slack-eng-core-035 slack-eng-core-036,slack-eng-core-034 slack-eng-core-035,0,2,true,1110,467,1871,79,0,0,,0,stop,
20260904-101430-qwen-flash,1,qwen-flash,openai-compatible,qwen-flash,v1,c9ff11afc1436a70,dff88c3a4526f8e2,fa7f7600,16,q-aggregation-badges-count,aggregation,negation same_name,number,true,true,false,,true,0.7500,true,true,answered,answered,2,2,doc-026 slack-infra-022 slack-infra-023 slack-infra-029,doc-026 slack-infra-022 slack-infra-029,0,0,true,1366,923,1759,44,0,0,,0,stop,
20260904-101430-qwen-flash,1,qwen-flash,openai-compatible,qwen-flash,v1,c9ff11afc1436a70,dff88c3a4526f8e2,fa7f7600,16,q-aggregation-components-frozen-count,aggregation,negation,number,true,true,false,,false,0.3333,false,true,answered,answered,3,3,slack-release-008 slack-release-009 slack-release-010,slack-release-010 slack-eng-core-014,0,0,true,701,354,1599,36,0,384,,0,stop,
20260904-101430-qwen-flash,1,qwen-flash,openai-compatible,qwen-flash,v1,c9ff11afc1436a70,dff88c3a4526f8e2,fa7f7600,16,q-aggregation-connector-count,aggregation,superseded negation,number,true,true,false,,false,0.3333,false,true,answered,answered,3,3,slack-eng-relay-066 slack-eng-relay-067 slack-eng-relay-068,slack-eng-relay-067 slack-eng-relay-015,0,0,true,817,489,1744,39,0,384,,0,stop,
20260904-101430-qwen-flash,1,qwen-flash,openai-compatible,qwen-flash,v1,c9ff11afc1436a70,dff88c3a4526f8e2,fa7f7600,16,q-aggregation-credits-march,aggregation,unit,number,false,true,false,,false,0.0000,false,true,answered,answered,4100,165,slack-general-021 slack-general-022 slack-general-023,slack-eng-core-003 mtg-007,0,2,true,928,405,1717,84,0,384,,0,stop,
20260904-101430-qwen-flash,1,qwen-flash,openai-compatible,qwen-flash,v1,c9ff11afc1436a70,dff88c3a4526f8e2,fa7f7600,16,q-aggregation-customers-502-count,aggregation,format,number,true,true,false,,true,0.6000,true,true,answered,answered,3,3,issue-wrn-4102 slack-support-026 slack-support-027 slack-support-028 slack-support-029,slack-support-026 slack-support-027 slack-support-028,0,0,true,882,520,1720,43,0,384,,0,stop,
20260904-101430-qwen-flash,1,qwen-flash,openai-compatible,qwen-flash,v1,c9ff11afc1436a70,dff88c3a4526f8e2,fa7f7600,16,q-aggregation-dach-channel-count,aggregation,format negation,number,true,true,false,,true,1.0000,true,true,answered,answered,2,2,slack-dach-013 slack-dach-014,slack-dach-013 slack-dach-014,0,0,true,870,450,1572,37,0,384,,0,stop,
20260904-101430-qwen-flash,1,qwen-flash,openai-compatible,qwen-flash,v1,c9ff11afc1436a70,dff88c3a4526f8e2,fa7f7600,16,q-aggregation-deploy-teams-count,aggregation,negation,number,true,true,false,,false,0.5000,false,true,answered,answered,2,2,slack-infra-053 slack-infra-054,slack-infra-053 doc-027,0,0,true,717,368,1632,35,0,384,,0,stop,
20260904-101430-qwen-flash,1,qwen-flash,openai-compatible,qwen-flash,v1,c9ff11afc1436a70,dff88c3a4526f8e2,fa7f7600,16,q-aggregation-edge-nodes-total,aggregation,,number,false,true,false,,true,0.6000,false,true,answered,answered,14,165,slack-infra-024 slack-infra-025 slack-infra-026 slack-infra-031 slack-infra-037,slack-infra-025 slack-infra-024 slack-infra-026,0,2,true,1392,409,1912,94,0,384,,0,stop,
20260904-101430-qwen-flash,1,qwen-flash,openai-compatible,qwen-flash,v1,c9ff11afc1436a70,dff88c3a4526f8e2,fa7f7600,16,q-aggregation-enterprise-count,aggregation,negation,number,true,true,false,,true,1.0000,true,true,answered,answered,1,1,slack-sales-048 slack-sales-049,slack-sales-049 slack-sales-048,0,0,true,846,435,1771,35,0,384,,0,stop,
20260904-101430-qwen-flash,1,qwen-flash,openai-compatible,qwen-flash,v1,c9ff11afc1436a70,dff88c3a4526f8e2,fa7f7600,16,q-aggregation-escalations-q2,aggregation,,number,false,true,false,,false,0.0000,false,true,answered,answered,4,165,slack-general-025 slack-general-026 slack-general-027,slack-eng-core-003 mtg-007,0,2,true,1117,376,1783,84,0,384,,0,stop,
20260904-101430-qwen-flash,1,qwen-flash,openai-compatible,qwen-flash,v1,c9ff11afc1436a70,dff88c3a4526f8e2,fa7f7600,16,q-aggregation-freeze-exempt-count,aggregation,negation,number,true,true,false,,true,0.4000,true,true,answered,answered,2,2,doc-024 mtg-007 slack-eng-core-013 slack-eng-core-014 slack-eng-core-018,slack-eng-core-014 slack-eng-core-018,0,0,true,581,450,1708,37,0,0,,0,stop,
20260904-101430-qwen-flash,1,qwen-flash,openai-compatible,qwen-flash,v1,c9ff11afc1436a70,dff88c3a4526f8e2,fa7f7600,16,q-aggregation-german-invoice-countries,aggregation,format negation,number,true,true,false,,false,1.0000,false,true,answered,answered,2,2,doc-035 slack-general-017 slack-general-018 slack-general-031,slack-general-017 doc-035 slack-general-031 slack-general-062 slack-general-018,0,0,true,810,390,1726,58,0,384,,0,stop,
20260904-101430-qwen-flash,1,qwen-flash,openai-compatible,qwen-flash,v1,c9ff11afc1436a70,dff88c3a4526f8e2,fa7f7600,16,q-aggregation-hours-lost-relay,aggregation,unit,number,false,true,false,,true,1.0000,false,true,answered,answered,9,10,slack-eng-relay-038 slack-eng-relay-039 slack-eng-relay-040,slack-eng-relay-038 slack-eng-relay-039 slack-eng-relay-040,0,0,true,780,421,1752,50,0,384,,0,stop,
20260904-101430-qwen-flash,1,qwen-flash,openai-compatible,qwen-flash,v1,c9ff11afc1436a70,dff88c3a4526f8e2,fa7f7600,16,q-aggregation-incident-minutes,aggregation,,number,true,true,false,,false,0.5000,false,true,answered,answered,53,53,slack-incidents-008 slack-incidents-017 slack-incidents-018 slack-incidents-019 slack-incidents-020 slack-incidents-022,slack-incidents-017 slack-incidents-018 slack-incidents-020 doc-055,0,0,true,958,380,1747,54,0,384,,0,stop,
20260904-101430-qwen-flash,1,qwen-flash,openai-compatible,qwen-flash,v1,c9ff11afc1436a70,dff88c3a4526f8e2,fa7f7600,16,q-aggregation-incident-numbers-count,aggregation,negation,number,true,true,false,,true,0.6667,true,true,answered,answered,3,3,slack-incidents-036 slack-incidents-037 slack-incidents-038,slack-incidents-036 slack-incidents-037,0,2,true,1104,456,1952,79,0,384,,0,stop,
20260904-101430-qwen-flash,1,qwen-flash,openai-compatible,qwen-flash,v1,c9ff11afc1436a70,dff88c3a4526f8e2,fa7f7600,16,q-aggregation-invoice-two-months,aggregation,unit,number,true,true,false,,false,0.6667,false,true,answered,answered,7800,7800,email-007 slack-general-024 slack-sales-034,slack-sales-034 slack-general-024 email-008 slack-sales-002 doc-003,0,2,true,1192,396,1804,108,0,384,,0,stop,
20260904-101430-qwen-flash,1,qwen-flash,openai-compatible,qwen-flash,v1,c9ff11afc1436a70,dff88c3a4526f8e2,fa7f7600,16,q-aggregation-oncall-people-count,aggregation,same_name,number,true,true,false,,false,1.0000,false,true,answered,answered,3,3,slack-infra-012 slack-infra-020 slack-infra-021,slack-infra-021 slack-infra-006 slack-infra-012 slack-infra-003 slack-infra-020,0,0,true,906,567,1925,64,0,384,,0,stop,
20260904-101430-qwen-flash,1,qwen-flash,openai-compatible,qwen-flash,v1,c9ff11afc1436a70,dff88c3a4526f8e2,fa7f7600,16,q-aggregation-postmortems-count,aggregation,,number,true,true,false,,false,1.0000,false,true,answered,answered,3,3,doc-028 doc-039 slack-incidents-016,slack-incidents-016 doc-039 doc-028 slack-incidents-037,0,0,true,913,391,2278,51,0,384,,0,stop,
20260904-101430-qwen-flash,1,qwen-flash,openai-compatible,qwen-flash,v1,c9ff11afc1436a70,dff88c3a4526f8e2,fa7f7600,16,q-aggregation-premium-count-june,aggregation,superseded,number,true,true,false,,false,0.4000,false,true,answered,answered,2,2,slack-sales-025 slack-sales-029 slack-sales-030 slack-sales-031 slack-sales-035,slack-sales-030 slack-sales-031 slack-sales-048,0,2,true,1047,554,1753,85,0,0,,0,stop,
20260904-101430-qwen-flash,1,qwen-flash,openai-compatible,qwen-flash,v1,c9ff11afc1436a70,dff88c3a4526f8e2,fa7f7600,16,q-aggregation-q1-po-total,aggregation,unit,number,false,true,false,,false,0.0000,false,true,answered,answered,28200,190,email-039 email-040,slack-general-057 slack-general-056,0,1,true,866,551,1818,60,0,384,,0,stop,
20260904-101430-qwen-flash,1,qwen-flash,openai-compatible,qwen-flash,v1,c9ff11afc1436a70,dff88c3a4526f8e2,fa7f7600,16,q-aggregation-regions-with-limiter-count,aggregation,superseded,number,true,true,false,,true,0.3333,true,true,answered,answered,2,2,slack-eng-palisade-026 slack-eng-palisade-027 slack-eng-palisade-028,slack-eng-palisade-028,0,0,true,601,405,1980,30,0,384,,0,stop,
20260904-101430-qwen-flash,1,qwen-flash,openai-compatible,qwen-flash,v1,c9ff11afc1436a70,dff88c3a4526f8e2,fa7f7600,16,q-aggregation-releases-half,aggregation,relative_date planned_vs_done,number,false,true,false,,false,0.0000,false,true,answered,answered,6,165,slack-release-016 slack-release-017,slack-eng-core-003 mtg-007,0,2,true,1377,627,1803,84,0,384,,0,stop,
20260904-101430-qwen-flash,1,qwen-flash,openai-compatible,qwen-flash,v1,c9ff11afc1436a70,dff88c3a4526f8e2,fa7f7600,16,q-aggregation-renewals-q1-count,aggregation,planned_vs_done,number,true,true,false,,false,0.6667,false,true,answered,answered,3,3,slack-general-014 slack-general-015 slack-general-016,slack-general-014 slack-general-015 slack-general-057 slack-general-058,0,0,true,815,393,1665,51,0,384,,0,stop,
20260904-101430-qwen-flash,1,qwen-flash,openai-compatible,qwen-flash,v1,c9ff11afc1436a70,dff88c3a4526f8e2,fa7f7600,16,q-aggregation-sandbox-regions-count,aggregation,negation superseded,number,true,true,false,,true,0.6667,true,true,answered,answered,2,2,slack-infra-050 slack-infra-051 slack-infra-052,slack-infra-050 slack-infra-051,0,2,true,1124,528,1814,79,0,384,,0,stop,
20260904-101430-qwen-flash,1,qwen-flash,openai-compatible,qwen-flash,v1,c9ff11afc1436a70,dff88c3a4526f8e2,fa7f7600,16,q-aggregation-seats-june,aggregation,,number,false,true,false,,false,0.0000,false,true,answered,answered,105,165,slack-sales-032 slack-sales-033,slack-eng-core-003 mtg-007,0,2,true,1133,471,1713,84,0,0,,0,stop,
20260904-101430-qwen-flash,1,qwen-flash,openai-compatible,qwen-flash,v1,c9ff11afc1436a70,dff88c3a4526f8e2,fa7f7600,16,q-aggregation-signoff-count,aggregation,negation,number,false,true,false,,false,0.0000,false,true,answered,answered,2,165,slack-security-030 slack-security-031 slack-security-032,slack-eng-core-003 mtg-007,0,2,true,1472,880,1575,84,0,384,,0,stop,
20260904-101430-qwen-flash,1,qwen-flash,openai-compatible,qwen-flash,v1,c9ff11afc1436a70,dff88c3a4526f8e2,fa7f7600,16,q-aggregation-sub-processor-count,aggregation,proposal,number,true,true,false,,false,0.0000,false,true,answered,answered,3,3,slack-general-011 slack-general-012 slack-general-013 slack-general-033 slack-general-039,slack-eng-core-003 mtg-007,0,2,true,1054,523,1898,82,0,384,,0,stop,
20260904-101430-qwen-flash,1,qwen-flash,openai-compatible,qwen-flash,v1,c9ff11afc1436a70,dff88c3a4526f8e2,fa7f7600,16,q-aggregation-tickets-week,aggregation,format,number,false,true,false,,false,0.0000,false,true,answered,answered,47,165,slack-support-031 slack-support-032 slack-support-033 slack-support-034,slack-eng-core-003 mtg-007,0,2,true,1081,477,1983,84,0,0,,0,stop,
20260904-101430-qwen-flash,1,qwen-flash,openai-compatible,qwen-flash,v1,c9ff11afc1436a70,dff88c3a4526f8e2,fa7f7600,16,q-asof-batch,asof,superseded proposal retraction,number,false,true,true,false,false,0.0000,false,true,answered,answered,1000,190,slack-eng-relay-001 slack-eng-relay-002 doc-config-batch slack-eng-relay-003,slack-eng-core-003 mtg-007,4,2,true,1092,472,1799,84,0,0,,0,stop,
20260904-101430-qwen-flash,1,qwen-flash,openai-compatible,qwen-flash,v1,c9ff11afc1436a70,dff88c3a4526f8e2,fa7f7600,16,q-asof-cache-ttl,asof,superseded keyword retraction,number,true,true,true,true,false,0.3333,false,true,answered,answered,300,300,slack-eng-palisade-018 slack-eng-palisade-019 cmt-wrn-4477-001,slack-eng-palisade-019 slack-eng-palisade-020 issue-wrn-4477,3,3,true,1162,376,1800,121,0,384,,0,stop,
20260904-101430-qwen-flash,1,qwen-flash,openai-compatible,qwen-flash,v1,c9ff11afc1436a70,dff88c3a4526f8e2,fa7f7600,16,q-asof-connector-timeout,asof,superseded same_name retraction,number,true,true,true,true,true,1.0000,true,true,answered,answered,30,30,slack-eng-relay-009 slack-eng-relay-010 slack-eng-relay-011,slack-eng-relay-009 slack-eng-relay-010 slack-eng-relay-011,3,3,true,1417,526,1658,116,0,0,,0,stop,
20260904-101430-qwen-flash,1,qwen-flash,openai-compatible,qwen-flash,v1,c9ff11afc1436a70,dff88c3a4526f8e2,fa7f7600,16,q-asof-dlq-retries,asof,superseded proposal,number,true,true,true,true,true,1.0000,true,true,answered,answered,5,5,slack-eng-relay-017 slack-eng-relay-018 cmt-wrn-5120-001,slack-eng-relay-018 slack-eng-relay-017 cmt-wrn-5120-001,3,3,true,1324,487,2032,117,0,384,,0,stop,
20260904-101430-qwen-flash,1,qwen-flash,openai-compatible,qwen-flash,v1,c9ff11afc1436a70,dff88c3a4526f8e2,fa7f7600,16,q-asof-error-budget,asof,superseded,number,false,true,true,true,false,0.3333,false,true,answered,answered,0.5,1,slack-eng-palisade-013 slack-eng-palisade-014 doc-config-error-budget,slack-eng-palisade-006 slack-eng-palisade-007 doc-config-error-budget,3,3,true,1172,464,1899,115,0,0,,0,stop,
20260904-101430-qwen-flash,1,qwen-flash,openai-compatible,qwen-flash,v1,c9ff11afc1436a70,dff88c3a4526f8e2,fa7f7600,16,q-asof-fetch-concurrency,asof,superseded keyword,number,false,true,true,false,false,0.0000,false,true,answered,answered,8,6,slack-eng-relay-061 slack-eng-relay-062 slack-eng-relay-063,slack-eng-relay-064 mtg-007,3,2,true,1127,522,1860,83,0,0,,0,stop,
20260904-101430-qwen-flash,1,qwen-flash,openai-compatible,qwen-flash,v1,c9ff11afc1436a70,dff88c3a4526f8e2,fa7f7600,16,q-asof-halcyon-invoice,asof,superseded unit quoted_email,number,true,true,true,false,false,0.0000,false,true,answered,answered,3400,3400,slack-sales-001 doc-003 email-007,slack-eng-core-003 mtg-007,3,2,true,1490,457,1816,85,0,384,,0,stop,
20260904-101430-qwen-flash,1,qwen-flash,openai-compatible,qwen-flash,v1,c9ff11afc1436a70,dff88c3a4526f8e2,fa7f7600,16,q-asof-halcyon-renewal,asof,superseded,date,true,true,true,false,false,0.0000,false,true,answered,answered,2027-10-31,2027-10-31,slack-sales-044 slack-sales-045 slack-sales-046,slack-eng-core-003 mtg-007,3,2,true,1061,523,1827,91,0,384,,0,stop,
20260904-101430-qwen-flash,1,qwen-flash,openai-compatible,qwen-flash,v1,c9ff11afc1436a70,dff88c3a4526f8e2,fa7f7600,16,q-asof-idle-timeout,asof,superseded keyword,number,false,true,true,false,false,0.0000,false,true,answered,answered,90,60,slack-eng-palisade-038 slack-eng-palisade-039 doc-058,slack-eng-palisade-003 mtg-007,3,2,true,1334,507,1739,85,0,384,,0,stop,
20260904-101430-qwen-flash,1,qwen-flash,openai-compatible,qwen-flash,v1,c9ff11afc1436a70,dff88c3a4526f8e2,fa7f7600,16,q-asof-kestrel-retention,asof,superseded retraction proposal,number,true,true,true,true,false,0.5000,false,true,answered,answered,90,90,email-004 slack-data-platform-001 slack-data-platform-002 slack-data-platform-012,slack-data-platform-001 slack-data-platform-007 slack-data-platform-012,3,3,true,1847,945,1831,114,0,0,,0,stop,
20260904-101430-qwen-flash,1,qwen-flash,openai-compatible,qwen-flash,v1,c9ff11afc1436a70,dff88c3a4526f8e2,fa7f7600,16,q-asof-meridian-tier,asof,superseded retraction,string,false,true,true,false,false,0.0000,false,true,answered,answered,premium,standard,email-002 slack-support-001 slack-support-002 slack-support-021,slack-support-003 slack-support-004,3,0,true,757,463,1584,35,0,384,,0,stop,
20260904-101430-qwen-flash,1,qwen-flash,openai-compatible,qwen-flash,v1,c9ff11afc1436a70,dff88c3a4526f8e2,fa7f7600,16,q-asof-nightly-job,asof,superseded timezone,time,false,true,true,false,true,0.6667,false,true,answered,answered,03:00,02:00,slack-eng-relay-021 slack-eng-relay-022 slack-eng-relay-023,slack-eng-relay-021 slack-eng-relay-023,3,0,true,798,459,1936,43,0,384,,0,stop,
20260904-101430-qwen-flash,1,qwen-flash,openai-compatible,qwen-flash,v1,c9ff11afc1436a70,dff88c3a4526f8e2,fa7f7600,16,q-asof-northwind-onboarding,asof,superseded retraction,date,true,true,true,false,false,0.0000,false,true,answered,answered,2027-04-26,2027-04-26,email-012 slack-sales-004 slack-sales-005 slack-sales-039,slack-eng-core-003 mtg-007,3,2,true,1094,366,1765,91,0,0,,0,stop,
20260904-101430-qwen-flash,1,qwen-flash,openai-compatible,qwen-flash,v1,c9ff11afc1436a70,dff88c3a4526f8e2,fa7f7600,16,q-asof-oncall-owner,asof,superseded same_name keyword retraction,string,true,true,true,true,true,1.0000,true,true,answered,answered,Ravi Iyer,Ravi Iyer,slack-infra-001 slack-infra-002 email-006,slack-infra-001 email-006 slack-infra-002,3,3,true,1343,442,1664,118,0,384,,0,stop,
20260904-101430-qwen-flash,1,qwen-flash,openai-compatible,qwen-flash,v1,c9ff11afc1436a70,dff88c3a4526f8e2,fa7f7600,16,q-asof-p99,asof,superseded quoted_email proposal,number,true,true,true,true,false,0.6667,false,true,answered,answered,165,165,slack-eng-palisade-001 mtg-001 slack-eng-palisade-002,mtg-001 slack-eng-palisade-003 slack-eng-palisade-002,3,3,true,1259,368,1992,120,0,384,,0,stop,
20260904-101430-qwen-flash,1,qwen-flash,openai-compatible,qwen-flash,v1,c9ff11afc1436a70,dff88c3a4526f8e2,fa7f7600,16,q-asof-page-delay,asof,superseded keyword,number,true,true,true,false,true,0.6667,false,true,answered,answered,10,10,slack-incidents-032 slack-incidents-033 mtg-044,slack-incidents-032 slack-incidents-033,3,2,true,1532,839,1891,81,0,384,,0,stop,
20260904-101430-qwen-flash,1,qwen-flash,openai-compatible,qwen-flash,v1,c9ff11afc1436a70,dff88c3a4526f8e2,fa7f7600,16,q-asof-patch-sla,asof,superseded scope,number,true,true,true,false,false,0.2500,false,true,answered,answered,7,7,doc-005 email-019 slack-security-007 slack-security-017,slack-security-008 slack-eng-core-012 doc-005,3,2,true,1524,528,1692,86,0,0,,0,stop,
20260904-101430-qwen-flash,1,qwen-flash,openai-compatible,qwen-flash,v1,c9ff11afc1436a70,dff88c3a4526f8e2,fa7f7600,16,q-asof-premium-response,asof,superseded scope retraction format,number,true,true,true,false,false,0.3333,false,true,answered,answered,30,30,slack-support-008 doc-004 slack-support-009,doc-004 doc-017,3,2,true,1134,523,1769,78,0,384,,0,stop,
20260904-101430-qwen-flash,1,qwen-flash,openai-compatible,qwen-flash,v1,c9ff11afc1436a70,dff88c3a4526f8e2,fa7f7600,16,q-asof-ratelimit,asof,superseded scope quoted_email,number,true,true,true,true,true,1.0000,true,true,answered,answered,900,900,slack-eng-palisade-008 doc-001 slack-eng-palisade-009,slack-eng-palisade-008 doc-001 slack-eng-palisade-009,3,3,true,1483,474,1988,120,0,384,,0,stop,
20260904-101430-qwen-flash,1,qwen-flash,openai-compatible,qwen-flash,v1,c9ff11afc1436a70,dff88c3a4526f8e2,fa7f7600,16,q-asof-release-cadence,asof,superseded,number,true,true,true,true,false,0.6667,false,true,answered,answered,2,2,slack-release-001 doc-002 slack-release-002,doc-002 slack-release-002 slack-release-004 slack-release-005,3,3,true,1346,524,1737,113,0,0,,0,stop,
20260904-101430-qwen-flash,1,qwen-flash,openai-compatible,qwen-flash,v1,c9ff11afc1436a70,dff88c3a4526f8e2,fa7f7600,16,q-asof-replay-batch,asof,superseded proposal quoted_email,number,false,true,true,false,false,0.0000,false,true,answered,answered,500,200,slack-eng-relay-058 doc-059 slack-eng-relay-059,slack-eng-core-003 mtg-007,3,2,true,1142,473,1904,84,0,384,,0,stop,
20260904-101430-qwen-flash,1,qwen-flash,openai-compatible,qwen-flash,v1,c9ff11afc1436a70,dff88c3a4526f8e2,fa7f7600,16,q-asof-report-day,asof,superseded retraction format,string,false,true,true,false,true,0.6667,false,true,answered,answered,Wednesday,Thursday,slack-support-041 slack-support-042 email-038,slack-support-041 email-038,3,2,true,926,391,1627,76,0,0,,0,stop,
20260904-101430-qwen-flash,1,qwen-flash,openai-compatible,qwen-flash,v1,c9ff11afc1436a70,dff88c3a4526f8e2,fa7f7600,16,q-asof-sandbox-quota,asof,superseded keyword unit,number,true,true,true,false,false,0.0000,false,true,answered,answered,20000,20000,slack-eng-palisade-044 slack-eng-palisade-045 slack-eng-palisade-046,slack-eng-palisade-048 mtg-007,3,2,true,1297,481,1873,88,0,384,,0,stop,
20260904-101430-qwen-flash,1,qwen-flash,openai-compatible,qwen-flash,v1,c9ff11afc1436a70,dff88c3a4526f8e2,fa7f7600,16,q-asof-status-threshold,asof,superseded format,number,false,true,true,true,false,0.3333,false,true,answered,answered,10,20,slack-incidents-001 slack-incidents-002 mtg-005,mtg-005 slack-incidents-004 slack-incidents-003,3,3,true,1309,522,1709,112,0,384,,0,stop,
20260904-101430-qwen-flash,1,qwen-flash,openai-compatible,qwen-flash,v1,c9ff11afc1436a70,dff88c3a4526f8e2,fa7f7600,16,q-asof-store-shards,asof,superseded proposal,number,true,true,true,false,false,0.3333,false,true,answered,answered,12,12,slack-data-platform-026 slack-data-platform-027 doc-config-store-shards,slack-data-platform-027 slack-data-platform-028,3,2,true,1158,476,1898,81,0,384,,0,stop,
20260904-101430-qwen-flash,1,qwen-flash,openai-compatible,qwen-flash,v1,c9ff11afc1436a70,dff88c3a4526f8e2,fa7f7600,16,q-asof-tanaka-contract,asof,superseded retraction,date,true,true,true,false,true,0.6000,false,true,answered,answered,2028-03-31,2028-03-31,email-018 slack-general-036 slack-general-037 slack-sales-015 slack-sales-016,slack-sales-015 email-018 slack-general-037,3,2,true,1438,464,1627,111,0,384,,0,stop,
20260904-101430-qwen-flash,1,qwen-flash,openai-compatible,qwen-flash,v1,c9ff11afc1436a70,dff88c3a4526f8e2,fa7f7600,16,q-asof-tanaka-invoice-day,asof,superseded statement_shaped_question,number,true,true,true,true,true,1.0000,true,true,answered,answered,5,5,slack-general-051 slack-general-052 slack-general-053,slack-general-051 slack-general-053 slack-general-052,3,3,true,1325,433,1618,106,0,0,,0,stop,
20260904-101430-qwen-flash,1,qwen-flash,openai-compatible,qwen-flash,v1,c9ff11afc1436a70,dff88c3a4526f8e2,fa7f7600,16,q-asof-tls-window,asof,superseded quoted_email retraction,number,false,true,true,true,true,1.0000,false,true,answered,answered,30,45,slack-security-001 email-010 slack-security-002,slack-security-001 email-010 slack-security-002,3,3,true,1299,404,1926,109,0,384,,0,stop,
20260904-101430-qwen-flash,1,qwen-flash,openai-compatible,qwen-flash,v1,c9ff11afc1436a70,dff88c3a4526f8e2,fa7f7600,16,q-asof-training-owner,asof,superseded keyword,string,true,true,true,false,false,0.3333,false,true,answered,answered,Hannah Fischer,Hannah Fischer,slack-security-025 slack-security-026 slack-security-027,slack-security-027 mtg-007,3,2,true,1015,384,1832,83,0,0,,0,stop,
20260904-101430-qwen-flash,1,qwen-flash,openai-compatible,qwen-flash,v1,c9ff11afc1436a70,dff88c3a4526f8e2,fa7f7600,16,q-asof-verity-seats,asof,superseded quoted_email,number,true,true,true,true,true,0.7500,true,true,answered,answered,75,75,email-015 email-030 slack-sales-010 slack-sales-011,email-015 email-030 slack-sales-011,3,3,true,1468,622,1871,109,0,384,,0,stop,
20260904-101430-qwen-flash,1,qwen-flash,openai-compatible,qwen-flash,v1,c9ff11afc1436a70,dff88c3a4526f8e2,fa7f7600,16,q-current-batch,current,superseded format unit retraction,number,false,true,true,true,false,0.7500,false,true,answered,answered,1500,2000,slack-eng-relay-001 slack-eng-relay-002 doc-config-batch slack-eng-relay-003,slack-eng-relay-002 slack-eng-relay-003 doc-config-batch slack-eng-relay-006 slack-eng-relay-012,4,4,true,1643,408,1788,163,0,384,,0,stop,
20260904-101430-qwen-flash,1,qwen-flash,openai-compatible,qwen-flash,v1,c9ff11afc1436a70,dff88c3a4526f8e2,fa7f7600,16,q-current-cache-ttl,current,superseded keyword retraction statement_shaped_question quoted_email,number,false,true,true,false,false,0.6667,false,true,answered,answered,120,300,slack-eng-palisade-018 slack-eng-palisade-019 cmt-wrn-4477-001,slack-eng-palisade-018 slack-eng-palisade-019 slack-eng-palisade-020 slack-eng-palisade-022,3,4,true,1629,380,1820,156,0,0,,0,stop,
20260904-101430-qwen-flash,1,qwen-flash,openai-compatible,qwen-flash,v1,c9ff11afc1436a70,dff88c3a4526f8e2,fa7f7600,16,q-current-connector-timeout,current,superseded same_name keyword retraction statement_shaped_question,number,false,true,true,false,false,0.0000,false,true,answered,answered,45,30,slack-eng-relay-009 slack-eng-relay-010 slack-eng-relay-011,slack-eng-core-003 mtg-007,3,2,true,1024,395,1671,83,0,384,,0,stop,
20260904-101430-qwen-flash,1,qwen-flash,openai-compatible,qwen-flash,v1,c9ff11afc1436a70,dff88c3a4526f8e2,fa7f7600,16,q-current-dlq-retries,current,superseded proposal statement_shaped_question quoted_email,number,true,true,true,true,true,1.0000,true,true,answered,answered,8,8,slack-eng-relay-017 slack-eng-relay-018 cmt-wrn-5120-001,cmt-wrn-5120-001 slack-eng-relay-018 slack-eng-relay-017,3,3,true,1577,508,2016,117,0,384,,0,stop,
20260904-101430-qwen-flash,1,qwen-flash,openai-compatible,qwen-flash,v1,c9ff11afc1436a70,dff88c3a4526f8e2,fa7f7600,16,q-current-error-budget,current,superseded statement_shaped_question format,number,true,true,true,true,false,0.6667,false,true,answered,answered,0.25,0.25,slack-eng-palisade-013 slack-eng-palisade-014 doc-config-error-budget,doc-config-error-budget slack-eng-palisade-014 slack-eng-palisade-015,3,3,true,1463,479,1787,118,0,0,,0,stop,
20260904-101430-qwen-flash,1,qwen-flash,openai-compatible,qwen-flash,v1,c9ff11afc1436a70,dff88c3a4526f8e2,fa7f7600,16,q-current-fetch-concurrency,current,superseded keyword format,number,false,true,true,false,false,0.0000,false,true,answered,answered,6,8,slack-eng-relay-061 slack-eng-relay-062 slack-eng-relay-063,slack-eng-core-003 mtg-007,3,2,true,1168,493,1745,82,0,0,,0,stop,
20260904-101430-qwen-flash,1,qwen-flash,openai-compatible,qwen-flash,v1,c9ff11afc1436a70,dff88c3a4526f8e2,fa7f7600,16,q-current-halcyon-invoice,current,superseded unit format quoted_email,number,true,true,true,false,false,0.0000,false,true,answered,answered,3900,3900,slack-sales-001 doc-003 email-007,slack-eng-core-003 mtg-007,3,2,true,1186,462,1808,85,0,0,,0,stop,
20260904-101430-qwen-flash,1,qwen-flash,openai-compatible,qwen-flash,v1,c9ff11afc1436a70,dff88c3a4526f8e2,fa7f7600,16,q-current-halcyon-renewal,current,superseded,date,false,true,true,true,true,1.0000,false,true,answered,answered,2027-09-30,2027-10-31,slack-sales-044 slack-sales-045 slack-sales-046,slack-sales-044 slack-sales-045 slack-sales-046,3,3,true,1712,403,1815,142,0,0,,0,stop,
20260904-101430-qwen-flash,1,qwen-flash,openai-compatible,qwen-flash,v1,c9ff11afc1436a70,dff88c3a4526f8e2,fa7f7600,16,q-current-idle-timeout,current,superseded statement_shaped_question keyword format,number,true,true,true,true,true,1.0000,true,true,answered,answered,120,120,slack-eng-palisade-038 slack-eng-palisade-039 doc-058,slack-eng-palisade-038 slack-eng-palisade-039 doc-058,3,3,true,1284,540,1729,117,0,0,,0,stop,
20260904-101430-qwen-flash,1,qwen-flash,openai-compatible,qwen-flash,v1,c9ff11afc1436a70,dff88c3a4526f8e2,fa7f7600,16,q-current-kestrel-retention,current,superseded proposal retraction statement_shaped_question quoted_email,number,true,true,true,true,false,0.7500,false,true,answered,answered,180,180,email-004 slack-data-platform-001 slack-data-platform-002 slack-data-platform-012,slack-data-platform-001 slack-data-platform-003 slack-data-platform-004 slack-data-platform-005 slack-data-platform-012 email-004,3,3,true,1532,549,1820,140,0,384,,0,stop,
20260904-101430-qwen-flash,1,qwen-flash,openai-compatible,qwen-flash,v1,c9ff11afc1436a70,dff88c3a4526f8e2,fa7f7600,16,q-current-meridian-tier,current,superseded statement_shaped_question format retraction,string,true,true,true,true,false,0.5000,false,true,answered,answered,enterprise,enterprise,email-002 slack-support-001 slack-support-002 slack-support-021,slack-support-001 slack-sales-011 slack-support-002 slack-sales-048 slack-sales-049,3,3,true,1423,361,1573,122,0,384,,0,stop,
20260904-101430-qwen-flash,1,qwen-flash,openai-compatible,qwen-flash,v1,c9ff11afc1436a70,dff88c3a4526f8e2,fa7f7600,16,q-current-nightly-job,current,superseded timezone quoted_email,time,true,true,true,true,false,0.3333,false,true,answered,answered,01:30,01:30,slack-eng-relay-021 slack-eng-relay-022 slack-eng-relay-023,slack-eng-relay-023 slack-eng-relay-024 email-014,3,3,true,1383,566,1923,125,0,0,,0,stop,
20260904-101430-qwen-flash,1,qwen-flash,openai-compatible,qwen-flash,v1,c9ff11afc1436a70,dff88c3a4526f8e2,fa7f7600,16,q-current-northwind-onboarding,current,superseded planned_vs_done retraction statement_shaped_question,date,true,true,true,false,false,0.0000,false,true,answered,answered,2027-06-21,2027-06-21,email-012 slack-sales-004 slack-sales-005 slack-sales-039,slack-eng-core-003 mtg-007,3,2,true,1290,517,1754,91,0,0,,0,stop,
20260904-101430-qwen-flash,1,qwen-flash,openai-compatible,qwen-flash,v1,c9ff11afc1436a70,dff88c3a4526f8e2,fa7f7600,16,q-current-oncall-owner,current,superseded same_name retraction,string,false,true,true,false,false,0.0000,false,true,answered,answered,Priya Raman,Ravi Iyer,slack-infra-001 slack-infra-002 email-006,slack-infra-004 slack-infra-003,3,0,true,832,469,1680,40,0,384,,0,stop,
20260904-101430-qwen-flash,1,qwen-flash,openai-compatible,qwen-flash,v1,c9ff11afc1436a70,dff88c3a4526f8e2,fa7f7600,16,q-current-p99,current,superseded statement_shaped_question proposal quoted_email,number,false,true,true,false,false,0.3333,false,true,answered,answered,150,165,slack-eng-palisade-001 mtg-001 slack-eng-palisade-002,slack-eng-palisade-003 mtg-001,3,2,true,1172,632,1911,86,0,384,,0,stop,
20260904-101430-qwen-flash,1,qwen-flash,openai-compatible,qwen-flash,v1,c9ff11afc1436a70,dff88c3a4526f8e2,fa7f7600,16,q-current-page-delay,current,superseded keyword,number,true,true,true,false,false,0.6667,false,true,answered,answered,3,3,slack-incidents-032 slack-incidents-033 mtg-044,slack-incidents-001 slack-incidents-004 slack-incidents-032 mtg-044,3,4,true,1772,493,1853,140,0,384,,0,stop,
20260904-101430-qwen-flash,1,qwen-flash,openai-compatible,qwen-flash,v1,c9ff11afc1436a70,dff88c3a4526f8e2,fa7f7600,16,q-current-patch-sla,current,superseded statement_shaped_question scope,number,true,true,true,true,true,0.7500,true,true,answered,answered,3,3,doc-005 email-019 slack-security-007 slack-security-017,slack-security-007 doc-005 email-019,3,3,true,1444,470,1684,105,0,0,,0,stop,
20260904-101430-qwen-flash,1,qwen-flash,openai-compatible,qwen-flash,v1,c9ff11afc1436a70,dff88c3a4526f8e2,fa7f7600,16,q-current-premium-response,current,superseded scope format retraction quoted_email,number,false,true,true,false,false,0.6667,false,true,answered,answered,15,30,slack-support-008 doc-004 slack-support-009,slack-support-011 doc-004 slack-support-009 slack-support-012 doc-017,3,4,true,1761,456,1758,146,0,384,,0,stop,
20260904-101430-qwen-flash,1,qwen-flash,openai-compatible,qwen-flash,v1,c9ff11afc1436a70,dff88c3a4526f8e2,fa7f7600,16,q-current-ratelimit,current,superseded scope proposal,number,true,true,true,true,false,0.6667,false,true,answered,answered,1200,1200,slack-eng-palisade-008 doc-001 slack-eng-palisade-009,slack-eng-palisade-009 email-003 doc-001,3,3,true,1282,474,1962,117,0,384,,0,stop,
20260904-101430-qwen-flash,1,qwen-flash,openai-compatible,qwen-flash,v1,c9ff11afc1436a70,dff88c3a4526f8e2,fa7f7600,16,q-current-release-cadence,current,superseded retraction format,number,false,true,true,false,false,1.0000,false,true,answered,answered,3,2,slack-release-001 doc-002 slack-release-002,slack-release-003 slack-release-004 slack-release-001 slack-release-002 doc-002 slack-release-005 slack-release-014,3,4,true,1790,506,1717,158,0,0,,0,stop,
20260904-101430-qwen-flash,1,qwen-flash,openai-compatible,qwen-flash,v1,c9ff11afc1436a70,dff88c3a4526f8e2,fa7f7600,16,q-current-replay-batch,current,superseded proposal quoted_email scope,number,true,true,true,false,false,0.0000,false,true,answered,answered,250,250,slack-eng-relay-058 doc-059 slack-eng-relay-059,slack-eng-core-003 mtg-007,3,2,true,1332,506,1878,84,0,0,,0,stop,
20260904-101430-qwen-flash,1,qwen-flash,openai-compatible,qwen-flash,v1,c9ff11afc1436a70,dff88c3a4526f8e2,fa7f7600,16,q-current-report-day,current,superseded retraction format,string,true,true,true,true,true,1.0000,true,true,answered,answered,Thursday,Thursday,slack-support-041 slack-support-042 email-038,slack-support-041 slack-support-042 email-038,3,3,true,1280,527,1603,105,0,384,,0,stop,
20260904-101430-qwen-flash,1,qwen-flash,openai-compatible,qwen-flash,v1,c9ff11afc1436a70,dff88c3a4526f8e2,fa7f7600,16,q-current-sandbox-quota,current,superseded keyword unit,number,true,true,true,false,false,0.0000,false,true,answered,answered,50000,50000,slack-eng-palisade-044 slack-eng-palisade-045 slack-eng-palisade-046,slack-eng-palisade-048 mtg-007,3,2,true,1139,408,1882,88,0,0,,0,stop,
20260904-101430-qwen-flash,1,qwen-flash,openai-compatible,qwen-flash,v1,c9ff11afc1436a70,dff88c3a4526f8e2,fa7f7600,16,q-current-status-threshold,current,superseded statement_shaped_question format,number,true,true,true,true,true,1.0000,true,true,answered,answered,20,20,slack-incidents-001 slack-incidents-002 mtg-005,slack-incidents-001 slack-incidents-002 mtg-005,3,3,true,1368,430,1806,112,0,384,,0,stop,
20260904-101430-qwen-flash,1,qwen-flash,openai-compatible,qwen-flash,v1,c9ff11afc1436a70,dff88c3a4526f8e2,fa7f7600,16,q-current-store-shards,current,superseded proposal format,number,false,true,true,true,false,0.6667,false,true,answered,answered,16,12,slack-data-platform-026 slack-data-platform-027 doc-config-store-shards,slack-data-platform-027 slack-data-platform-028 doc-config-store-shards,3,3,true,1480,470,2072,110,0,384,,0,stop,
20260904-101430-qwen-flash,1,qwen-flash,openai-compatible,qwen-flash,v1,c9ff11afc1436a70,dff88c3a4526f8e2,fa7f7600,16,q-current-tanaka-contract,current,superseded retraction statement_shaped_question,date,true,true,true,true,false,0.4000,false,true,answered,answered,2028-09-30,2028-09-30,email-018 slack-general-036 slack-general-037 slack-sales-015 slack-sales-016,slack-sales-016 slack-sales-020 email-018 slack-sales-018 slack-sales-019,3,3,true,1649,388,1593,157,0,0,,0,stop,
20260904-101430-qwen-flash,1,qwen-flash,openai-compatible,qwen-flash,v1,c9ff11afc1436a70,dff88c3a4526f8e2,fa7f7600,16,q-current-tanaka-invoice-day,current,superseded statement_shaped_question,number,false,true,true,true,false,0.6667,false,true,answered,answered,3,5,slack-general-051 slack-general-052 slack-general-053,slack-general-052 slack-general-053 slack-general-054,3,3,true,1166,466,1618,106,0,384,,0,stop,
20260904-101430-qwen-flash,1,qwen-flash,openai-compatible,qwen-flash,v1,c9ff11afc1436a70,dff88c3a4526f8e2,fa7f7600,16,q-current-tls-window,current,superseded retraction statement_shaped_question,number,false,true,true,false,false,0.3333,false,true,answered,answered,45,14,slack-security-001 email-010 slack-security-002,slack-security-001 slack-security-007 slack-security-004 slack-security-006 slack-security-005,3,5,true,2237,484,1886,170,0,0,,0,stop,
20260904-101430-qwen-flash,1,qwen-flash,openai-compatible,qwen-flash,v1,c9ff11afc1436a70,dff88c3a4526f8e2,fa7f7600,16,q-current-training-owner,current,superseded keyword,string,false,true,true,false,false,0.3333,false,true,answered,answered,Nils Berg,Hannah Fischer,slack-security-025 slack-security-026 slack-security-027,slack-security-028 slack-security-026,3,2,true,1197,418,1862,85,0,384,,0,stop,
20260904-101430-qwen-flash,1,qwen-flash,openai-compatible,qwen-flash,v1,c9ff11afc1436a70,dff88c3a4526f8e2,fa7f7600,16,q-current-verity-seats,current,superseded proposal statement_shaped_question,number,true,true,true,true,false,0.7500,false,true,answered,answered,120,120,email-015 email-030 slack-sales-010 slack-sales-011,slack-sales-010 email-015 slack-sales-011 slack-sales-012,3,3,true,1368,520,1868,119,0,384,,0,stop,
20260904-101430-qwen-flash,1,qwen-flash,openai-compatible,qwen-flash,v1,c9ff11afc1436a70,dff88c3a4526f8e2,fa7f7600,16,q-exhaustive-affected-regions-apr,exhaustive,negation superseded,string[],true,true,false,,true,0.6667,true,true,answered,answered,"[""eu-west"",""us-east""]","[""eu-west"",""us-east""]",doc-055 slack-incidents-006 slack-incidents-013 slack-incidents-014 slack-incidents-015 slack-incidents-019,slack-incidents-006 slack-incidents-014 slack-incidents-015 doc-055,0,0,true,938,474,1769,58,0,0,,0,stop,
20260904-101430-qwen-flash,1,qwen-flash,openai-compatible,qwen-flash,v1,c9ff11afc1436a70,dff88c3a4526f8e2,fa7f7600,16,q-exhaustive-annex-differences,exhaustive,negation,string[],true,true,false,,false,1.0000,false,true,answered,answered,"[""sub-processor notice""]","[""sub-processor notice""]",slack-general-019 slack-general-020,slack-general-019 doc-023 slack-general-020 slack-general-028 slack-data-platform-014,0,0,true,923,394,1649,62,0,384,,0,stop,
20260904-101430-qwen-flash,1,qwen-flash,openai-compatible,qwen-flash,v1,c9ff11afc1436a70,dff88c3a4526f8e2,fa7f7600,16,q-exhaustive-audit-log-fields,exhaustive,negation,string[],true,true,false,,true,0.6667,true,true,answered,answered,"[""actor"",""action"",""resource""]","[""actor"",""action"",""resource""]",slack-eng-core-034 slack-eng-core-035 slack-eng-core-036,slack-eng-core-034 slack-eng-core-035,0,2,true,1204,464,1822,94,0,384,,0,stop,
20260904-101430-qwen-flash,1,qwen-flash,openai-compatible,qwen-flash,v1,c9ff11afc1436a70,dff88c3a4526f8e2,fa7f7600,16,q-exhaustive-badge-holders,exhaustive,same_name negation,string[],true,true,false,,false,1.0000,false,true,answered,answered,"[""Ravi Iyer"",""Diego Alvarez""]","[""Ravi Iyer"",""Diego Alvarez""]",doc-026 slack-infra-022 slack-infra-023 slack-infra-029,doc-026 slack-infra-023 slack-infra-028 slack-infra-029 slack-infra-014 slack-infra-022,0,0,true,1081,433,1685,79,0,384,,0,stop,
20260904-101430-qwen-flash,1,qwen-flash,openai-compatible,qwen-flash,v1,c9ff11afc1436a70,dff88c3a4526f8e2,fa7f7600,16,q-exhaustive-channels-monitored,exhaustive,negation,string[],true,true,false,,true,1.0000,true,true,answered,answered,"[""incidents"",""support""]","[""incidents"",""support""]",doc-044 slack-support-024 slack-support-025,slack-support-025 doc-044 slack-support-024,0,0,true,804,444,1640,46,0,384,,0,stop,
20260904-101430-qwen-flash,1,qwen-flash,openai-compatible,qwen-flash,v1,c9ff11afc1436a70,dff88c3a4526f8e2,fa7f7600,16,q-exhaustive-components-frozen,exhaustive,negation planned_vs_done,string[],true,true,false,,false,0.3333,false,true,answered,answered,"[""edge nodes"",""control plane"",""normalise stage""]","[""edge nodes"",""control plane"",""normalise stage""]",slack-release-008 slack-release-009 slack-release-010,slack-release-008 slack-eng-core-019 slack-eng-core-021 doc-024 doc-042 slack-eng-core-013 slack-eng-core-012 slack-eng-core-018,0,0,true,1108,366,1601,96,0,0,,0,stop,
20260904-101430-qwen-flash,1,qwen-flash,openai-compatible,qwen-flash,v1,c9ff11afc1436a70,dff88c3a4526f8e2,fa7f7600,16,q-exhaustive-customers-502,exhaustive,format,string[],true,true,false,,true,0.6000,true,true,answered,answered,"[""Meridian Logistics"",""Halcyon Media"",""Orso Retail""]","[""Meridian Logistics"",""Halcyon Media"",""Orso Retail""]",issue-wrn-4102 slack-support-026 slack-support-027 slack-support-028 slack-support-029,slack-support-026 slack-support-027 slack-support-028,0,0,true,935,448,1685,56,0,384,,0,stop,
20260904-101430-qwen-flash,1,qwen-flash,openai-compatible,qwen-flash,v1,c9ff11afc1436a70,dff88c3a4526f8e2,fa7f7600,16,q-exhaustive-dach-channels,exhaustive,negation format,string[],true,true,false,,false,1.0000,false,true,answered,answered,"[""dach"",""support""]","[""dach"",""support""]",slack-dach-013 slack-dach-014,slack-dach-013 slack-dach-005 slack-dach-014,0,0,true,824,522,1556,50,0,0,,0,stop,
20260904-101430-qwen-flash,1,qwen-flash,openai-compatible,qwen-flash,v1,c9ff11afc1436a70,dff88c3a4526f8e2,fa7f7600,16,q-exhaustive-dach-customers,exhaustive,format superseded,string[],true,true,false,,true,0.6667,true,true,answered,answered,"[""Orso Retail"",""Verity Insurance""]","[""Orso Retail"",""Verity Insurance""]",email-025 email-026 slack-dach-005,email-025 email-026,0,2,true,1114,360,1590,96,0,384,,0,stop,
20260904-101430-qwen-flash,1,qwen-flash,openai-compatible,qwen-flash,v1,c9ff11afc1436a70,dff88c3a4526f8e2,fa7f7600,16,q-exhaustive-deploy-teams,exhaustive,negation,string[],true,true,false,,false,0.5000,false,true,answered,answered,"[""the platform team"",""the relay team""]","[""platform team"",""relay team""]",slack-infra-053 slack-infra-054,slack-infra-053 doc-027 slack-infra-027,0,0,true,1005,451,1688,49,0,0,,0,stop,
20260904-101430-qwen-flash,1,qwen-flash,openai-compatible,qwen-flash,v1,c9ff11afc1436a70,dff88c3a4526f8e2,fa7f7600,16,q-exhaustive-enterprise-customers,exhaustive,negation superseded,string[],true,true,false,,false,0.5000,false,true,answered,answered,"[""Meridian Logistics""]","[""Meridian Logistics""]",slack-sales-048 slack-sales-049,slack-sales-049 slack-support-021,0,0,true,727,450,1739,37,0,384,,0,stop,
20260904-101430-qwen-flash,1,qwen-flash,openai-compatible,qwen-flash,v1,c9ff11afc1436a70,dff88c3a4526f8e2,fa7f7600,16,q-exhaustive-freeze-exempt,exhaustive,negation,string[],true,true,false,,true,0.6000,true,true,answered,answered,"[""security fixes"",""incident fixes""]","[""security fixes"",""incident fixes""]",doc-024 mtg-007 slack-eng-core-013 slack-eng-core-014 slack-eng-core-018,slack-eng-core-014 slack-eng-core-018 mtg-007,0,0,true,912,508,1709,50,0,0,,0,stop,
20260904-101430-qwen-flash,1,qwen-flash,openai-compatible,qwen-flash,v1,c9ff11afc1436a70,dff88c3a4526f8e2,fa7f7600,16,q-exhaustive-gateway-components,exhaustive,negation keyword,string[],true,true,false,,false,0.2500,false,true,answered,answered,"[""edge nodes"",""admin api"",""control plane""]","[""edge nodes"",""admin api"",""control plane""]",doc-013 doc-018 doc-025 doc-034 slack-eng-core-007 slack-eng-core-015 slack-eng-core-016 slack-eng-core-017,doc-013 slack-eng-core-009 slack-eng-core-016,0,0,true,892,490,1719,53,0,384,,0,stop,
20260904-101430-qwen-flash,1,qwen-flash,openai-compatible,qwen-flash,v1,c9ff11afc1436a70,dff88c3a4526f8e2,fa7f7600,16,q-exhaustive-german-invoicing,exhaustive,format negation,string[],true,true,false,,false,1.0000,false,true,answered,answered,"[""Germany"",""Austria""]","[""Germany"",""Austria""]",doc-035 slack-general-017 slack-general-018 slack-general-031,slack-general-017 doc-035 slack-general-031 slack-general-062 slack-general-018,0,0,true,1012,526,1654,62,0,384,,0,stop,
20260904-101430-qwen-flash,1,qwen-flash,openai-compatible,qwen-flash,v1,c9ff11afc1436a70,dff88c3a4526f8e2,fa7f7600,16,q-exhaustive-incident-numbers,exhaustive,keyword negation,string[],true,true,false,,true,0.6667,true,true,answered,answered,"[""INC-2027-009"",""INC-2027-014"",""INC-2027-021""]","[""INC-2027-009"",""INC-2027-014"",""INC-2027-021""]",slack-incidents-036 slack-incidents-037 slack-incidents-038,slack-incidents-037 slack-incidents-036,0,0,true,1238,538,1904,70,0,384,,0,stop,
20260904-101430-qwen-flash,1,qwen-flash,openai-compatible,qwen-flash,v1,c9ff11afc1436a70,dff88c3a4526f8e2,fa7f7600,16,q-exhaustive-incident-roles,exhaustive,negation,string[],true,true,false,,true,0.5000,true,true,answered,answered,"[""incident commander"",""scribe""]","[""incident commander"",""scribe""]",doc-007 slack-incidents-011 slack-incidents-012 slack-incidents-021,slack-incidents-011 doc-007,0,0,true,709,386,2042,39,0,0,,0,stop,
20260904-101430-qwen-flash,1,qwen-flash,openai-compatible,qwen-flash,v1,c9ff11afc1436a70,dff88c3a4526f8e2,fa7f7600,16,q-exhaustive-limiter-regions,exhaustive,superseded negation,string[],false,true,true,false,true,0.6667,false,true,answered,answered,"[""eu-west"",""ap-south""]","[""eu-west"",""us-east"",""ap-south""]",slack-eng-palisade-026 slack-eng-palisade-027 slack-eng-palisade-028,slack-eng-palisade-027 slack-eng-palisade-026,3,0,true,1102,526,2038,51,0,0,,0,stop,
20260904-101430-qwen-flash,1,qwen-flash,openai-compatible,qwen-flash,v1,c9ff11afc1436a70,dff88c3a4526f8e2,fa7f7600,16,q-exhaustive-maintenance-regions,exhaustive,timezone,string[],true,true,false,,true,1.0000,true,true,answered,answered,"[""eu-west"",""us-east"",""ap-south""]","[""eu-west"",""us-east"",""ap-south""]",slack-infra-040 slack-infra-041,slack-infra-040 slack-infra-041,0,0,true,777,390,1793,47,0,0,,0,stop,
20260904-101430-qwen-flash,1,qwen-flash,openai-compatible,qwen-flash,v1,c9ff11afc1436a70,dff88c3a4526f8e2,fa7f7600,16,q-exhaustive-negotiated-annex,exhaustive,negation,string[],true,true,false,,false,0.8571,false,true,answered,answered,"[""Tanaka Foods"",""Halcyon Media""]","[""Tanaka Foods"",""Halcyon Media""]",doc-022 slack-data-platform-017 slack-general-004 slack-general-007 slack-general-008 slack-general-009 slack-general-010,slack-general-004 slack-general-010 slack-general-008 slack-data-platform-017 slack-general-063 slack-general-009 slack-general-019 slack-general-007 slack-general-019 slack-general-009 slack-general-028 slack-general-020,0,0,true,1396,425,1639,124,0,0,,0,stop,
20260904-101430-qwen-flash,1,qwen-flash,openai-compatible,qwen-flash,v1,c9ff11afc1436a70,dff88c3a4526f8e2,fa7f7600,16,q-exhaustive-oncall-may,exhaustive,same_name,string[],true,true,false,,true,1.0000,true,true,answered,answered,"[""Ravi Iyer"",""Elena Sokolova"",""Ravi Menon""]","[""Ravi Iyer"",""Elena Sokolova"",""Ravi Menon""]",slack-infra-012 slack-infra-020 slack-infra-021,slack-infra-021 slack-infra-012 slack-infra-020,0,0,true,909,389,1990,62,0,384,,0,stop,
20260904-101430-qwen-flash,1,qwen-flash,openai-compatible,qwen-flash,v1,c9ff11afc1436a70,dff88c3a4526f8e2,fa7f7600,16,q-exhaustive-postmortems-written,exhaustive,,string[],true,true,false,,true,1.0000,true,true,answered,answered,"[""Priya Raman"",""Diego Alvarez"",""Elena Sokolova""]","[""Priya Raman"",""Diego Alvarez"",""Elena Sokolova""]",doc-028 doc-039 slack-incidents-016,slack-incidents-016 doc-039 doc-028,0,0,true,965,463,2147,57,0,384,,0,stop,
20260904-101430-qwen-flash,1,qwen-flash,openai-compatible,qwen-flash,v1,c9ff11afc1436a70,dff88c3a4526f8e2,fa7f7600,16,q-exhaustive-premium-customers,exhaustive,superseded,string[],true,true,false,,false,0.1667,false,true,answered,answered,"[""Orso Retail"",""Kestrel Health""]","[""Orso Retail"",""Kestrel Health""]",doc-016 slack-sales-025 slack-sales-029 slack-sales-030 slack-sales-031 slack-sales-035,slack-sales-031 slack-support-008,0,0,true,818,522,1744,43,0,384,,0,stop,
20260904-101430-qwen-flash,1,qwen-flash,openai-compatible,qwen-flash,v1,c9ff11afc1436a70,dff88c3a4526f8e2,fa7f7600,16,q-exhaustive-q1-purchase-orders,exhaustive,negation,string[],true,true,false,,false,0.6667,false,true,answered,answered,"[""PO-90114"",""PO-90115"",""PO-90117""]","[""PO-90114"",""PO-90115"",""PO-90117""]",slack-general-056 slack-general-057 slack-general-058,slack-general-056 slack-general-057 slack-general-014 slack-general-015,0,0,true,1069,523,1725,75,0,0,,0,stop,
20260904-101430-qwen-flash,1,qwen-flash,openai-compatible,qwen-flash,v1,c9ff11afc1436a70,dff88c3a4526f8e2,fa7f7600,16,q-exhaustive-regions-offered,exhaustive,proposal,string[],true,true,false,,true,1.0000,true,true,answered,answered,"[""eu-west"",""us-east"",""ap-south""]","[""eu-west"",""us-east"",""ap-south""]",doc-008 slack-data-platform-015 slack-data-platform-016,doc-008 slack-data-platform-015 slack-data-platform-016,0,0,true,963,482,1870,54,0,384,,0,stop,
20260904-101430-qwen-flash,1,qwen-flash,openai-compatible,qwen-flash,v1,c9ff11afc1436a70,dff88c3a4526f8e2,fa7f7600,16,q-exhaustive-relay-connectors,exhaustive,superseded negation,string[],true,true,false,,false,1.0000,false,true,answered,answered,"[""Kestrel Health"",""Orso Retail"",""Halcyon Media""]","[""Kestrel Health"",""Orso Retail"",""Halcyon Media""]",slack-eng-relay-066 slack-eng-relay-067 slack-eng-relay-068,slack-eng-relay-067 slack-eng-relay-066 slack-eng-relay-010 slack-eng-relay-068,0,0,true,1043,429,1678,73,0,384,,0,stop,
20260904-101430-qwen-flash,1,qwen-flash,openai-compatible,qwen-flash,v1,c9ff11afc1436a70,dff88c3a4526f8e2,fa7f7600,16,q-exhaustive-relay-stages,exhaustive,planned_vs_done,string[],true,true,false,,true,0.5000,true,true,answered,answered,"[""fetch"",""normalise"",""validate"",""load""]","[""fetch"",""normalise"",""validate"",""load""]",doc-010 slack-eng-relay-036 slack-eng-relay-037 slack-eng-relay-048,slack-eng-relay-037 doc-010,0,0,true,884,511,1711,46,0,384,,0,stop,
20260904-101430-qwen-flash,1,qwen-flash,openai-compatible,qwen-flash,v1,c9ff11afc1436a70,dff88c3a4526f8e2,fa7f7600,16,q-exhaustive-sandbox-regions,exhaustive,negation superseded,string[],true,true,false,,false,0.6667,false,true,answered,answered,"[""eu-west"",""us-east""]","[""eu-west"",""us-east""]",slack-infra-050 slack-infra-051 slack-infra-052,slack-infra-051 slack-infra-052 slack-eng-palisade-048,0,0,true,972,487,1738,53,0,0,,0,stop,
20260904-101430-qwen-flash,1,qwen-flash,openai-compatible,qwen-flash,v1,c9ff11afc1436a70,dff88c3a4526f8e2,fa7f7600,16,q-exhaustive-security-signoff,exhaustive,negation same_name,string[],true,true,false,,true,0.6667,true,true,answered,answered,"[""Yusuf Demir"",""Ingrid Halvorsen""]","[""Yusuf Demir"",""Ingrid Halvorsen""]",slack-security-030 slack-security-031 slack-security-032,slack-security-030 slack-security-031,0,2,true,1357,519,1559,105,0,384,,0,stop,
20260904-101430-qwen-flash,1,qwen-flash,openai-compatible,qwen-flash,v1,c9ff11afc1436a70,dff88c3a4526f8e2,fa7f7600,16,q-exhaustive-sub-processors,exhaustive,proposal,string[],true,true,false,,true,0.4000,true,true,answered,answered,"[""Nordhaven"",""Steinfeld"",""Lumen Mail""]","[""Nordhaven"",""Steinfeld"",""Lumen Mail""]",slack-general-011 slack-general-012 slack-general-013 slack-general-033 slack-general-039,slack-general-012 slack-general-039,0,0,true,832,456,1899,46,0,384,,0,stop,
20260904-101430-qwen-flash,1,qwen-flash,openai-compatible,qwen-flash,v1,c9ff11afc1436a70,dff88c3a4526f8e2,fa7f7600,16,q-exhaustive-tools-renewed,exhaustive,planned_vs_done,string[],true,true,false,,false,0.3333,false,true,answered,answered,"[""Tidemark"",""Beacon"",""Lantern""]","[""Tidemark"",""Beacon"",""Lantern""]",slack-general-014 slack-general-015 slack-general-016,slack-general-014 slack-general-057 slack-general-056,0,0,true,845,434,1703,54,0,384,,0,stop,
20260904-101430-qwen-flash,1,qwen-flash,openai-compatible,qwen-flash,v1,c9ff11afc1436a70,dff88c3a4526f8e2,fa7f7600,16,q-join-acceptance-port,join,scope,number,true,true,false,,false,0.5000,false,true,answered,answered,8445,8445,slack-release-021 doc-060,slack-release-021 doc-006,0,0,true,894,619,2102,37,0,384,,0,stop,
20260904-101430-qwen-flash,1,qwen-flash,openai-compatible,qwen-flash,v1,c9ff11afc1436a70,dff88c3a4526f8e2,fa7f7600,16,q-join-badge-holder,join,same_name,string,true,true,false,,false,0.7500,false,true,answered,answered,Ravi Iyer,Ravi Iyer,doc-026 slack-infra-015 slack-infra-022 slack-infra-029,doc-026 slack-infra-028 slack-infra-022 slack-infra-015,0,0,true,1056,543,1604,56,0,384,,0,stop,
20260904-101430-qwen-flash,1,qwen-flash,openai-compatible,qwen-flash,v1,c9ff11afc1436a70,dff88c3a4526f8e2,fa7f7600,16,q-join-beacon-po,join,unit,number,true,true,false,,true,0.5000,true,true,answered,answered,9600,9600,slack-general-060 email-039,email-039,0,1,true,1013,471,1799,53,0,384,,0,stop,
20260904-101430-qwen-flash,1,qwen-flash,openai-compatible,qwen-flash,v1,c9ff11afc1436a70,dff88c3a4526f8e2,fa7f7600,16,q-join-brightline-owner,join,same_name,string,true,true,false,,false,0.0000,false,true,answered,answered,Anna Brandt,Anna Brandt,issue-wrn-4815 slack-sales-050,5,0,0,true,602,379,1780,24,0,384,,0,stop,
20260904-101430-qwen-flash,1,qwen-flash,openai-compatible,qwen-flash,v1,c9ff11afc1436a70,dff88c3a4526f8e2,fa7f7600,16,q-join-brightline-renewal,join,,date,true,true,false,,true,1.0000,true,true,answered,answered,2027-11-30,2027-11-30,issue-wrn-4425 slack-sales-024,slack-sales-024 issue-wrn-4425,0,0,true,1249,845,1826,46,0,384,,0,stop,
20260904-101430-qwen-flash,1,qwen-flash,openai-compatible,qwen-flash,v1,c9ff11afc1436a70,dff88c3a4526f8e2,fa7f7600,16,q-join-component-team,join,,string,true,true,false,,false,0.5000,false,true,answered,answered,the relay team,the relay team,slack-eng-relay-029 doc-013,slack-eng-relay-031 doc-018 doc-013,0,0,true,819,509,1831,45,0,384,,0,stop,
20260904-101430-qwen-flash,1,qwen-flash,openai-compatible,qwen-flash,v1,c9ff11afc1436a70,dff88c3a4526f8e2,fa7f7600,16,q-join-contract-signer,join,,string,true,true,false,,true,0.5000,true,true,answered,answered,Ingrid Halvorsen,Ingrid Halvorsen,doc-012 slack-general-001,slack-general-001,0,0,true,752,395,1919,32,0,0,,0,stop,
20260904-101430-qwen-flash,1,qwen-flash,openai-compatible,qwen-flash,v1,c9ff11afc1436a70,dff88c3a4526f8e2,fa7f7600,16,q-join-dc-provider,join,,string,true,true,false,,false,0.5000,false,true,answered,answered,Nordhaven,Nordhaven,doc-014 slack-infra-011 slack-infra-013 slack-infra-014,slack-infra-013 doc-019 doc-014,0,0,true,1026,396,1603,44,0,384,,0,stop,
20260904-101430-qwen-flash,1,qwen-flash,openai-compatible,qwen-flash,v1,c9ff11afc1436a70,dff88c3a4526f8e2,fa7f7600,16,q-join-deploy-window,join,,string,true,true,false,,true,0.6667,true,true,answered,answered,Tuesday,Tuesday,doc-027 slack-eng-relay-030 slack-infra-027,slack-infra-027 doc-027,0,0,true,841,522,1581,35,0,0,,0,stop,
20260904-101430-qwen-flash,1,qwen-flash,openai-compatible,qwen-flash,v1,c9ff11afc1436a70,dff88c3a4526f8e2,fa7f7600,16,q-join-halcyon-owner,join,same_name,string,true,true,false,,true,1.0000,true,true,answered,answered,Anna Brandt,Anna Brandt,issue-wrn-4318 slack-sales-022,issue-wrn-4318 slack-sales-022,0,0,true,870,488,1777,39,0,384,,0,stop,
20260904-101430-qwen-flash,1,qwen-flash,openai-compatible,qwen-flash,v1,c9ff11afc1436a70,dff88c3a4526f8e2,fa7f7600,16,q-join-kestrel-region,join,,string,true,true,false,,true,1.0000,true,true,answered,answered,eu-west,eu-west,issue-wrn-4265 slack-data-platform-007 slack-data-platform-019,issue-wrn-4265 slack-data-platform-019 slack-data-platform-007,0,0,true,1275,903,1755,48,0,384,,0,stop,
20260904-101430-qwen-flash,1,qwen-flash,openai-compatible,qwen-flash,v1,c9ff11afc1436a70,dff88c3a4526f8e2,fa7f7600,16,q-join-lb-swap-utc,join,relative_date timezone,time,true,true,false,,true,1.0000,true,true,answered,answered,23:00,23:00,slack-infra-038 slack-infra-039,slack-infra-038 slack-infra-039,0,0,true,873,426,1890,41,0,384,,0,stop,
20260904-101430-qwen-flash,1,qwen-flash,openai-compatible,qwen-flash,v1,c9ff11afc1436a70,dff88c3a4526f8e2,fa7f7600,16,q-join-meridian-escalation,join,same_name,string,true,true,false,,false,1.0000,false,true,answered,answered,Ravi Menon,Ravi Menon,issue-wrn-4210 slack-support-016,slack-support-017 issue-wrn-4210 slack-support-016,0,0,true,1541,1188,1838,48,0,384,,0,stop,
20260904-101430-qwen-flash,1,qwen-flash,openai-compatible,qwen-flash,v1,c9ff11afc1436a70,dff88c3a4526f8e2,fa7f7600,16,q-join-northwind-audit,join,,date,true,true,false,,false,0.5000,false,true,answered,answered,2027-09-01,2027-09-01,issue-wrn-4501 doc-011,doc-011 slack-eng-core-008 slack-data-platform-011,0,0,true,1034,563,1725,53,0,384,,0,stop,
20260904-101430-qwen-flash,1,qwen-flash,openai-compatible,qwen-flash,v1,c9ff11afc1436a70,dff88c3a4526f8e2,fa7f7600,16,q-join-orso-tier,join,,string,true,true,false,,false,0.5000,false,true,answered,answered,premium,premium,issue-wrn-4533 slack-sales-025 slack-sales-029 slack-sales-030,slack-eng-relay-069 issue-wrn-4533 slack-sales-029 slack-sales-035 slack-sales-026,0,0,true,1065,468,1710,63,0,384,,0,stop,
20260904-101430-qwen-flash,1,qwen-flash,openai-compatible,qwen-flash,v1,c9ff11afc1436a70,dff88c3a4526f8e2,fa7f7600,16,q-join-pentest-landed,join,relative_date planned_vs_done,date,true,true,false,,true,0.5000,true,true,answered,answered,2027-03-25,2027-03-25,slack-sales-041 slack-sales-042,slack-sales-042,0,0,true,728,380,1731,36,0,0,,0,stop,
20260904-101430-qwen-flash,1,qwen-flash,openai-compatible,qwen-flash,v1,c9ff11afc1436a70,dff88c3a4526f8e2,fa7f7600,16,q-join-po-amount,join,unit,number,true,true,false,,false,0.5000,false,true,answered,answered,14400,14400,slack-general-002 email-024,email-024 slack-general-014,0,0,true,756,493,1951,38,0,384,,0,stop,
20260904-101430-qwen-flash,1,qwen-flash,openai-compatible,qwen-flash,v1,c9ff11afc1436a70,dff88c3a4526f8e2,fa7f7600,16,q-join-postmortem-author,join,,string,true,true,false,,false,1.0000,false,true,answered,answered,Diego Alvarez,Diego Alvarez,doc-028 doc-055 slack-incidents-008,doc-055 slack-incidents-014 slack-incidents-027 slack-incidents-008 slack-incidents-028 slack-incidents-015 slack-incidents-013 slack-incidents-019 slack-incidents-022 slack-incidents-017 slack-incidents-026 slack-incidents-010 slack-incidents-007 doc-028,0,0,true,4801,406,1791,143,0,0,,1,stop,
20260904-101430-qwen-flash,1,qwen-flash,openai-compatible,qwen-flash,v1,c9ff11afc1436a70,dff88c3a4526f8e2,fa7f7600,16,q-join-queue-owner,join,keyword,string,true,true,false,,true,1.0000,true,true,answered,answered,the relay team,the relay team,doc-013 doc-032 slack-eng-relay-031,slack-eng-relay-031 doc-013 doc-032,0,0,true,726,384,1925,45,0,384,,0,stop,
20260904-101430-qwen-flash,1,qwen-flash,openai-compatible,qwen-flash,v1,c9ff11afc1436a70,dff88c3a4526f8e2,fa7f7600,16,q-join-report-recipient,join,same_name,string,false,true,false,,false,0.5000,false,true,answered,answered,Ingrid Halvorsen,the VP of engineering,slack-support-045 slack-general-059,slack-support-045 slack-eng-relay-043,0,0,true,984,549,1605,40,0,384,,0,stop,
20260904-101430-qwen-flash,1,qwen-flash,openai-compatible,qwen-flash,v1,c9ff11afc1436a70,dff88c3a4526f8e2,fa7f7600,16,q-join-runbook-owner,join,keyword,string,true,true,false,,false,0.5000,false,true,answered,answered,Diego Alvarez,Diego Alvarez,slack-incidents-007 doc-015,doc-015 doc-009,0,0,true,854,505,1962,35,0,384,,0,stop,
20260904-101430-qwen-flash,1,qwen-flash,openai-compatible,qwen-flash,v1,c9ff11afc1436a70,dff88c3a4526f8e2,fa7f7600,16,q-join-shard-approver,join,same_name,string,false,true,false,,false,0.5000,false,true,answered,answered,Ravi Iyer,the infrastructure owner of the store,slack-data-platform-033 slack-data-platform-034,slack-data-platform-028 slack-data-platform-033,0,0,true,906,466,2117,42,0,384,,0,stop,
20260904-101430-qwen-flash,1,qwen-flash,openai-compatible,qwen-flash,v1,c9ff11afc1436a70,dff88c3a4526f8e2,fa7f7600,16,q-join-store-runbook,join,,string,true,true,false,,false,0.5000,false,true,answered,answered,Elena Sokolova,Elena Sokolova,slack-data-platform-031 slack-data-platform-032,slack-data-platform-032 doc-015,0,0,true,673,400,1987,39,0,0,,0,stop,
20260904-101430-qwen-flash,1,qwen-flash,openai-compatible,qwen-flash,v1,c9ff11afc1436a70,dff88c3a4526f8e2,fa7f7600,16,q-join-tanaka-language,join,negation,string,true,true,false,,false,0.5000,false,true,answered,answered,English,English,issue-wrn-4460 slack-support-018,slack-support-018 slack-support-048 doc-035 slack-general-065,0,0,true,790,397,1716,50,0,384,,0,stop,
20260904-101430-qwen-flash,1,qwen-flash,openai-compatible,qwen-flash,v1,c9ff11afc1436a70,dff88c3a4526f8e2,fa7f7600,16,q-join-thread-decision,join,keyword,string,true,true,false,,true,0.5000,true,true,answered,answered,Priya Raman,Priya Raman,slack-eng-core-005 slack-eng-core-006,slack-eng-core-006,0,0,true,718,370,1668,31,0,384,,0,stop,
20260904-101430-qwen-flash,1,qwen-flash,openai-compatible,qwen-flash,v1,c9ff11afc1436a70,dff88c3a4526f8e2,fa7f7600,16,q-join-training-language,join,format,string,true,true,false,,true,0.5000,true,true,answered,answered,German,German,slack-dach-015 slack-dach-016,slack-dach-016,0,0,true,664,519,1695,28,0,384,,0,stop,
20260904-101430-qwen-flash,1,qwen-flash,openai-compatible,qwen-flash,v1,c9ff11afc1436a70,dff88c3a4526f8e2,fa7f7600,16,q-join-training-owner,join,same_name,string,true,true,false,,false,0.5000,false,true,answered,answered,Ravi Menon,Ravi Menon,slack-support-020 doc-029,doc-053 slack-support-020 slack-security-028,0,0,true,840,491,1810,45,0,0,,0,stop,
20260904-101430-qwen-flash,1,qwen-flash,openai-compatible,qwen-flash,v1,c9ff11afc1436a70,dff88c3a4526f8e2,fa7f7600,16,q-join-vendor-renewal,join,,date,true,true,false,,true,0.5000,true,true,answered,answered,2027-12-01,2027-12-01,doc-030 doc-031,doc-031,0,0,true,683,366,1664,35,0,384,,0,stop,
20260904-101430-qwen-flash,1,qwen-flash,openai-compatible,qwen-flash,v1,c9ff11afc1436a70,dff88c3a4526f8e2,fa7f7600,16,q-join-verity-invoice,join,,string,true,true,false,,true,1.0000,true,true,answered,answered,PO-88214,PO-88214,issue-wrn-4390 email-023,email-023 issue-wrn-4390,0,0,true,1197,881,1826,42,0,0,,0,stop,
20260904-101430-qwen-flash,1,qwen-flash,openai-compatible,qwen-flash,v1,c9ff11afc1436a70,dff88c3a4526f8e2,fa7f7600,16,q-join-verity-region,join,keyword,string,true,true,false,,false,0.5000,false,true,answered,answered,us-east,us-east,issue-wrn-4802 slack-data-platform-030,issue-wrn-4802 slack-data-platform-011,0,0,true,878,504,1820,39,0,0,,0,stop,
20260904-101430-qwen-flash,1,qwen-flash,openai-compatible,qwen-flash,v1,c9ff11afc1436a70,dff88c3a4526f8e2,fa7f7600,16,q-lookup-41-shipped,lookup,planned_vs_done,date,true,true,false,,true,1.0000,true,true,answered,answered,2027-01-27,2027-01-27,slack-release-013,slack-release-013,0,0,true,688,384,1859,36,0,0,,0,stop,
20260904-101430-qwen-flash,1,qwen-flash,openai-compatible,qwen-flash,v1,c9ff11afc1436a70,dff88c3a4526f8e2,fa7f7600,16,q-lookup-4102-rate,lookup,keyword statement_shaped_question,number,true,true,false,,true,1.0000,true,true,answered,answered,3,3,issue-wrn-4102,issue-wrn-4102,0,0,true,799,473,1961,29,0,384,,0,stop,
20260904-101430-qwen-flash,1,qwen-flash,openai-compatible,qwen-flash,v1,c9ff11afc1436a70,dff88c3a4526f8e2,fa7f7600,16,q-lookup-admin-auth,lookup,negation proposal statement_shaped_question,string,true,true,false,,false,1.0000,false,true,answered,answered,mTLS client certificate,an mTLS client certificate,slack-eng-core-004,slack-eng-core-004 slack-eng-core-026,0,0,true,841,479,1885,41,0,0,,0,stop,
20260904-101430-qwen-flash,1,qwen-flash,openai-compatible,qwen-flash,v1,c9ff11afc1436a70,dff88c3a4526f8e2,fa7f7600,16,q-lookup-april-window,lookup,timezone,time,true,true,false,,true,1.0000,true,true,answered,answered,20:00,20:00,slack-infra-035,slack-infra-035,0,0,true,836,482,1792,32,0,0,,0,stop,
20260904-101430-qwen-flash,1,qwen-flash,openai-compatible,qwen-flash,v1,c9ff11afc1436a70,dff88c3a4526f8e2,fa7f7600,16,q-lookup-backfill-rate,lookup,chunk_split unit,number,true,true,false,,true,1.0000,true,true,answered,answered,200,200,doc-046,doc-046,0,0,true,740,536,2020,28,0,384,,0,stop,
20260904-101430-qwen-flash,1,qwen-flash,openai-compatible,qwen-flash,v1,c9ff11afc1436a70,dff88c3a4526f8e2,fa7f7600,16,q-lookup-bodysize,lookup,proposal unit statement_shaped_question,number,false,true,false,,false,0.0000,false,true,answered,answered,8,165,slack-eng-core-002,slack-eng-core-003 mtg-007,0,2,true,1267,492,1753,84,0,384,,0,stop,
20260904-101430-qwen-flash,1,qwen-flash,openai-compatible,qwen-flash,v1,c9ff11afc1436a70,dff88c3a4526f8e2,fa7f7600,16,q-lookup-breach-hours,lookup,chunk_split negation,number,true,true,false,,false,1.0000,false,true,answered,answered,72,72,doc-008,doc-008 slack-data-platform-014 slack-general-020 doc-023,0,0,true,917,473,1995,51,0,384,,0,stop,
20260904-101430-qwen-flash,1,qwen-flash,openai-compatible,qwen-flash,v1,c9ff11afc1436a70,dff88c3a4526f8e2,fa7f7600,16,q-lookup-build-owner,lookup,same_name retraction,string,true,true,false,,false,1.0000,false,true,answered,answered,Ravi Iyer,Ravi Iyer,slack-infra-007,slack-infra-007 slack-infra-044 slack-infra-045,0,0,true,852,523,1861,49,0,384,,0,stop,
20260904-101430-qwen-flash,1,qwen-flash,openai-compatible,qwen-flash,v1,c9ff11afc1436a70,dff88c3a4526f8e2,fa7f7600,16,q-lookup-credit-ceiling,lookup,chunk_split negation keyword format,number,true,true,false,,true,1.0000,true,true,answered,answered,500,500,doc-044,doc-044,0,0,true,741,506,1895,28,0,384,,0,stop,
20260904-101430-qwen-flash,1,qwen-flash,openai-compatible,qwen-flash,v1,c9ff11afc1436a70,dff88c3a4526f8e2,fa7f7600,16,q-lookup-dach-oncall,lookup,format quoted_email,string,true,true,false,,false,1.0000,false,true,answered,answered,Hannah Fischer,Hannah Fischer,slack-support-015,slack-support-015 email-036,0,0,true,692,388,1775,36,0,384,,0,stop,
20260904-101430-qwen-flash,1,qwen-flash,openai-compatible,qwen-flash,v1,c9ff11afc1436a70,dff88c3a4526f8e2,fa7f7600,16,q-lookup-deletion-days,lookup,chunk_split keyword,number,true,true,false,,false,0.0000,false,true,answered,answered,14,14,doc-008,slack-data-platform-023 mtg-007,0,2,true,1015,383,2114,81,0,384,,0,stop,
20260904-101430-qwen-flash,1,qwen-flash,openai-compatible,qwen-flash,v1,c9ff11afc1436a70,dff88c3a4526f8e2,fa7f7600,16,q-lookup-deploy-berlin,lookup,timezone,time,true,true,false,,false,1.0000,false,true,answered,answered,08:00,08:00,slack-eng-palisade-030,slack-eng-palisade-030 email-020,0,0,true,746,433,1958,41,0,0,,0,stop,
20260904-101430-qwen-flash,1,qwen-flash,openai-compatible,qwen-flash,v1,c9ff11afc1436a70,dff88c3a4526f8e2,fa7f7600,16,q-lookup-disclosure-mailbox,lookup,statement_shaped_question retraction,string,true,true,false,,true,1.0000,true,true,answered,answered,security-reports@wrenfield.example,security-reports@wrenfield.example,slack-security-011,slack-security-011,0,0,true,827,509,1791,34,0,384,,0,stop,
20260904-101430-qwen-flash,1,qwen-flash,openai-compatible,qwen-flash,v1,c9ff11afc1436a70,dff88c3a4526f8e2,fa7f7600,16,q-lookup-drain-timeout,lookup,chunk_split unit keyword,number,true,true,false,,true,1.0000,true,true,answered,answered,120,120,doc-009,doc-009,0,0,true,733,500,1818,28,0,0,,0,stop,
20260904-101430-qwen-flash,1,qwen-flash,openai-compatible,qwen-flash,v1,c9ff11afc1436a70,dff88c3a4526f8e2,fa7f7600,16,q-lookup-first-update,lookup,chunk_split keyword statement_shaped_question,number,true,true,false,,true,1.0000,true,true,answered,answered,20,20,doc-007,doc-007,0,0,true,659,385,1774,27,0,0,,0,stop,
20260904-101430-qwen-flash,1,qwen-flash,openai-compatible,qwen-flash,v1,c9ff11afc1436a70,dff88c3a4526f8e2,fa7f7600,16,q-lookup-freeze-start,lookup,format proposal,date,true,true,false,,false,1.0000,false,true,answered,answered,2027-07-19,2027-07-19,mtg-007,slack-eng-core-021 doc-024 doc-042 slack-eng-core-019 mtg-007,0,0,true,1080,521,1830,68,0,384,,0,stop,
20260904-101430-qwen-flash,1,qwen-flash,openai-compatible,qwen-flash,v1,c9ff11afc1436a70,dff88c3a4526f8e2,fa7f7600,16,q-lookup-ga-date,lookup,retraction planned_vs_done quoted_email,date,true,true,false,,false,1.0000,false,true,answered,answered,2027-05-18,2027-05-18,email-020,email-020 email-035 slack-eng-palisade-030,0,0,true,1009,568,1904,53,0,384,,0,stop,
20260904-101430-qwen-flash,1,qwen-flash,openai-compatible,qwen-flash,v1,c9ff11afc1436a70,dff88c3a4526f8e2,fa7f7600,16,q-lookup-healthpath,lookup,keyword statement_shaped_question proposal,string,true,true,false,,true,1.0000,true,true,answered,answered,/healthz/gateway,/healthz/gateway,slack-eng-palisade-024,slack-eng-palisade-024,0,0,true,660,585,1775,33,0,384,,0,stop,
20260904-101430-qwen-flash,1,qwen-flash,openai-compatible,qwen-flash,v1,c9ff11afc1436a70,dff88c3a4526f8e2,fa7f7600,16,q-lookup-incident-review,lookup,timezone format,time,true,true,false,,true,1.0000,true,true,answered,answered,14:30,14:30,mtg-009,mtg-009,0,0,true,796,527,2187,31,0,0,,0,stop,
20260904-101430-qwen-flash,1,qwen-flash,openai-compatible,qwen-flash,v1,c9ff11afc1436a70,dff88c3a4526f8e2,fa7f7600,16,q-lookup-ingest-timeout,lookup,unit proposal,number,false,true,false,,false,1.0000,false,true,answered,answered,90,120,slack-eng-relay-027,slack-eng-relay-027 slack-eng-relay-052,0,2,true,1059,652,1689,86,0,384,,0,stop,
20260904-101430-qwen-flash,1,qwen-flash,openai-compatible,qwen-flash,v1,c9ff11afc1436a70,dff88c3a4526f8e2,fa7f7600,16,q-lookup-legal-entity,lookup,quoted_email proposal,string,true,true,false,,true,1.0000,true,true,answered,answered,Wrenfield Technologies GmbH,Wrenfield Technologies GmbH,email-021,email-021,0,0,true,790,616,1863,30,0,384,,0,stop,
20260904-101430-qwen-flash,1,qwen-flash,openai-compatible,qwen-flash,v1,c9ff11afc1436a70,dff88c3a4526f8e2,fa7f7600,16,q-lookup-migration-done,lookup,planned_vs_done format,date,true,true,false,,true,1.0000,true,true,answered,answered,2027-04-16,2027-04-16,slack-infra-009 slack-infra-034,slack-infra-034 slack-infra-009,0,0,true,868,380,1824,46,0,384,,0,stop,
20260904-101430-qwen-flash,1,qwen-flash,openai-compatible,qwen-flash,v1,c9ff11afc1436a70,dff88c3a4526f8e2,fa7f7600,16,q-lookup-min-edge-nodes,lookup,chunk_split,number,true,true,false,,false,0.0000,false,true,answered,answered,4,4,doc-009,slack-infra-030 slack-infra-026,0,2,true,1060,524,1823,79,0,384,,0,stop,
20260904-101430-qwen-flash,1,qwen-flash,openai-compatible,qwen-flash,v1,c9ff11afc1436a70,dff88c3a4526f8e2,fa7f7600,16,q-lookup-old-cert-days,lookup,chunk_split proposal,number,true,true,false,,false,1.0000,false,true,answered,answered,30,30,doc-043,doc-043 mtg-008,0,1,true,907,546,2006,57,0,384,,0,stop,
20260904-101430-qwen-flash,1,qwen-flash,openai-compatible,qwen-flash,v1,c9ff11afc1436a70,dff88c3a4526f8e2,fa7f7600,16,q-lookup-orso-address,lookup,format keyword quoted_email,string,true,true,false,,false,1.0000,false,true,answered,answered,"Viale Monza 44, Mailand","Viale Monza 44, Mailand",slack-dach-003,slack-dach-003 email-034,0,0,true,1171,461,1662,44,0,384,,0,stop,
20260904-101430-qwen-flash,1,qwen-flash,openai-compatible,qwen-flash,v1,c9ff11afc1436a70,dff88c3a4526f8e2,fa7f7600,16,q-lookup-outage-unaffected,lookup,negation,string,true,true,false,,false,1.0000,false,true,answered,answered,ap-south,ap-south,slack-incidents-006,slack-incidents-006 slack-incidents-013 slack-incidents-015 slack-incidents-014 doc-055,0,0,true,1046,620,1652,64,0,0,,0,stop,
20260904-101430-qwen-flash,1,qwen-flash,openai-compatible,qwen-flash,v1,c9ff11afc1436a70,dff88c3a4526f8e2,fa7f7600,16,q-lookup-port,lookup,format scope retraction,number,true,true,false,,true,1.0000,true,true,answered,answered,8443,8443,doc-006,doc-006,0,0,true,639,391,1749,29,0,384,,0,stop,
20260904-101430-qwen-flash,1,qwen-flash,openai-compatible,qwen-flash,v1,c9ff11afc1436a70,dff88c3a4526f8e2,fa7f7600,16,q-lookup-relay-buffer,lookup,chunk_split same_name statement_shaped_question,number,true,true,false,,true,1.0000,true,true,answered,answered,50000,50000,doc-010,doc-010,0,0,true,927,497,1841,30,0,384,,0,stop,
20260904-101430-qwen-flash,1,qwen-flash,openai-compatible,qwen-flash,v1,c9ff11afc1436a70,dff88c3a4526f8e2,fa7f7600,16,q-lookup-relay-fetch,lookup,chunk_split,string,true,true,false,,true,1.0000,true,true,answered,answered,fetch,fetch,doc-010,doc-010,0,0,true,652,521,1786,26,0,0,,0,stop,
20260904-101430-qwen-flash,1,qwen-flash,openai-compatible,qwen-flash,v1,c9ff11afc1436a70,dff88c3a4526f8e2,fa7f7600,16,q-lookup-replicas,lookup,scope proposal,number,false,true,false,,false,0.0000,false,true,answered,answered,12,165,slack-infra-008,slack-eng-core-003 mtg-007,0,2,true,1087,398,1866,84,0,384,,0,stop,
20260904-101430-qwen-flash,1,qwen-flash,openai-compatible,qwen-flash,v1,c9ff11afc1436a70,dff88c3a4526f8e2,fa7f7600,16,q-lookup-review-finished,lookup,planned_vs_done quoted_email,date,true,true,false,,true,1.0000,true,true,answered,answered,2027-04-27,2027-04-27,email-029,email-029,0,0,true,734,402,1725,35,0,384,,0,stop,
20260904-101430-qwen-flash,1,qwen-flash,openai-compatible,qwen-flash,v1,c9ff11afc1436a70,dff88c3a4526f8e2,fa7f7600,16,q-lookup-rotation-window,lookup,chunk_split timezone,time,true,true,false,,false,1.0000,false,true,answered,answered,01:00,01:00,doc-043,doc-043 slack-infra-039 slack-infra-035,0,0,true,926,543,1928,48,0,0,,0,stop,
20260904-101430-qwen-flash,1,qwen-flash,openai-compatible,qwen-flash,v1,c9ff11afc1436a70,dff88c3a4526f8e2,fa7f7600,16,q-lookup-scribe,lookup,chunk_split keyword,number,true,true,false,,false,1.0000,false,true,answered,answered,30,30,doc-007,doc-007 slack-incidents-021 slack-incidents-011,0,0,true,882,516,1981,45,0,384,,0,stop,
20260904-101430-qwen-flash,1,qwen-flash,openai-compatible,qwen-flash,v1,c9ff11afc1436a70,dff88c3a4526f8e2,fa7f7600,16,q-lookup-soak-hours,lookup,chunk_split planned_vs_done statement_shaped_question,number,true,true,false,,true,1.0000,true,true,answered,answered,48,48,doc-045,doc-045,0,0,true,694,477,1675,27,0,384,,0,stop,
20260904-101430-qwen-flash,1,qwen-flash,openai-compatible,qwen-flash,v1,c9ff11afc1436a70,dff88c3a4526f8e2,fa7f7600,16,q-lookup-sync-time,lookup,timezone proposal statement_shaped_question,time,true,true,false,,false,1.0000,false,true,answered,answered,15:00,15:00,slack-eng-core-001,slack-eng-core-001 slack-eng-core-023,0,1,true,961,404,1895,66,0,384,,0,stop,
20260904-101430-qwen-flash,1,qwen-flash,openai-compatible,qwen-flash,v1,c9ff11afc1436a70,dff88c3a4526f8e2,fa7f7600,16,q-lookup-us-shift,lookup,timezone scope,time,true,true,false,,true,1.0000,true,true,answered,answered,09:00,09:00,slack-support-036,slack-support-036,0,0,true,706,462,1790,31,0,384,,0,stop,
20260904-101430-qwen-flash,1,qwen-flash,openai-compatible,qwen-flash,v1,c9ff11afc1436a70,dff88c3a4526f8e2,fa7f7600,16,q-lookup-verity-upgrade-date,lookup,quoted_email same_name,date,true,true,false,,false,1.0000,false,true,answered,answered,2027-04-13,2027-04-13,email-030,email-030 email-016,0,0,true,732,432,1876,42,0,0,,0,stop,
20260904-101430-qwen-flash,1,qwen-flash,openai-compatible,qwen-flash,v1,c9ff11afc1436a70,dff88c3a4526f8e2,fa7f7600,16,q-multihop-43-branch,multihop,relative_date quoted_email,date,false,true,false,,false,0.3333,false,true,answered,answered,2027-06-18,2027-06-07,email-032 email-033 slack-release-014,email-033 doc-045,0,0,true,782,516,2001,42,0,384,,0,stop,
20260904-101430-qwen-flash,1,qwen-flash,openai-compatible,qwen-flash,v1,c9ff11afc1436a70,dff88c3a4526f8e2,fa7f7600,16,q-multihop-apsouth-support,multihop,negation,string,true,true,false,,true,0.5000,true,true,answered,answered,the European shift,European shift,doc-019 doc-038 slack-support-022 slack-support-023,doc-019 doc-038,0,0,true,716,369,1854,34,0,384,,0,stop,
20260904-101430-qwen-flash,1,qwen-flash,openai-compatible,qwen-flash,v1,c9ff11afc1436a70,dff88c3a4526f8e2,fa7f7600,16,q-multihop-audit-log-retention,multihop,,number,true,true,false,,false,0.5000,false,true,answered,answered,180,180,slack-data-platform-002 slack-data-platform-011 slack-data-platform-012 slack-eng-core-008,slack-data-platform-001 slack-data-platform-002 email-004 slack-data-platform-012,0,3,true,1319,547,1790,122,0,0,,0,stop,
20260904-101430-qwen-flash,1,qwen-flash,openai-compatible,qwen-flash,v1,c9ff11afc1436a70,dff88c3a4526f8e2,fa7f7600,16,q-multihop-brightline-notice,multihop,,number,true,true,false,,false,0.7500,false,true,answered,answered,10,10,mtg-008 slack-security-013 slack-security-014 slack-security-018,slack-security-014 issue-wrn-4425 slack-security-018 doc-043 mtg-008,0,0,true,977,456,1884,61,0,384,,0,stop,
20260904-101430-qwen-flash,1,qwen-flash,openai-compatible,qwen-flash,v1,c9ff11afc1436a70,dff88c3a4526f8e2,fa7f7600,16,q-multihop-cert-provider-contact,multihop,keyword,string,true,true,false,,false,0.3333,false,true,answered,answered,Omar Haddad,Omar Haddad,slack-data-platform-010 slack-infra-013 slack-infra-014,slack-infra-004 slack-infra-014,0,0,true,720,401,1606,41,0,0,,0,stop,
20260904-101430-qwen-flash,1,qwen-flash,openai-compatible,qwen-flash,v1,c9ff11afc1436a70,dff88c3a4526f8e2,fa7f7600,16,q-multihop-connector-approval,multihop,superseded,string,true,true,false,,false,0.3333,false,true,answered,answered,Lukas Fenn,Lukas Fenn,slack-eng-relay-070 slack-eng-relay-071 slack-eng-relay-067,slack-eng-relay-071 doc-036 slack-eng-relay-034 slack-eng-relay-035 slack-eng-relay-033,0,0,true,1049,489,1907,70,0,384,,0,stop,
20260904-101430-qwen-flash,1,qwen-flash,openai-compatible,qwen-flash,v1,c9ff11afc1436a70,dff88c3a4526f8e2,fa7f7600,16,q-multihop-connector-notice,multihop,negation,number,true,true,false,,false,0.3333,false,true,answered,answered,60,60,slack-general-063 slack-general-064 slack-eng-relay-067,slack-general-063 doc-023,0,0,true,771,462,1677,35,0,384,,0,stop,
20260904-101430-qwen-flash,1,qwen-flash,openai-compatible,qwen-flash,v1,c9ff11afc1436a70,dff88c3a4526f8e2,fa7f7600,16,q-multihop-dach-invoice-language,multihop,format,string,true,true,false,,false,0.3333,false,true,answered,answered,Italian,Italian,slack-dach-004 slack-general-005 doc-035,slack-general-005 slack-general-061,0,0,true,912,473,1633,35,0,384,,0,stop,
20260904-101430-qwen-flash,1,qwen-flash,openai-compatible,qwen-flash,v1,c9ff11afc1436a70,dff88c3a4526f8e2,fa7f7600,16,q-multihop-escalation-ladder,multihop,,string,true,true,false,,false,0.3333,false,true,answered,answered,Tomas Ruiz,Tomas Ruiz,slack-incidents-009 slack-eng-core-009 doc-034,doc-034 slack-eng-core-010,0,0,true,613,369,1849,37,0,384,,0,stop,
20260904-101430-qwen-flash,1,qwen-flash,openai-compatible,qwen-flash,v1,c9ff11afc1436a70,dff88c3a4526f8e2,fa7f7600,16,q-multihop-freeze-exception,multihop,,string,true,true,false,,false,0.6667,false,true,answered,answered,Tomas Ruiz,Tomas Ruiz,slack-eng-core-007 doc-024 doc-025,slack-eng-core-007 doc-025 mtg-007,0,0,true,759,430,1771,45,0,384,,0,stop,
20260904-101430-qwen-flash,1,qwen-flash,openai-compatible,qwen-flash,v1,c9ff11afc1436a70,dff88c3a4526f8e2,fa7f7600,16,q-multihop-freeze-security,multihop,negation,boolean,true,true,false,,false,1.0000,false,true,answered,answered,false,false,doc-024 slack-eng-core-011 slack-eng-core-012 slack-eng-core-013 slack-eng-core-014 slack-eng-core-018 slack-eng-core-020 slack-security-015,slack-eng-core-013 doc-024 slack-eng-core-011 slack-eng-core-020 slack-eng-core-012 slack-security-015 doc-042 slack-eng-core-014 slack-eng-core-018,0,0,true,1332,468,1686,94,0,384,,0,stop,
20260904-101430-qwen-flash,1,qwen-flash,openai-compatible,qwen-flash,v1,c9ff11afc1436a70,dff88c3a4526f8e2,fa7f7600,16,q-multihop-gateway-cert-owner,multihop,keyword,string,true,true,false,,false,0.0000,false,true,answered,answered,the platform team,platform team,slack-incidents-010 slack-infra-016 slack-eng-core-010,slack-incidents-007 slack-eng-core-004 doc-009,0,0,true,750,428,1870,45,0,384,,0,stop,
20260904-101430-qwen-flash,1,qwen-flash,openai-compatible,qwen-flash,v1,c9ff11afc1436a70,dff88c3a4526f8e2,fa7f7600,16,q-multihop-halcyon-region-support,multihop,,string,false,true,false,,false,0.6667,false,true,answered,answered,US business hours,US hours,slack-data-platform-009 doc-019 slack-support-019,slack-data-platform-008 slack-data-platform-009 doc-019 doc-038,0,0,true,836,431,1701,52,0,384,,0,stop,
20260904-101430-qwen-flash,1,qwen-flash,openai-compatible,qwen-flash,v1,c9ff11afc1436a70,dff88c3a4526f8e2,fa7f7600,16,q-multihop-invoice-approver,multihop,,string,true,true,false,,true,1.0000,true,true,answered,answered,Marta Nowak,Marta Nowak,doc-020 doc-021 doc-037 slack-general-003,slack-general-003 doc-020 doc-021 doc-037,0,0,true,810,507,1981,51,0,384,,0,stop,
20260904-101430-qwen-flash,1,qwen-flash,openai-compatible,qwen-flash,v1,c9ff11afc1436a70,dff88c3a4526f8e2,fa7f7600,16,q-multihop-kestrel-breach-clock,multihop,scope,number,true,true,false,,true,0.4000,true,true,answered,answered,72,72,doc-008 slack-data-platform-013 slack-data-platform-014 slack-general-007 slack-general-020,slack-data-platform-013 doc-008,0,2,true,1167,474,1873,80,0,384,,0,stop,
20260904-101430-qwen-flash,1,qwen-flash,openai-compatible,qwen-flash,v1,c9ff11afc1436a70,dff88c3a4526f8e2,fa7f7600,16,q-multihop-kestrel-sla,multihop,,number,true,true,false,,false,0.2500,false,true,answered,answered,30,30,doc-016 doc-017 doc-033 slack-sales-026,doc-016 slack-support-013 email-013 slack-support-011 doc-004,0,2,true,1151,393,1860,101,0,384,,0,stop,
20260904-101430-qwen-flash,1,qwen-flash,openai-compatible,qwen-flash,v1,c9ff11afc1436a70,dff88c3a4526f8e2,fa7f7600,16,q-multihop-meridian-response,multihop,superseded,number,true,true,false,,false,0.2500,false,true,answered,answered,15,15,doc-017 doc-033 slack-sales-027 slack-support-021,slack-support-003 slack-sales-048 slack-support-021,0,2,true,1022,439,1728,89,0,0,,0,stop,
20260904-101430-qwen-flash,1,qwen-flash,openai-compatible,qwen-flash,v1,c9ff11afc1436a70,dff88c3a4526f8e2,fa7f7600,16,q-multihop-nordhaven-capacity,multihop,,number,false,true,false,,false,0.0000,false,true,answered,answered,4,6,doc-009 slack-infra-017 slack-infra-018 slack-infra-019 slack-infra-030,slack-infra-011 slack-infra-024,0,2,true,962,436,1727,79,0,384,,0,stop,
20260904-101430-qwen-flash,1,qwen-flash,openai-compatible,qwen-flash,v1,c9ff11afc1436a70,dff88c3a4526f8e2,fa7f7600,16,q-multihop-northwind-oncall,multihop,same_name,string,true,true,false,,false,0.0000,false,true,answered,answered,Ravi Iyer,Ravi Iyer,slack-eng-palisade-025 doc-018 slack-infra-012,slack-eng-core-007 doc-013,0,0,true,786,518,1905,38,0,0,,0,stop,
20260904-101430-qwen-flash,1,qwen-flash,openai-compatible,qwen-flash,v1,c9ff11afc1436a70,dff88c3a4526f8e2,fa7f7600,16,q-multihop-orso-invoice-language,multihop,negation format,string,true,true,false,,false,0.3333,false,true,answered,answered,Italian,Italian,slack-eng-relay-069 slack-general-061 slack-general-062,slack-eng-relay-069 slack-general-017 slack-general-065 slack-general-003,0,0,true,782,359,1699,53,0,384,,0,stop,
20260904-101430-qwen-flash,1,qwen-flash,openai-compatible,qwen-flash,v1,c9ff11afc1436a70,dff88c3a4526f8e2,fa7f7600,16,q-multihop-orso-replay,multihop,superseded,string,true,true,false,,false,0.5000,false,true,answered,answered,Lukas Fenn,Lukas Fenn,slack-eng-relay-033 slack-eng-relay-034 slack-eng-relay-035 slack-sales-029,slack-eng-relay-032 slack-eng-relay-034 slack-eng-relay-035 slack-eng-relay-071,0,0,true,1061,520,1892,63,0,384,,0,stop,
20260904-101430-qwen-flash,1,qwen-flash,openai-compatible,qwen-flash,v1,c9ff11afc1436a70,dff88c3a4526f8e2,fa7f7600,16,q-multihop-relay-maintenance,multihop,relative_date timezone,time,true,true,false,,true,0.3333,true,true,answered,answered,01:00,01:00,slack-eng-relay-049 slack-eng-relay-050 slack-eng-relay-051,slack-eng-relay-050,0,0,true,646,375,1805,33,0,0,,0,stop,
20260904-101430-qwen-flash,1,qwen-flash,openai-compatible,qwen-flash,v1,c9ff11afc1436a70,dff88c3a4526f8e2,fa7f7600,16,q-multihop-replay-approval,multihop,,string,false,true,false,,false,1.0000,false,true,answered,answered,Lukas Fenn,the relay tech lead,doc-036 slack-eng-relay-032 slack-eng-relay-033 slack-eng-relay-035,doc-036 slack-eng-relay-034 slack-eng-relay-041 slack-eng-relay-032 slack-eng-relay-035 slack-eng-relay-033,0,0,true,1024,401,1912,79,0,384,,0,stop,
20260904-101430-qwen-flash,1,qwen-flash,openai-compatible,qwen-flash,v1,c9ff11afc1436a70,dff88c3a4526f8e2,fa7f7600,16,q-multihop-report-language,multihop,format negation,string,true,true,false,,true,0.3333,true,true,answered,answered,English,English,slack-support-048 slack-support-045 slack-general-059,slack-support-048,0,0,true,618,405,1727,27,0,0,,0,stop,
20260904-101430-qwen-flash,1,qwen-flash,openai-compatible,qwen-flash,v1,c9ff11afc1436a70,dff88c3a4526f8e2,fa7f7600,16,q-multihop-sandbox-quota-region,multihop,negation,string[],true,true,false,,false,0.6667,false,true,answered,answered,"[""eu-west"",""us-east""]","[""eu-west"",""us-east""]",slack-eng-palisade-050 slack-infra-051 slack-infra-052,slack-infra-051 slack-infra-052 slack-eng-palisade-010,0,0,true,997,473,1747,53,0,384,,0,stop,
20260904-101430-qwen-flash,1,qwen-flash,openai-compatible,qwen-flash,v1,c9ff11afc1436a70,dff88c3a4526f8e2,fa7f7600,16,q-multihop-shard-page,multihop,same_name keyword,string,true,true,false,,false,0.3333,false,true,answered,answered,Ravi Iyer,Ravi Iyer,slack-infra-055 slack-data-platform-033 slack-data-platform-034,slack-data-platform-034 slack-data-platform-028,0,0,true,874,470,1857,40,0,384,,0,stop,
20260904-101430-qwen-flash,1,qwen-flash,openai-compatible,qwen-flash,v1,c9ff11afc1436a70,dff88c3a4526f8e2,fa7f7600,16,q-multihop-tanaka-notice,multihop,scope,number,true,true,false,,false,0.8000,false,true,answered,answered,60,60,doc-022 doc-023 slack-general-004 slack-general-019 slack-general-028,doc-022 slack-general-064 slack-general-004 slack-general-063 slack-general-019 doc-023,0,0,true,901,544,1772,66,0,0,,0,stop,
20260904-101430-qwen-flash,1,qwen-flash,openai-compatible,qwen-flash,v1,c9ff11afc1436a70,dff88c3a4526f8e2,fa7f7600,16,q-multihop-training-signoff,multihop,same_name keyword,string,false,true,false,,false,0.3333,false,true,answered,answered,Yusuf Demir,the security engineer,slack-security-033 slack-security-034 slack-security-031,slack-security-033 slack-security-010,0,0,true,696,363,1698,37,0,384,,0,stop,
20260904-101430-qwen-flash,1,qwen-flash,openai-compatible,qwen-flash,v1,c9ff11afc1436a70,dff88c3a4526f8e2,fa7f7600,16,q-multihop-verity-approver-chain,multihop,unit,string,true,true,false,,true,0.5000,true,true,answered,answered,Marta Nowak,Marta Nowak,doc-021 doc-037 slack-general-006 slack-sales-028,doc-021 doc-037,0,0,true,793,492,2052,36,0,384,,0,stop,
20260904-101430-qwen-flash,1,qwen-flash,openai-compatible,qwen-flash,v1,c9ff11afc1436a70,dff88c3a4526f8e2,fa7f7600,16,q-multihop-verity-shift,multihop,negation,string,false,true,false,,false,0.0000,false,true,answered,answered,the US shift,European shift,slack-support-046 slack-support-047 slack-data-platform-030,slack-support-022 doc-038,0,0,true,767,500,1652,35,0,384,,0,stop,
20260904-101430-qwen-flash,1,qwen-flash,openai-compatible,qwen-flash,v1,c9ff11afc1436a70,dff88c3a4526f8e2,fa7f7600,16,q-rule-apsouth-floor,rule,,boolean,true,true,false,,false,0.6000,false,true,answered,answered,false,false,slack-infra-019 slack-infra-026 slack-infra-030 slack-infra-031 slack-infra-037,slack-infra-026 slack-infra-031 slack-infra-037 doc-057,0,0,true,778,549,1772,52,0,384,,0,stop,
20260904-101430-qwen-flash,1,qwen-flash,openai-compatible,qwen-flash,v1,c9ff11afc1436a70,dff88c3a4526f8e2,fa7f7600,16,q-rule-apsouth-node-added,rule,planned_vs_done,boolean,true,true,false,,true,1.0000,true,true,answered,answered,false,false,slack-infra-037,slack-infra-037,0,0,true,789,485,1699,27,0,384,,0,stop,
20260904-101430-qwen-flash,1,qwen-flash,openai-compatible,qwen-flash,v1,c9ff11afc1436a70,dff88c3a4526f8e2,fa7f7600,16,q-rule-backfill-notice,rule,chunk_split relative_date,number,true,true,false,,true,1.0000,true,true,answered,answered,3,3,doc-046,doc-046,0,0,true,739,500,1840,26,0,384,,0,stop,
20260904-101430-qwen-flash,1,qwen-flash,openai-compatible,qwen-flash,v1,c9ff11afc1436a70,dff88c3a4526f8e2,fa7f7600,16,q-rule-badge-rule,rule,same_name,boolean,true,true,false,,true,0.8000,true,true,answered,answered,false,false,doc-026 slack-infra-022 slack-infra-023 slack-infra-028 slack-infra-029,slack-infra-029 doc-026 slack-infra-028 slack-infra-023,0,0,true,804,486,1612,52,0,0,,0,stop,
20260904-101430-qwen-flash,1,qwen-flash,openai-compatible,qwen-flash,v1,c9ff11afc1436a70,dff88c3a4526f8e2,fa7f7600,16,q-rule-band-large,rule,unit,string,true,true,false,,true,0.6000,true,true,answered,answered,Ingrid Halvorsen,Ingrid Halvorsen,doc-021 doc-037 slack-general-006 slack-general-034 slack-general-035,doc-021 slack-general-034 slack-general-035,0,0,true,814,600,2032,47,0,384,,0,stop,
20260904-101430-qwen-flash,1,qwen-flash,openai-compatible,qwen-flash,v1,c9ff11afc1436a70,dff88c3a4526f8e2,fa7f7600,16,q-rule-certificate-notice-rule,rule,scope,number,true,true,false,,false,0.5000,false,true,answered,answered,0,0,slack-security-018 slack-security-019,slack-security-018 doc-043 slack-data-platform-014,0,0,true,770,395,1925,43,0,384,,0,stop,
20260904-101430-qwen-flash,1,qwen-flash,openai-compatible,qwen-flash,v1,c9ff11afc1436a70,dff88c3a4526f8e2,fa7f7600,16,q-rule-connector-replay-lead,rule,scope,boolean,true,true,false,,false,0.5000,false,true,answered,answered,true,true,slack-eng-relay-067 slack-eng-relay-071,slack-eng-relay-071 slack-eng-relay-070,0,0,true,795,502,1910,38,0,384,,0,stop,
20260904-101430-qwen-flash,1,qwen-flash,openai-compatible,qwen-flash,v1,c9ff11afc1436a70,dff88c3a4526f8e2,fa7f7600,16,q-rule-credit-alone,rule,chunk_split unit,boolean,true,true,false,,true,1.0000,true,true,answered,answered,true,true,doc-044,doc-044,0,0,true,754,486,1766,25,0,384,,0,stop,
20260904-101430-qwen-flash,1,qwen-flash,openai-compatible,qwen-flash,v1,c9ff11afc1436a70,dff88c3a4526f8e2,fa7f7600,16,q-rule-credit-approval,rule,unit,string,true,true,false,,false,1.0000,false,true,answered,answered,Marta Nowak,Marta Nowak,slack-general-029 slack-general-030,slack-general-022 slack-general-029 slack-general-030,0,0,true,864,520,1864,46,0,0,,0,stop,
20260904-101430-qwen-flash,1,qwen-flash,openai-compatible,qwen-flash,v1,c9ff11afc1436a70,dff88c3a4526f8e2,fa7f7600,16,q-rule-deploy-tuesday,rule,,boolean,true,true,false,,true,0.6667,true,true,answered,answered,false,false,doc-027 slack-eng-relay-042 slack-infra-027,slack-eng-relay-042 slack-infra-027,0,0,true,699,383,1706,37,0,0,,0,stop,
20260904-101430-qwen-flash,1,qwen-flash,openai-compatible,qwen-flash,v1,c9ff11afc1436a70,dff88c3a4526f8e2,fa7f7600,16,q-rule-digest-line,rule,,boolean,true,true,false,,false,0.5000,false,true,answered,answered,false,false,slack-incidents-024 slack-incidents-025,slack-incidents-024 doc-040 doc-007 doc-041,0,0,true,888,593,2027,48,0,0,,0,stop,
20260904-101430-qwen-flash,1,qwen-flash,openai-compatible,qwen-flash,v1,c9ff11afc1436a70,dff88c3a4526f8e2,fa7f7600,16,q-rule-escalation-vp,rule,negation,boolean,true,true,false,,false,0.6667,false,true,answered,answered,false,false,slack-eng-relay-043 slack-incidents-009 slack-incidents-023,doc-007 slack-incidents-023 slack-incidents-009,0,0,true,784,398,1895,43,0,0,,0,stop,
20260904-101430-qwen-flash,1,qwen-flash,openai-compatible,qwen-flash,v1,c9ff11afc1436a70,dff88c3a4526f8e2,fa7f7600,16,q-rule-eu-support-access,rule,negation,boolean,true,true,false,,false,0.5000,false,true,answered,answered,false,false,slack-data-platform-018 slack-data-platform-019,doc-008 slack-data-platform-018,0,0,true,746,501,1974,34,0,0,,0,stop,
20260904-101430-qwen-flash,1,qwen-flash,openai-compatible,qwen-flash,v1,c9ff11afc1436a70,dff88c3a4526f8e2,fa7f7600,16,q-rule-freeze-merge,rule,,boolean,true,true,false,,true,0.5000,true,true,answered,answered,true,true,doc-024 doc-042 slack-eng-core-011 slack-eng-core-013 slack-eng-core-014 slack-eng-core-018,doc-024 doc-042 slack-eng-core-014,0,0,true,795,446,1669,41,0,384,,0,stop,
20260904-101430-qwen-flash,1,qwen-flash,openai-compatible,qwen-flash,v1,c9ff11afc1436a70,dff88c3a4526f8e2,fa7f7600,16,q-rule-freeze-security-merge,rule,,boolean,true,true,false,,true,0.3750,true,true,answered,answered,true,true,doc-024 doc-042 slack-eng-core-012 slack-eng-core-013 slack-eng-core-014 slack-eng-core-018 slack-eng-core-019 slack-eng-core-020,doc-024 slack-eng-core-018 slack-eng-core-014,0,0,true,852,496,1674,43,0,0,,0,stop,
20260904-101430-qwen-flash,1,qwen-flash,openai-compatible,qwen-flash,v1,c9ff11afc1436a70,dff88c3a4526f8e2,fa7f7600,16,q-rule-invoice-language-rule,rule,negation,string,true,true,false,,true,0.5000,true,true,answered,answered,English,English,doc-035 slack-general-017 slack-general-031 slack-sales-036,slack-sales-036 doc-035,0,0,true,885,483,1584,34,0,384,,0,stop,
20260904-101430-qwen-flash,1,qwen-flash,openai-compatible,qwen-flash,v1,c9ff11afc1436a70,dff88c3a4526f8e2,fa7f7600,16,q-rule-invoice-language-tanaka,rule,negation keyword,string,true,true,false,,false,0.5000,false,true,answered,answered,English,English,slack-general-065 slack-general-062,slack-general-065 slack-support-018 doc-035 slack-general-052 slack-general-004,0,0,true,944,374,1605,58,0,384,,0,stop,
20260904-101430-qwen-flash,1,qwen-flash,openai-compatible,qwen-flash,v1,c9ff11afc1436a70,dff88c3a4526f8e2,fa7f7600,16,q-rule-kowalski-signoff,rule,same_name negation,boolean,false,true,false,,false,1.0000,false,true,answered,answered,false,true,slack-security-031 slack-security-032,slack-security-032 slack-security-031 slack-security-028,0,0,true,747,411,1645,42,0,384,,0,stop,
20260904-101430-qwen-flash,1,qwen-flash,openai-compatible,qwen-flash,v1,c9ff11afc1436a70,dff88c3a4526f8e2,fa7f7600,16,q-rule-notice-tanaka,rule,scope,number,true,true,false,,false,0.6000,false,true,answered,answered,60,60,doc-023 slack-data-platform-017 slack-general-008 slack-general-019 slack-general-028,slack-general-008 slack-data-platform-017 doc-023 slack-general-063,0,0,true,831,458,1648,52,0,0,,0,stop,
20260904-101430-qwen-flash,1,qwen-flash,openai-compatible,qwen-flash,v1,c9ff11afc1436a70,dff88c3a4526f8e2,fa7f7600,16,q-rule-objection-window,rule,,date,true,true,false,,true,0.4000,true,true,answered,answered,2027-03-13,2027-03-13,slack-general-012 slack-general-032 slack-general-033 slack-general-038 slack-general-039,slack-general-032 slack-general-033,0,0,true,880,460,1704,44,0,384,,0,stop,
20260904-101430-qwen-flash,1,qwen-flash,openai-compatible,qwen-flash,v1,c9ff11afc1436a70,dff88c3a4526f8e2,fa7f7600,16,q-rule-patch-due,rule,superseded,date,true,true,false,,false,1.0000,false,true,answered,answered,2027-06-18,2027-06-18,slack-security-016 slack-security-017,slack-security-016 slack-security-017 email-019,0,0,true,807,413,1764,51,0,384,,0,stop,
20260904-101430-qwen-flash,1,qwen-flash,openai-compatible,qwen-flash,v1,c9ff11afc1436a70,dff88c3a4526f8e2,fa7f7600,16,q-rule-postmortem-not-required,rule,negation,boolean,false,true,false,,false,0.5000,false,true,answered,answered,false,true,doc-040 doc-041 slack-incidents-018 slack-incidents-020,slack-incidents-020 doc-039 doc-040 doc-055,0,0,true,869,456,2069,48,0,384,,0,stop,
20260904-101430-qwen-flash,1,qwen-flash,openai-compatible,qwen-flash,v1,c9ff11afc1436a70,dff88c3a4526f8e2,fa7f7600,16,q-rule-postmortem-required,rule,,boolean,true,true,false,,false,0.3333,false,true,answered,answered,true,true,doc-040 slack-incidents-017 slack-incidents-019,doc-055 doc-040,0,0,true,573,415,1747,32,0,384,,0,stop,
20260904-101430-qwen-flash,1,qwen-flash,openai-compatible,qwen-flash,v1,c9ff11afc1436a70,dff88c3a4526f8e2,fa7f7600,16,q-rule-replay-needs-lead,rule,,boolean,true,true,false,,false,0.5000,false,true,answered,answered,true,true,doc-036 slack-eng-relay-034 slack-eng-relay-041 slack-sales-035,slack-eng-relay-071 doc-036 slack-sales-035,0,0,true,888,464,1911,43,0,0,,0,stop,
20260904-101430-qwen-flash,1,qwen-flash,openai-compatible,qwen-flash,v1,c9ff11afc1436a70,dff88c3a4526f8e2,fa7f7600,16,q-rule-retention-backups,rule,negation,boolean,true,true,false,,false,1.0000,false,true,answered,answered,false,false,slack-data-platform-020 slack-data-platform-021,slack-data-platform-021 slack-data-platform-020 doc-056 doc-008 doc-023,0,0,true,931,520,2037,57,0,384,,0,stop,
20260904-101430-qwen-flash,1,qwen-flash,openai-compatible,qwen-flash,v1,c9ff11afc1436a70,dff88c3a4526f8e2,fa7f7600,16,q-rule-sandbox-apsouth,rule,negation,boolean,true,true,false,,false,1.0000,false,true,answered,answered,false,false,slack-infra-056 slack-infra-052,slack-infra-052 slack-infra-056 slack-infra-051 slack-infra-050 slack-infra-026 slack-infra-031,0,0,true,990,447,1666,72,0,0,,0,stop,
20260904-101430-qwen-flash,1,qwen-flash,openai-compatible,qwen-flash,v1,c9ff11afc1436a70,dff88c3a4526f8e2,fa7f7600,16,q-rule-scribe-needed,rule,,boolean,true,true,false,,false,0.3333,false,true,answered,answered,true,true,doc-055 slack-incidents-008 slack-incidents-017 slack-incidents-019 slack-incidents-021 slack-incidents-022,slack-incidents-011 slack-incidents-021 doc-055,0,0,true,737,358,1712,43,0,384,,0,stop,
20260904-101430-qwen-flash,1,qwen-flash,openai-compatible,qwen-flash,v1,c9ff11afc1436a70,dff88c3a4526f8e2,fa7f7600,16,q-rule-shard-selfapprove,rule,same_name,boolean,true,true,false,,false,1.0000,false,true,answered,answered,false,false,slack-data-platform-033 slack-data-platform-034,slack-data-platform-033 slack-data-platform-026 doc-config-store-shards slack-data-platform-027 slack-data-platform-034,0,0,true,996,471,1870,61,0,384,,0,stop,
20260904-101430-qwen-flash,1,qwen-flash,openai-compatible,qwen-flash,v1,c9ff11afc1436a70,dff88c3a4526f8e2,fa7f7600,16,q-rule-shortened-soak,rule,chunk_split negation,boolean,true,true,false,,false,1.0000,false,true,answered,answered,false,false,doc-045,doc-045 slack-release-018,0,0,true,735,522,1927,33,0,384,,0,stop,
20260904-101430-qwen-flash,1,qwen-flash,openai-compatible,qwen-flash,v1,c9ff11afc1436a70,dff88c3a4526f8e2,fa7f7600,16,q-rule-support-deploy,rule,negation keyword,boolean,true,true,false,,false,0.5000,false,true,answered,answered,false,false,slack-infra-057 slack-infra-054,doc-027 slack-infra-057,0,0,true,891,523,1888,34,0,384,,0,stop,
20260904-101430-qwen-flash,1,qwen-flash,openai-compatible,qwen-flash,v1,c9ff11afc1436a70,dff88c3a4526f8e2,fa7f7600,16,q-temporal-audit-in-two-weeks,temporal,relative_date,date,false,true,false,,false,0.0000,false,true,answered,answered,2027-03-22,2027-04-16,slack-sales-037,slack-sales-038 email-028,0,2,true,1250,553,1748,103,0,384,,0,stop,
20260904-101430-qwen-flash,1,qwen-flash,openai-compatible,qwen-flash,v1,c9ff11afc1436a70,dff88c3a4526f8e2,fa7f7600,16,q-temporal-backfill-start,temporal,relative_date,date,true,true,false,,true,1.0000,true,true,answered,answered,2027-05-25,2027-05-25,slack-data-platform-022,slack-data-platform-022,0,0,true,781,428,1953,37,0,384,,0,stop,
20260904-101430-qwen-flash,1,qwen-flash,openai-compatible,qwen-flash,v1,c9ff11afc1436a70,dff88c3a4526f8e2,fa7f7600,16,q-temporal-batch,temporal,superseded proposal,number,false,true,false,,false,1.0000,false,true,answered,answered,3,5,slack-eng-relay-001 slack-eng-relay-002 doc-config-batch slack-eng-relay-003,slack-eng-relay-001 slack-eng-relay-002 slack-eng-relay-003 doc-config-batch slack-eng-relay-006,0,5,true,1923,526,1881,184,0,0,,0,stop,
20260904-101430-qwen-flash,1,qwen-flash,openai-compatible,qwen-flash,v1,c9ff11afc1436a70,dff88c3a4526f8e2,fa7f7600,16,q-temporal-branch-cut,temporal,relative_date,date,false,true,false,,false,1.0000,false,true,answered,answered,2027-04-12,2027-04-11,slack-release-011,slack-release-011 doc-045,0,0,true,697,389,1999,43,0,384,,0,stop,
20260904-101430-qwen-flash,1,qwen-flash,openai-compatible,qwen-flash,v1,c9ff11afc1436a70,dff88c3a4526f8e2,fa7f7600,16,q-temporal-close-date,temporal,relative_date,date,true,true,false,,true,1.0000,true,true,answered,answered,2027-06-30,2027-06-30,email-027,email-027,0,0,true,800,597,1905,35,0,384,,0,stop,
20260904-101430-qwen-flash,1,qwen-flash,openai-compatible,qwen-flash,v1,c9ff11afc1436a70,dff88c3a4526f8e2,fa7f7600,16,q-temporal-contract-length,temporal,superseded,number,false,true,false,,false,0.2500,false,true,answered,answered,183,184,email-018 slack-general-036 slack-general-037 slack-sales-015,slack-sales-016 email-018,0,2,true,1026,372,1624,82,0,0,,0,stop,
20260904-101430-qwen-flash,1,qwen-flash,openai-compatible,qwen-flash,v1,c9ff11afc1436a70,dff88c3a4526f8e2,fa7f7600,16,q-temporal-cutover-next-tuesday,temporal,relative_date,date,false,true,false,,false,0.0000,false,true,answered,answered,2027-02-16,2027-04-12,slack-infra-032,slack-infra-038,0,0,true,780,403,1834,37,0,384,,0,stop,
20260904-101430-qwen-flash,1,qwen-flash,openai-compatible,qwen-flash,v1,c9ff11afc1436a70,dff88c3a4526f8e2,fa7f7600,16,q-temporal-days-to-onboarding,temporal,relative_date superseded,number,false,true,false,,false,0.0000,false,true,answered,answered,91,52,email-012 slack-sales-038 slack-sales-039,slack-sales-006 slack-sales-008,0,1,true,1049,527,1731,58,0,384,,0,stop,
20260904-101430-qwen-flash,1,qwen-flash,openai-compatible,qwen-flash,v1,c9ff11afc1436a70,dff88c3a4526f8e2,fa7f7600,16,q-temporal-dst-gap,temporal,timezone,number,true,true,false,,false,1.0000,false,true,answered,answered,2,2,slack-eng-relay-046,slack-eng-relay-022 slack-eng-relay-046,0,0,true,868,616,2010,39,0,384,,0,stop,
20260904-101430-qwen-flash,1,qwen-flash,openai-compatible,qwen-flash,v1,c9ff11afc1436a70,dff88c3a4526f8e2,fa7f7600,16,q-temporal-dst-shift,temporal,timezone,date,true,true,false,,true,1.0000,true,true,answered,answered,2027-03-28,2027-03-28,slack-eng-relay-022 slack-eng-relay-044,slack-eng-relay-022 slack-eng-relay-044,0,0,true,835,486,1999,48,0,0,,0,stop,
20260904-101430-qwen-flash,1,qwen-flash,openai-compatible,qwen-flash,v1,c9ff11afc1436a70,dff88c3a4526f8e2,fa7f7600,16,q-temporal-export-utc,temporal,timezone superseded,time,true,true,false,,true,1.0000,true,true,answered,answered,22:15,22:15,slack-eng-relay-046,slack-eng-relay-046,0,0,true,702,443,1878,33,0,0,,0,stop,
20260904-101430-qwen-flash,1,qwen-flash,openai-compatible,qwen-flash,v1,c9ff11afc1436a70,dff88c3a4526f8e2,fa7f7600,16,q-temporal-freeze-length,temporal,,number,true,true,false,,false,1.0000,false,true,answered,answered,22,22,doc-042 mtg-007 slack-eng-core-019 slack-eng-core-021,slack-eng-core-021 doc-024 doc-042 slack-eng-core-019 mtg-007,0,0,true,1026,436,1847,60,0,0,,0,stop,
20260904-101430-qwen-flash,1,qwen-flash,openai-compatible,qwen-flash,v1,c9ff11afc1436a70,dff88c3a4526f8e2,fa7f7600,16,q-temporal-halcyon-renewal,temporal,superseded,number,false,true,false,,false,1.0000,false,true,answered,answered,141,92,slack-sales-044 slack-sales-046,slack-sales-044 slack-sales-045 slack-sales-046,0,3,true,1435,438,1868,134,0,384,,0,stop,
20260904-101430-qwen-flash,1,qwen-flash,openai-compatible,qwen-flash,v1,c9ff11afc1436a70,dff88c3a4526f8e2,fa7f7600,16,q-temporal-incident-gap,temporal,,number,true,true,false,,false,1.0000,false,true,answered,answered,30,30,slack-incidents-026 slack-incidents-027,slack-incidents-026 slack-incidents-027 doc-055,0,0,true,892,468,1649,45,0,0,,0,stop,
20260904-101430-qwen-flash,1,qwen-flash,openai-compatible,qwen-flash,v1,c9ff11afc1436a70,dff88c3a4526f8e2,fa7f7600,16,q-temporal-load-slip,temporal,planned_vs_done,number,true,true,false,,true,1.0000,true,true,answered,answered,7,7,slack-eng-relay-047 slack-eng-relay-048,slack-eng-relay-047 slack-eng-relay-048,0,0,true,835,508,1823,39,0,384,,0,stop,
20260904-101430-qwen-flash,1,qwen-flash,openai-compatible,qwen-flash,v1,c9ff11afc1436a70,dff88c3a4526f8e2,fa7f7600,16,q-temporal-migration-slip,temporal,planned_vs_done,number,true,true,false,,true,0.5000,true,true,answered,answered,2,2,slack-infra-009 slack-infra-010 slack-infra-033 slack-infra-034,slack-infra-009 slack-infra-010,0,0,true,721,461,1770,37,0,384,,0,stop,
20260904-101430-qwen-flash,1,qwen-flash,openai-compatible,qwen-flash,v1,c9ff11afc1436a70,dff88c3a4526f8e2,fa7f7600,16,q-temporal-notes-due,temporal,relative_date keyword,date,false,true,false,,false,0.0000,false,true,answered,answered,2027-02-18,2027-03-24,slack-sales-040,slack-eng-core-003 mtg-007,0,2,true,1246,519,1752,105,0,384,,0,stop,
20260904-101430-qwen-flash,1,qwen-flash,openai-compatible,qwen-flash,v1,c9ff11afc1436a70,dff88c3a4526f8e2,fa7f7600,16,q-temporal-notice-close,temporal,,number,true,true,false,,true,0.6000,true,true,answered,answered,30,30,slack-general-012 slack-general-032 slack-general-033 slack-general-038 slack-general-039,slack-general-012 slack-general-032 slack-general-039,0,0,true,845,393,1682,44,0,384,,0,stop,
20260904-101430-qwen-flash,1,qwen-flash,openai-compatible,qwen-flash,v1,c9ff11afc1436a70,dff88c3a4526f8e2,fa7f7600,16,q-temporal-p99,temporal,superseded,date,false,true,false,,false,0.0000,false,true,answered,answered,2027-05-04,2027-03-24,slack-eng-palisade-002,slack-eng-palisade-001 mtg-001,0,2,true,1135,417,1917,93,0,384,,0,stop,
20260904-101430-qwen-flash,1,qwen-flash,openai-compatible,qwen-flash,v1,c9ff11afc1436a70,dff88c3a4526f8e2,fa7f7600,16,q-temporal-page-delay,temporal,superseded keyword,date,true,true,false,,false,1.0000,false,true,answered,answered,2027-06-14,2027-06-14,mtg-044,slack-incidents-032 slack-incidents-033 mtg-044,0,3,true,1479,594,1920,118,0,384,,0,stop,
20260904-101430-qwen-flash,1,qwen-flash,openai-compatible,qwen-flash,v1,c9ff11afc1436a70,dff88c3a4526f8e2,fa7f7600,16,q-temporal-postmortem-due,temporal,,date,true,true,false,,false,0.0000,false,true,answered,answered,2027-04-19,2027-04-19,slack-incidents-028 slack-incidents-029,slack-incidents-008 slack-incidents-015 doc-055 doc-040,0,0,true,931,540,1697,60,0,384,,0,stop,
20260904-101430-qwen-flash,1,qwen-flash,openai-compatible,qwen-flash,v1,c9ff11afc1436a70,dff88c3a4526f8e2,fa7f7600,16,q-temporal-quarter-end-report,temporal,relative_date,date,true,true,false,,false,1.0000,false,true,answered,answered,2027-06-30,2027-06-30,slack-support-035,slack-support-035 slack-general-027,0,0,true,741,366,1646,44,0,384,,0,stop,
20260904-101430-qwen-flash,1,qwen-flash,openai-compatible,qwen-flash,v1,c9ff11afc1436a70,dff88c3a4526f8e2,fa7f7600,16,q-temporal-ratelimit,temporal,superseded,number,false,true,false,,false,1.0000,false,true,answered,answered,122,157,slack-eng-palisade-008 slack-eng-palisade-009,slack-eng-palisade-008 doc-033 slack-eng-palisade-009,0,3,true,1307,416,1931,120,0,0,,0,stop,
20260904-101430-qwen-flash,1,qwen-flash,openai-compatible,qwen-flash,v1,c9ff11afc1436a70,dff88c3a4526f8e2,fa7f7600,16,q-temporal-renewal-decision,temporal,,date,true,true,false,,true,0.6667,true,true,answered,answered,2027-10-01,2027-10-01,doc-031 slack-general-040 slack-general-041,slack-general-041 doc-031,0,0,true,847,523,1779,43,0,384,,0,stop,
20260904-101430-qwen-flash,1,qwen-flash,openai-compatible,qwen-flash,v1,c9ff11afc1436a70,dff88c3a4526f8e2,fa7f7600,16,q-temporal-review-week,temporal,relative_date,date,false,true,false,,false,1.0000,false,true,answered,answered,2027-05-11,2027-03-24,slack-eng-palisade-029,slack-eng-palisade-029 mtg-001,0,0,true,960,401,1948,47,0,384,,0,stop,
20260904-101430-qwen-flash,1,qwen-flash,openai-compatible,qwen-flash,v1,c9ff11afc1436a70,dff88c3a4526f8e2,fa7f7600,16,q-temporal-status-threshold,temporal,superseded statement_shaped_question,date,true,true,false,,true,1.0000,true,true,answered,answered,2027-04-30,2027-04-30,mtg-005,mtg-005,0,0,true,852,495,1850,36,0,384,,0,stop,
20260904-101430-qwen-flash,1,qwen-flash,openai-compatible,qwen-flash,v1,c9ff11afc1436a70,dff88c3a4526f8e2,fa7f7600,16,q-temporal-store-shards,temporal,superseded proposal,number,false,true,false,,true,1.0000,false,true,answered,answered,2,4,slack-data-platform-026 slack-data-platform-027 doc-config-store-shards,slack-data-platform-026 slack-data-platform-027 doc-config-store-shards,0,3,true,1155,393,2187,109,0,384,,0,stop,
20260904-101430-qwen-flash,1,qwen-flash,openai-compatible,qwen-flash,v1,c9ff11afc1436a70,dff88c3a4526f8e2,fa7f7600,16,q-temporal-tanaka-contract,temporal,superseded,date,false,true,false,,false,0.0000,false,true,answered,answered,2027-06-18,2027-06-24,slack-sales-016,slack-sales-019,0,0,true,1081,789,1625,36,0,0,,0,stop,
20260904-101430-qwen-flash,1,qwen-flash,openai-compatible,qwen-flash,v1,c9ff11afc1436a70,dff88c3a4526f8e2,fa7f7600,16,q-temporal-tls-window,temporal,superseded,number,false,true,false,,false,1.0000,false,true,answered,answered,119,124,slack-security-001 slack-security-002,slack-eng-core-004 slack-security-001 slack-security-002 slack-security-004 slack-security-005,0,5,true,1862,384,1925,172,0,384,,0,stop,
20260904-101430-qwen-flash,1,qwen-flash,openai-compatible,qwen-flash,v1,c9ff11afc1436a70,dff88c3a4526f8e2,fa7f7600,16,q-temporal-verity-seats,temporal,superseded proposal,number,false,true,false,,false,1.0000,false,true,answered,answered,2,4,slack-sales-010 email-015 slack-sales-011,slack-sales-010 email-015 slack-sales-011 slack-sales-012,0,4,true,1765,491,1871,139,0,0,,0,stop,
