run_id,model,provider,model_id,corpus_version,pipeline_hash,prompt_hash,item_id,item_axis,twin_of,field_ordinal,field,field_axis,field_correct,field_retrieval_hit,expected,got,case_correct,fields_correct,fields_total,item_retrieval_hit,reply_parsed,latency_ms,ttft_ms,tokens_in,tokens_out,tokens_reasoning,tokens_cached,cost_usd,retries,finish_reason,error
20260903-1856-null,null,mock,null,v2,f7bbdd5fe0812c4d,1c5c35327076c6b6,v2-case-001,supersession,,0,current_value,supersession,false,true,150,,false,1,5,true,true,24,10,0,0,0,0,0.000000,0,stop,
20260903-1856-null,null,mock,null,v2,f7bbdd5fe0812c4d,1c5c35327076c6b6,v2-case-001,supersession,,1,value_on_date,asof,false,true,165,,false,1,5,true,true,24,10,0,0,0,0,0.000000,0,stop,
20260903-1856-null,null,mock,null,v2,f7bbdd5fe0812c4d,1c5c35327076c6b6,v2-case-001,supersession,,2,set_by,entities,false,true,priya raman,,false,1,5,true,true,24,10,0,0,0,0,0.000000,0,stop,
20260903-1856-null,null,mock,null,v2,f7bbdd5fe0812c4d,1c5c35327076c6b6,v2-case-001,supersession,,3,measurement_point,facts,false,true,amsterdam,,false,1,5,true,true,24,10,0,0,0,0,0.000000,0,stop,
20260903-1856-null,null,mock,null,v2,f7bbdd5fe0812c4d,1c5c35327076c6b6,v2-case-001,supersession,,4,p50_ms,abstain,true,,,,false,1,5,true,true,24,10,0,0,0,0,0.000000,0,stop,
20260903-1856-null,null,mock,null,v2,f7bbdd5fe0812c4d,1c5c35327076c6b6,v2-twin-001,asof,v2-case-001,0,value_on_date,asof,false,true,165,,false,0,1,true,true,9,6,0,0,0,0,0.000000,0,stop,
20260903-1856-null,null,mock,null,v2,f7bbdd5fe0812c4d,1c5c35327076c6b6,v2-case-002,supersession,,0,current_value,supersession,false,true,360,,false,0,4,true,true,8,5,0,0,0,0,0.000000,0,stop,
20260903-1856-null,null,mock,null,v2,f7bbdd5fe0812c4d,1c5c35327076c6b6,v2-case-002,supersession,,1,value_on_date,asof,false,true,390,,false,0,4,true,true,8,5,0,0,0,0,0.000000,0,stop,
20260903-1856-null,null,mock,null,v2,f7bbdd5fe0812c4d,1c5c35327076c6b6,v2-case-002,supersession,,2,set_by,entities,false,true,lukas fenn,,false,0,4,true,true,8,5,0,0,0,0,0.000000,0,stop,
20260903-1856-null,null,mock,null,v2,f7bbdd5fe0812c4d,1c5c35327076c6b6,v2-case-002,supersession,,3,measurement_point,facts,false,true,sydney,,false,0,4,true,true,8,5,0,0,0,0,0.000000,0,stop,
20260903-1856-null,null,mock,null,v2,f7bbdd5fe0812c4d,1c5c35327076c6b6,v2-case-003,supersession,,0,current_value,supersession,false,true,52,,false,1,5,true,true,8,5,0,0,0,0,0.000000,0,stop,
20260903-1856-null,null,mock,null,v2,f7bbdd5fe0812c4d,1c5c35327076c6b6,v2-case-003,supersession,,1,value_on_date,asof,false,true,64,,false,1,5,true,true,8,5,0,0,0,0,0.000000,0,stop,
20260903-1856-null,null,mock,null,v2,f7bbdd5fe0812c4d,1c5c35327076c6b6,v2-case-003,supersession,,2,set_by,entities,false,true,viktor novak,,false,1,5,true,true,8,5,0,0,0,0,0.000000,0,stop,
20260903-1856-null,null,mock,null,v2,f7bbdd5fe0812c4d,1c5c35327076c6b6,v2-case-003,supersession,,3,build_runner,facts,false,true,linux-8x,,false,1,5,true,true,8,5,0,0,0,0,0.000000,0,stop,
20260903-1856-null,null,mock,null,v2,f7bbdd5fe0812c4d,1c5c35327076c6b6,v2-case-003,supersession,,4,cache_hit_rate,abstain,true,,,,false,1,5,true,true,8,5,0,0,0,0,0.000000,0,stop,
20260903-1856-null,null,mock,null,v2,f7bbdd5fe0812c4d,1c5c35327076c6b6,v2-case-004,supersession,,0,current_value,supersession,false,true,20000,,false,0,4,true,true,8,5,0,0,0,0,0.000000,0,stop,
20260903-1856-null,null,mock,null,v2,f7bbdd5fe0812c4d,1c5c35327076c6b6,v2-case-004,supersession,,1,value_on_date,asof,false,true,12000,,false,0,4,true,true,8,5,0,0,0,0,0.000000,0,stop,
20260903-1856-null,null,mock,null,v2,f7bbdd5fe0812c4d,1c5c35327076c6b6,v2-case-004,supersession,,2,set_by,entities,false,true,aisha nkemelu,,false,0,4,true,true,8,5,0,0,0,0,0.000000,0,stop,
20260903-1856-null,null,mock,null,v2,f7bbdd5fe0812c4d,1c5c35327076c6b6,v2-case-004,supersession,,3,storage_backend,facts,false,true,postgres,,false,0,4,true,true,8,5,0,0,0,0,0.000000,0,stop,
20260903-1856-null,null,mock,null,v2,f7bbdd5fe0812c4d,1c5c35327076c6b6,v2-case-005,supersession,,0,current_value,supersession,false,true,2400,,false,1,5,true,true,8,5,0,0,0,0,0.000000,0,stop,
20260903-1856-null,null,mock,null,v2,f7bbdd5fe0812c4d,1c5c35327076c6b6,v2-case-005,supersession,,1,value_on_date,asof,false,true,1500,,false,1,5,true,true,8,5,0,0,0,0,0.000000,0,stop,
20260903-1856-null,null,mock,null,v2,f7bbdd5fe0812c4d,1c5c35327076c6b6,v2-case-005,supersession,,2,set_by,entities,false,true,priya raman,,false,1,5,true,true,8,5,0,0,0,0,0.000000,0,stop,
20260903-1856-null,null,mock,null,v2,f7bbdd5fe0812c4d,1c5c35327076c6b6,v2-case-005,supersession,,3,limit_scope,facts,false,true,per tenant,,false,1,5,true,true,8,5,0,0,0,0,0.000000,0,stop,
20260903-1856-null,null,mock,null,v2,f7bbdd5fe0812c4d,1c5c35327076c6b6,v2-case-005,supersession,,4,burst_limit,abstain,true,,,,false,1,5,true,true,8,5,0,0,0,0,0.000000,0,stop,
20260903-1856-null,null,mock,null,v2,f7bbdd5fe0812c4d,1c5c35327076c6b6,v2-twin-002,asof,v2-case-005,0,value_on_date,asof,false,true,1500,,false,0,1,true,true,7,6,0,0,0,0,0.000000,0,stop,
20260903-1856-null,null,mock,null,v2,f7bbdd5fe0812c4d,1c5c35327076c6b6,v2-case-006,supersession,,0,current_value,supersession,false,true,45,,false,0,4,true,true,8,5,0,0,0,0,0.000000,0,stop,
20260903-1856-null,null,mock,null,v2,f7bbdd5fe0812c4d,1c5c35327076c6b6,v2-case-006,supersession,,1,value_on_date,asof,false,true,21,,false,0,4,true,true,8,5,0,0,0,0,0.000000,0,stop,
20260903-1856-null,null,mock,null,v2,f7bbdd5fe0812c4d,1c5c35327076c6b6,v2-case-006,supersession,,2,set_by,entities,false,true,nadia oyelaran,,false,0,4,true,true,8,5,0,0,0,0,0.000000,0,stop,
20260903-1856-null,null,mock,null,v2,f7bbdd5fe0812c4d,1c5c35327076c6b6,v2-case-006,supersession,,3,retention_scope,facts,false,true,request logs,,false,0,4,true,true,8,5,0,0,0,0,0.000000,0,stop,
20260903-1856-null,null,mock,null,v2,f7bbdd5fe0812c4d,1c5c35327076c6b6,v2-case-007,supersession,,0,current_value,supersession,false,true,400,,false,1,5,true,true,8,5,0,0,0,0,0.000000,0,stop,
20260903-1856-null,null,mock,null,v2,f7bbdd5fe0812c4d,1c5c35327076c6b6,v2-case-007,supersession,,1,value_on_date,asof,false,true,365,,false,1,5,true,true,8,5,0,0,0,0,0.000000,0,stop,
20260903-1856-null,null,mock,null,v2,f7bbdd5fe0812c4d,1c5c35327076c6b6,v2-case-007,supersession,,2,set_by,entities,false,true,clara vogt,,false,1,5,true,true,8,5,0,0,0,0,0.000000,0,stop,
20260903-1856-null,null,mock,null,v2,f7bbdd5fe0812c4d,1c5c35327076c6b6,v2-case-007,supersession,,3,retention_scope,facts,false,true,audit records,,false,1,5,true,true,8,5,0,0,0,0,0.000000,0,stop,
20260903-1856-null,null,mock,null,v2,f7bbdd5fe0812c4d,1c5c35327076c6b6,v2-case-007,supersession,,4,legal_hold_days,abstain,true,,,,false,1,5,true,true,8,5,0,0,0,0,0.000000,0,stop,
20260903-1856-null,null,mock,null,v2,f7bbdd5fe0812c4d,1c5c35327076c6b6,v2-case-008,supersession,,0,current_value,supersession,false,true,96,,false,0,4,true,true,7,4,0,0,0,0,0.000000,0,stop,
20260903-1856-null,null,mock,null,v2,f7bbdd5fe0812c4d,1c5c35327076c6b6,v2-case-008,supersession,,1,value_on_date,asof,false,true,64,,false,0,4,true,true,7,4,0,0,0,0,0.000000,0,stop,
20260903-1856-null,null,mock,null,v2,f7bbdd5fe0812c4d,1c5c35327076c6b6,v2-case-008,supersession,,2,set_by,entities,false,true,lukas fenn,,false,0,4,true,true,7,4,0,0,0,0,0.000000,0,stop,
20260903-1856-null,null,mock,null,v2,f7bbdd5fe0812c4d,1c5c35327076c6b6,v2-case-008,supersession,,3,upload_endpoint,facts,false,true,bundles,,false,0,4,true,true,7,4,0,0,0,0,0.000000,0,stop,
20260903-1856-null,null,mock,null,v2,f7bbdd5fe0812c4d,1c5c35327076c6b6,v2-case-009,supersession,,0,current_value,supersession,false,true,24,,false,1,5,true,true,9,6,0,0,0,0,0.000000,0,stop,
20260903-1856-null,null,mock,null,v2,f7bbdd5fe0812c4d,1c5c35327076c6b6,v2-case-009,supersession,,1,value_on_date,asof,false,true,16,,false,1,5,true,true,9,6,0,0,0,0,0.000000,0,stop,
20260903-1856-null,null,mock,null,v2,f7bbdd5fe0812c4d,1c5c35327076c6b6,v2-case-009,supersession,,2,set_by,entities,false,true,ravi sundaram,,false,1,5,true,true,9,6,0,0,0,0,0.000000,0,stop,
20260903-1856-null,null,mock,null,v2,f7bbdd5fe0812c4d,1c5c35327076c6b6,v2-case-009,supersession,,3,chunk_transport,facts,false,true,http,,false,1,5,true,true,9,6,0,0,0,0,0.000000,0,stop,
20260903-1856-null,null,mock,null,v2,f7bbdd5fe0812c4d,1c5c35327076c6b6,v2-case-009,supersession,,4,chunk_count_limit,abstain,true,,,,false,1,5,true,true,9,6,0,0,0,0,0.000000,0,stop,
20260903-1856-null,null,mock,null,v2,f7bbdd5fe0812c4d,1c5c35327076c6b6,v2-twin-003,asof,v2-case-009,0,value_on_date,asof,false,true,16,,false,0,1,true,true,7,5,0,0,0,0,0.000000,0,stop,
20260903-1856-null,null,mock,null,v2,f7bbdd5fe0812c4d,1c5c35327076c6b6,v2-case-010,supersession,,0,current_value,supersession,false,true,30,,false,0,4,true,true,7,4,0,0,0,0,0.000000,0,stop,
20260903-1856-null,null,mock,null,v2,f7bbdd5fe0812c4d,1c5c35327076c6b6,v2-case-010,supersession,,1,value_on_date,asof,false,true,60,,false,0,4,true,true,7,4,0,0,0,0,0.000000,0,stop,
20260903-1856-null,null,mock,null,v2,f7bbdd5fe0812c4d,1c5c35327076c6b6,v2-case-010,supersession,,2,set_by,entities,false,true,ravi menon,,false,0,4,true,true,7,4,0,0,0,0,0.000000,0,stop,
20260903-1856-null,null,mock,null,v2,f7bbdd5fe0812c4d,1c5c35327076c6b6,v2-case-010,supersession,,3,coverage_window,facts,false,true,business hours,,false,0,4,true,true,7,4,0,0,0,0,0.000000,0,stop,
20260903-1856-null,null,mock,null,v2,f7bbdd5fe0812c4d,1c5c35327076c6b6,v2-case-011,facts,,0,start_utc,facts,false,false,15:20,,false,1,5,true,true,8,6,0,0,0,0,0.000000,0,stop,
20260903-1856-null,null,mock,null,v2,f7bbdd5fe0812c4d,1c5c35327076c6b6,v2-case-011,facts,,1,duration_minutes,conflict,false,false,72,,false,1,5,true,true,8,6,0,0,0,0,0.000000,0,stop,
20260903-1856-null,null,mock,null,v2,f7bbdd5fe0812c4d,1c5c35327076c6b6,v2-case-011,facts,,2,root_cause_issue,join,false,true,wrn-204,,false,1,5,true,true,8,6,0,0,0,0,0.000000,0,stop,
20260903-1856-null,null,mock,null,v2,f7bbdd5fe0812c4d,1c5c35327076c6b6,v2-case-011,facts,,3,regions_affected,exhaustive,false,true,"[""amsterdam"",""dublin"",""frankfurt""]",,false,1,5,true,true,8,6,0,0,0,0,0.000000,0,stop,
20260903-1856-null,null,mock,null,v2,f7bbdd5fe0812c4d,1c5c35327076c6b6,v2-case-011,facts,,4,customer_credits_eur,abstain,true,,,,false,1,5,true,true,8,6,0,0,0,0,0.000000,0,stop,
20260903-1856-null,null,mock,null,v2,f7bbdd5fe0812c4d,1c5c35327076c6b6,v2-twin-004,join,v2-case-011,0,root_cause_issue,join,false,true,wrn-204,,false,0,1,true,true,8,6,0,0,0,0,0.000000,0,stop,
20260903-1856-null,null,mock,null,v2,f7bbdd5fe0812c4d,1c5c35327076c6b6,v2-case-012,facts,,0,start_utc,facts,false,false,08:05,,false,1,5,true,true,7,5,0,0,0,0,0.000000,0,stop,
20260903-1856-null,null,mock,null,v2,f7bbdd5fe0812c4d,1c5c35327076c6b6,v2-case-012,facts,,1,duration_minutes,conflict,false,false,26,,false,1,5,true,true,7,5,0,0,0,0,0.000000,0,stop,
20260903-1856-null,null,mock,null,v2,f7bbdd5fe0812c4d,1c5c35327076c6b6,v2-case-012,facts,,2,root_cause_issue,join,false,true,wrn-207,,false,1,5,true,true,7,5,0,0,0,0,0.000000,0,stop,
20260903-1856-null,null,mock,null,v2,f7bbdd5fe0812c4d,1c5c35327076c6b6,v2-case-012,facts,,3,regions_affected,exhaustive,false,false,"[""sydney"",""virginia""]",,false,1,5,true,true,7,5,0,0,0,0,0.000000,0,stop,
20260903-1856-null,null,mock,null,v2,f7bbdd5fe0812c4d,1c5c35327076c6b6,v2-case-012,facts,,4,customer_credits_eur,abstain,true,,,,false,1,5,true,true,7,5,0,0,0,0,0.000000,0,stop,
20260903-1856-null,null,mock,null,v2,f7bbdd5fe0812c4d,1c5c35327076c6b6,v2-twin-005,exhaustive,v2-case-012,0,regions_affected,exhaustive,false,true,"[""sydney"",""virginia""]",,false,0,1,true,true,8,6,0,0,0,0,0.000000,0,stop,
20260903-1856-null,null,mock,null,v2,f7bbdd5fe0812c4d,1c5c35327076c6b6,v2-case-013,facts,,0,start_utc,facts,false,false,20:40,,false,1,5,true,true,7,6,0,0,0,0,0.000000,0,stop,
20260903-1856-null,null,mock,null,v2,f7bbdd5fe0812c4d,1c5c35327076c6b6,v2-case-013,facts,,1,duration_minutes,conflict,false,false,118,,false,1,5,true,true,7,6,0,0,0,0,0.000000,0,stop,
20260903-1856-null,null,mock,null,v2,f7bbdd5fe0812c4d,1c5c35327076c6b6,v2-case-013,facts,,2,root_cause_issue,join,false,true,wrn-211,,false,1,5,true,true,7,6,0,0,0,0,0.000000,0,stop,
20260903-1856-null,null,mock,null,v2,f7bbdd5fe0812c4d,1c5c35327076c6b6,v2-case-013,facts,,3,regions_affected,exhaustive,false,true,"[""amsterdam"",""frankfurt""]",,false,1,5,true,true,7,6,0,0,0,0,0.000000,0,stop,
20260903-1856-null,null,mock,null,v2,f7bbdd5fe0812c4d,1c5c35327076c6b6,v2-case-013,facts,,4,customer_credits_eur,abstain,true,,,,false,1,5,true,true,7,6,0,0,0,0,0.000000,0,stop,
20260903-1856-null,null,mock,null,v2,f7bbdd5fe0812c4d,1c5c35327076c6b6,v2-case-014,facts,,0,start_utc,facts,false,false,12:15,,false,1,5,true,true,8,5,0,0,0,0,0.000000,0,stop,
20260903-1856-null,null,mock,null,v2,f7bbdd5fe0812c4d,1c5c35327076c6b6,v2-case-014,facts,,1,duration_minutes,conflict,false,false,44,,false,1,5,true,true,8,5,0,0,0,0,0.000000,0,stop,
20260903-1856-null,null,mock,null,v2,f7bbdd5fe0812c4d,1c5c35327076c6b6,v2-case-014,facts,,2,root_cause_issue,join,false,true,wrn-215,,false,1,5,true,true,8,5,0,0,0,0,0.000000,0,stop,
20260903-1856-null,null,mock,null,v2,f7bbdd5fe0812c4d,1c5c35327076c6b6,v2-case-014,facts,,3,regions_affected,exhaustive,false,true,"[""amsterdam"",""dublin"",""virginia""]",,false,1,5,true,true,8,5,0,0,0,0,0.000000,0,stop,
20260903-1856-null,null,mock,null,v2,f7bbdd5fe0812c4d,1c5c35327076c6b6,v2-case-014,facts,,4,customer_credits_eur,abstain,true,,,,false,1,5,true,true,8,5,0,0,0,0,0.000000,0,stop,
20260903-1856-null,null,mock,null,v2,f7bbdd5fe0812c4d,1c5c35327076c6b6,v2-case-015,facts,,0,start_utc,facts,false,false,05:50,,false,1,5,true,true,7,4,0,0,0,0,0.000000,0,stop,
20260903-1856-null,null,mock,null,v2,f7bbdd5fe0812c4d,1c5c35327076c6b6,v2-case-015,facts,,1,duration_minutes,conflict,false,false,133,,false,1,5,true,true,7,4,0,0,0,0,0.000000,0,stop,
20260903-1856-null,null,mock,null,v2,f7bbdd5fe0812c4d,1c5c35327076c6b6,v2-case-015,facts,,2,root_cause_issue,join,false,true,wrn-219,,false,1,5,true,true,7,4,0,0,0,0,0.000000,0,stop,
20260903-1856-null,null,mock,null,v2,f7bbdd5fe0812c4d,1c5c35327076c6b6,v2-case-015,facts,,3,regions_affected,exhaustive,false,false,"[""sydney"",""virginia""]",,false,1,5,true,true,7,4,0,0,0,0,0.000000,0,stop,
20260903-1856-null,null,mock,null,v2,f7bbdd5fe0812c4d,1c5c35327076c6b6,v2-case-015,facts,,4,customer_credits_eur,abstain,true,,,,false,1,5,true,true,7,4,0,0,0,0,0.000000,0,stop,
20260903-1856-null,null,mock,null,v2,f7bbdd5fe0812c4d,1c5c35327076c6b6,v2-twin-006,join,v2-case-015,0,root_cause_issue,join,false,true,wrn-219,,false,0,1,true,true,8,6,0,0,0,0,0.000000,0,stop,
20260903-1856-null,null,mock,null,v2,f7bbdd5fe0812c4d,1c5c35327076c6b6,v2-case-016,facts,,0,start_utc,facts,false,false,16:25,,false,1,5,true,true,8,6,0,0,0,0,0.000000,0,stop,
20260903-1856-null,null,mock,null,v2,f7bbdd5fe0812c4d,1c5c35327076c6b6,v2-case-016,facts,,1,duration_minutes,conflict,false,false,21,,false,1,5,true,true,8,6,0,0,0,0,0.000000,0,stop,
20260903-1856-null,null,mock,null,v2,f7bbdd5fe0812c4d,1c5c35327076c6b6,v2-case-016,facts,,2,root_cause_issue,join,false,true,wrn-223,,false,1,5,true,true,8,6,0,0,0,0,0.000000,0,stop,
20260903-1856-null,null,mock,null,v2,f7bbdd5fe0812c4d,1c5c35327076c6b6,v2-case-016,facts,,3,regions_affected,exhaustive,false,true,"[""amsterdam"",""sao paulo""]",,false,1,5,true,true,8,6,0,0,0,0,0.000000,0,stop,
20260903-1856-null,null,mock,null,v2,f7bbdd5fe0812c4d,1c5c35327076c6b6,v2-case-016,facts,,4,customer_credits_eur,abstain,true,,,,false,1,5,true,true,8,6,0,0,0,0,0.000000,0,stop,
20260903-1856-null,null,mock,null,v2,f7bbdd5fe0812c4d,1c5c35327076c6b6,v2-twin-007,exhaustive,v2-case-016,0,regions_affected,exhaustive,false,true,"[""amsterdam"",""sao paulo""]",,false,0,1,true,true,8,6,0,0,0,0,0.000000,0,stop,
20260903-1856-null,null,mock,null,v2,f7bbdd5fe0812c4d,1c5c35327076c6b6,v2-case-017,facts,,0,start_utc,facts,false,false,09:10,,false,1,5,true,true,8,5,0,0,0,0,0.000000,0,stop,
20260903-1856-null,null,mock,null,v2,f7bbdd5fe0812c4d,1c5c35327076c6b6,v2-case-017,facts,,1,duration_minutes,conflict,false,false,57,,false,1,5,true,true,8,5,0,0,0,0,0.000000,0,stop,
20260903-1856-null,null,mock,null,v2,f7bbdd5fe0812c4d,1c5c35327076c6b6,v2-case-017,facts,,2,root_cause_issue,join,false,true,wrn-227,,false,1,5,true,true,8,5,0,0,0,0,0.000000,0,stop,
20260903-1856-null,null,mock,null,v2,f7bbdd5fe0812c4d,1c5c35327076c6b6,v2-case-017,facts,,3,regions_affected,exhaustive,false,true,"[""frankfurt"",""virginia""]",,false,1,5,true,true,8,5,0,0,0,0,0.000000,0,stop,
20260903-1856-null,null,mock,null,v2,f7bbdd5fe0812c4d,1c5c35327076c6b6,v2-case-017,facts,,4,customer_credits_eur,abstain,true,,,,false,1,5,true,true,8,5,0,0,0,0,0.000000,0,stop,
20260903-1856-null,null,mock,null,v2,f7bbdd5fe0812c4d,1c5c35327076c6b6,v2-case-018,facts,,0,start_utc,facts,false,false,20:35,,false,1,5,true,true,8,5,0,0,0,0,0.000000,0,stop,
20260903-1856-null,null,mock,null,v2,f7bbdd5fe0812c4d,1c5c35327076c6b6,v2-case-018,facts,,1,duration_minutes,conflict,false,false,88,,false,1,5,true,true,8,5,0,0,0,0,0.000000,0,stop,
20260903-1856-null,null,mock,null,v2,f7bbdd5fe0812c4d,1c5c35327076c6b6,v2-case-018,facts,,2,root_cause_issue,join,false,true,wrn-231,,false,1,5,true,true,8,5,0,0,0,0,0.000000,0,stop,
20260903-1856-null,null,mock,null,v2,f7bbdd5fe0812c4d,1c5c35327076c6b6,v2-case-018,facts,,3,regions_affected,exhaustive,false,true,"[""sao paulo"",""sydney"",""virginia""]",,false,1,5,true,true,8,5,0,0,0,0,0.000000,0,stop,
20260903-1856-null,null,mock,null,v2,f7bbdd5fe0812c4d,1c5c35327076c6b6,v2-case-018,facts,,4,customer_credits_eur,abstain,true,,,,false,1,5,true,true,8,5,0,0,0,0,0.000000,0,stop,
20260903-1856-null,null,mock,null,v2,f7bbdd5fe0812c4d,1c5c35327076c6b6,v2-case-019,facts,,0,start_utc,facts,false,false,13:45,,false,1,5,true,true,8,5,0,0,0,0,0.000000,0,stop,
20260903-1856-null,null,mock,null,v2,f7bbdd5fe0812c4d,1c5c35327076c6b6,v2-case-019,facts,,1,duration_minutes,conflict,false,false,17,,false,1,5,true,true,8,5,0,0,0,0,0.000000,0,stop,
20260903-1856-null,null,mock,null,v2,f7bbdd5fe0812c4d,1c5c35327076c6b6,v2-case-019,facts,,2,root_cause_issue,join,false,true,wrn-235,,false,1,5,true,true,8,5,0,0,0,0,0.000000,0,stop,
20260903-1856-null,null,mock,null,v2,f7bbdd5fe0812c4d,1c5c35327076c6b6,v2-case-019,facts,,3,regions_affected,exhaustive,false,true,"[""dublin"",""sydney""]",,false,1,5,true,true,8,5,0,0,0,0,0.000000,0,stop,
20260903-1856-null,null,mock,null,v2,f7bbdd5fe0812c4d,1c5c35327076c6b6,v2-case-019,facts,,4,customer_credits_eur,abstain,true,,,,false,1,5,true,true,8,5,0,0,0,0,0.000000,0,stop,
20260903-1856-null,null,mock,null,v2,f7bbdd5fe0812c4d,1c5c35327076c6b6,v2-twin-008,join,v2-case-019,0,root_cause_issue,join,false,true,wrn-235,,false,0,1,true,true,7,4,0,0,0,0,0.000000,0,stop,
20260903-1856-null,null,mock,null,v2,f7bbdd5fe0812c4d,1c5c35327076c6b6,v2-case-020,facts,,0,start_utc,facts,false,true,04:30,,false,1,5,true,true,8,5,0,0,0,0,0.000000,0,stop,
20260903-1856-null,null,mock,null,v2,f7bbdd5fe0812c4d,1c5c35327076c6b6,v2-case-020,facts,,1,duration_minutes,conflict,false,true,142,,false,1,5,true,true,8,5,0,0,0,0,0.000000,0,stop,
20260903-1856-null,null,mock,null,v2,f7bbdd5fe0812c4d,1c5c35327076c6b6,v2-case-020,facts,,2,root_cause_issue,join,false,true,wrn-239,,false,1,5,true,true,8,5,0,0,0,0,0.000000,0,stop,
20260903-1856-null,null,mock,null,v2,f7bbdd5fe0812c4d,1c5c35327076c6b6,v2-case-020,facts,,3,regions_affected,exhaustive,false,true,"[""amsterdam"",""frankfurt"",""sao paulo""]",,false,1,5,true,true,8,5,0,0,0,0,0.000000,0,stop,
20260903-1856-null,null,mock,null,v2,f7bbdd5fe0812c4d,1c5c35327076c6b6,v2-case-020,facts,,4,customer_credits_eur,abstain,true,,,,false,1,5,true,true,8,5,0,0,0,0,0.000000,0,stop,
20260903-1856-null,null,mock,null,v2,f7bbdd5fe0812c4d,1c5c35327076c6b6,v2-case-021,aggregation,,0,total_eur,aggregation,false,true,25000,,false,1,6,true,true,7,5,0,0,0,0,0.000000,0,stop,
20260903-1856-null,null,mock,null,v2,f7bbdd5fe0812c4d,1c5c35327076c6b6,v2-case-021,aggregation,,1,term_months,conflict,false,true,12,,false,1,6,true,true,7,5,0,0,0,0,0.000000,0,stop,
20260903-1856-null,null,mock,null,v2,f7bbdd5fe0812c4d,1c5c35327076c6b6,v2-case-021,aggregation,,2,signed_by,entities,false,true,nadia oyelaran,,false,1,6,true,true,7,5,0,0,0,0,0.000000,0,stop,
20260903-1856-null,null,mock,null,v2,f7bbdd5fe0812c4d,1c5c35327076c6b6,v2-case-021,aggregation,,3,renewal_date,supersession,false,false,2028-03-31,,false,1,6,true,true,7,5,0,0,0,0,0.000000,0,stop,
20260903-1856-null,null,mock,null,v2,f7bbdd5fe0812c4d,1c5c35327076c6b6,v2-case-021,aggregation,,4,covered_services,exhaustive,false,true,"[""penetration test"",""readiness review""]",,false,1,6,true,true,7,5,0,0,0,0,0.000000,0,stop,
20260903-1856-null,null,mock,null,v2,f7bbdd5fe0812c4d,1c5c35327076c6b6,v2-case-021,aggregation,,5,audit_fee_per_control_eur,abstain,true,,,,false,1,6,true,true,7,5,0,0,0,0,0.000000,0,stop,
20260903-1856-null,null,mock,null,v2,f7bbdd5fe0812c4d,1c5c35327076c6b6,v2-twin-009,aggregation,v2-case-021,0,total_eur,aggregation,false,true,25000,,false,0,1,true,true,8,5,0,0,0,0,0.000000,0,stop,
20260903-1856-null,null,mock,null,v2,f7bbdd5fe0812c4d,1c5c35327076c6b6,v2-case-022,aggregation,,0,total_eur,aggregation,false,true,54500,,false,0,5,true,true,8,5,0,0,0,0,0.000000,0,stop,
20260903-1856-null,null,mock,null,v2,f7bbdd5fe0812c4d,1c5c35327076c6b6,v2-case-022,aggregation,,1,term_months,conflict,false,true,24,,false,0,5,true,true,8,5,0,0,0,0,0.000000,0,stop,
20260903-1856-null,null,mock,null,v2,f7bbdd5fe0812c4d,1c5c35327076c6b6,v2-case-022,aggregation,,2,signed_by,entities,false,true,sofia brandt,,false,0,5,true,true,8,5,0,0,0,0,0.000000,0,stop,
20260903-1856-null,null,mock,null,v2,f7bbdd5fe0812c4d,1c5c35327076c6b6,v2-case-022,aggregation,,3,renewal_date,supersession,false,false,2028-05-15,,false,0,5,true,true,8,5,0,0,0,0,0.000000,0,stop,
20260903-1856-null,null,mock,null,v2,f7bbdd5fe0812c4d,1c5c35327076c6b6,v2-case-022,aggregation,,4,covered_services,exhaustive,false,true,"[""edge caching"",""log delivery""]",,false,0,5,true,true,8,5,0,0,0,0,0.000000,0,stop,
20260903-1856-null,null,mock,null,v2,f7bbdd5fe0812c4d,1c5c35327076c6b6,v2-case-023,aggregation,,0,total_eur,aggregation,false,true,15000,,false,1,6,true,true,9,6,0,0,0,0,0.000000,0,stop,
20260903-1856-null,null,mock,null,v2,f7bbdd5fe0812c4d,1c5c35327076c6b6,v2-case-023,aggregation,,1,term_months,conflict,false,true,6,,false,1,6,true,true,9,6,0,0,0,0,0.000000,0,stop,
20260903-1856-null,null,mock,null,v2,f7bbdd5fe0812c4d,1c5c35327076c6b6,v2-case-023,aggregation,,2,signed_by,entities,false,true,tomas ruiz,,false,1,6,true,true,9,6,0,0,0,0,0.000000,0,stop,
20260903-1856-null,null,mock,null,v2,f7bbdd5fe0812c4d,1c5c35327076c6b6,v2-case-023,aggregation,,3,renewal_date,supersession,false,true,2028-01-15,,false,1,6,true,true,9,6,0,0,0,0,0.000000,0,stop,
20260903-1856-null,null,mock,null,v2,f7bbdd5fe0812c4d,1c5c35327076c6b6,v2-case-023,aggregation,,4,covered_services,exhaustive,false,true,"[""report review"",""scripted runs""]",,false,1,6,true,true,9,6,0,0,0,0,0.000000,0,stop,
20260903-1856-null,null,mock,null,v2,f7bbdd5fe0812c4d,1c5c35327076c6b6,v2-case-023,aggregation,,5,overage_rate_eur,abstain,true,,,,false,1,6,true,true,9,6,0,0,0,0,0.000000,0,stop,
20260903-1856-null,null,mock,null,v2,f7bbdd5fe0812c4d,1c5c35327076c6b6,v2-twin-010,exhaustive,v2-case-023,0,covered_services,exhaustive,false,true,"[""report review"",""scripted runs""]",,false,0,1,true,true,7,5,0,0,0,0,0.000000,0,stop,
20260903-1856-null,null,mock,null,v2,f7bbdd5fe0812c4d,1c5c35327076c6b6,v2-case-024,aggregation,,0,total_eur,aggregation,false,true,117500,,false,1,6,true,true,6,4,0,0,0,0,0.000000,0,stop,
20260903-1856-null,null,mock,null,v2,f7bbdd5fe0812c4d,1c5c35327076c6b6,v2-case-024,aggregation,,1,term_months,conflict,false,true,12,,false,1,6,true,true,6,4,0,0,0,0,0.000000,0,stop,
20260903-1856-null,null,mock,null,v2,f7bbdd5fe0812c4d,1c5c35327076c6b6,v2-case-024,aggregation,,2,signed_by,entities,false,true,sofia brandt,,false,1,6,true,true,6,4,0,0,0,0,0.000000,0,stop,
20260903-1856-null,null,mock,null,v2,f7bbdd5fe0812c4d,1c5c35327076c6b6,v2-case-024,aggregation,,3,renewal_date,supersession,false,true,2028-07-01,,false,1,6,true,true,6,4,0,0,0,0,0.000000,0,stop,
20260903-1856-null,null,mock,null,v2,f7bbdd5fe0812c4d,1c5c35327076c6b6,v2-case-024,aggregation,,4,covered_services,exhaustive,false,true,"[""reserved instances"",""support tier""]",,false,1,6,true,true,6,4,0,0,0,0,0.000000,0,stop,
20260903-1856-null,null,mock,null,v2,f7bbdd5fe0812c4d,1c5c35327076c6b6,v2-case-024,aggregation,,5,egress_price_per_tb_eur,abstain,true,,,,false,1,6,true,true,6,4,0,0,0,0,0.000000,0,stop,
20260903-1856-null,null,mock,null,v2,f7bbdd5fe0812c4d,1c5c35327076c6b6,v2-case-025,aggregation,,0,total_eur,aggregation,false,true,20250,,false,0,5,true,true,6,4,0,0,0,0,0.000000,0,stop,
20260903-1856-null,null,mock,null,v2,f7bbdd5fe0812c4d,1c5c35327076c6b6,v2-case-025,aggregation,,1,term_months,conflict,false,true,12,,false,0,5,true,true,6,4,0,0,0,0,0.000000,0,stop,
20260903-1856-null,null,mock,null,v2,f7bbdd5fe0812c4d,1c5c35327076c6b6,v2-case-025,aggregation,,2,signed_by,entities,false,true,viktor novak,,false,0,5,true,true,6,4,0,0,0,0,0.000000,0,stop,
20260903-1856-null,null,mock,null,v2,f7bbdd5fe0812c4d,1c5c35327076c6b6,v2-case-025,aggregation,,3,renewal_date,supersession,false,true,2028-04-30,,false,0,5,true,true,6,4,0,0,0,0,0.000000,0,stop,
20260903-1856-null,null,mock,null,v2,f7bbdd5fe0812c4d,1c5c35327076c6b6,v2-case-025,aggregation,,4,covered_services,exhaustive,false,true,"[""event pipeline"",""export api""]",,false,0,5,true,true,6,4,0,0,0,0,0.000000,0,stop,
20260903-1856-null,null,mock,null,v2,f7bbdd5fe0812c4d,1c5c35327076c6b6,v2-twin-011,aggregation,v2-case-025,0,total_eur,aggregation,false,true,20250,,false,0,1,true,true,8,5,0,0,0,0,0.000000,0,stop,
20260903-1856-null,null,mock,null,v2,f7bbdd5fe0812c4d,1c5c35327076c6b6,v2-case-026,aggregation,,0,total_eur,aggregation,false,true,45000,,false,1,6,true,true,7,4,0,0,0,0,0.000000,0,stop,
20260903-1856-null,null,mock,null,v2,f7bbdd5fe0812c4d,1c5c35327076c6b6,v2-case-026,aggregation,,1,term_months,conflict,false,true,6,,false,1,6,true,true,7,4,0,0,0,0,0.000000,0,stop,
20260903-1856-null,null,mock,null,v2,f7bbdd5fe0812c4d,1c5c35327076c6b6,v2-case-026,aggregation,,2,signed_by,entities,false,true,rob feeney,,false,1,6,true,true,7,4,0,0,0,0,0.000000,0,stop,
20260903-1856-null,null,mock,null,v2,f7bbdd5fe0812c4d,1c5c35327076c6b6,v2-case-026,aggregation,,3,renewal_date,supersession,false,true,2028-02-01,,false,1,6,true,true,7,4,0,0,0,0,0.000000,0,stop,
20260903-1856-null,null,mock,null,v2,f7bbdd5fe0812c4d,1c5c35327076c6b6,v2-case-026,aggregation,,4,covered_services,exhaustive,false,true,"[""external test"",""retest window""]",,false,1,6,true,true,7,4,0,0,0,0,0.000000,0,stop,
20260903-1856-null,null,mock,null,v2,f7bbdd5fe0812c4d,1c5c35327076c6b6,v2-case-026,aggregation,,5,finding_count,abstain,true,,,,false,1,6,true,true,7,4,0,0,0,0,0.000000,0,stop,
20260903-1856-null,null,mock,null,v2,f7bbdd5fe0812c4d,1c5c35327076c6b6,v2-case-027,aggregation,,0,total_eur,aggregation,false,true,70750,,false,1,6,true,true,8,5,0,0,0,0,0.000000,0,stop,
20260903-1856-null,null,mock,null,v2,f7bbdd5fe0812c4d,1c5c35327076c6b6,v2-case-027,aggregation,,1,term_months,conflict,false,true,6,,false,1,6,true,true,8,5,0,0,0,0,0.000000,0,stop,
20260903-1856-null,null,mock,null,v2,f7bbdd5fe0812c4d,1c5c35327076c6b6,v2-case-027,aggregation,,2,signed_by,entities,false,true,mei-ling chen,,false,1,6,true,true,8,5,0,0,0,0,0.000000,0,stop,
20260903-1856-null,null,mock,null,v2,f7bbdd5fe0812c4d,1c5c35327076c6b6,v2-case-027,aggregation,,3,renewal_date,supersession,false,true,2028-03-31,,false,1,6,true,true,8,5,0,0,0,0,0.000000,0,stop,
20260903-1856-null,null,mock,null,v2,f7bbdd5fe0812c4d,1c5c35327076c6b6,v2-case-027,aggregation,,4,covered_services,exhaustive,false,true,"[""escalation drills"",""overnight triage""]",,false,1,6,true,true,8,5,0,0,0,0,0.000000,0,stop,
20260903-1856-null,null,mock,null,v2,f7bbdd5fe0812c4d,1c5c35327076c6b6,v2-case-027,aggregation,,5,agent_headcount,abstain,true,,,,false,1,6,true,true,8,5,0,0,0,0,0.000000,0,stop,
20260903-1856-null,null,mock,null,v2,f7bbdd5fe0812c4d,1c5c35327076c6b6,v2-twin-012,exhaustive,v2-case-027,0,covered_services,exhaustive,false,true,"[""escalation drills"",""overnight triage""]",,false,0,1,true,true,7,4,0,0,0,0,0.000000,0,stop,
20260903-1856-null,null,mock,null,v2,f7bbdd5fe0812c4d,1c5c35327076c6b6,v2-case-028,aggregation,,0,total_eur,aggregation,false,true,39000,,false,0,5,true,true,8,5,0,0,0,0,0.000000,0,stop,
20260903-1856-null,null,mock,null,v2,f7bbdd5fe0812c4d,1c5c35327076c6b6,v2-case-028,aggregation,,1,term_months,conflict,false,true,18,,false,0,5,true,true,8,5,0,0,0,0,0.000000,0,stop,
20260903-1856-null,null,mock,null,v2,f7bbdd5fe0812c4d,1c5c35327076c6b6,v2-case-028,aggregation,,2,signed_by,entities,false,true,dan okonkwo,,false,0,5,true,true,8,5,0,0,0,0,0.000000,0,stop,
20260903-1856-null,null,mock,null,v2,f7bbdd5fe0812c4d,1c5c35327076c6b6,v2-case-028,aggregation,,3,renewal_date,supersession,false,true,2028-08-31,,false,0,5,true,true,8,5,0,0,0,0,0.000000,0,stop,
20260903-1856-null,null,mock,null,v2,f7bbdd5fe0812c4d,1c5c35327076c6b6,v2-case-028,aggregation,,4,covered_services,exhaustive,false,true,"[""alert routing"",""span storage""]",,false,0,5,true,true,8,5,0,0,0,0,0.000000,0,stop,
20260903-1856-null,null,mock,null,v2,f7bbdd5fe0812c4d,1c5c35327076c6b6,v2-case-029,join,,0,issue_id,join,false,true,wrn-201,,false,1,6,true,true,8,5,0,0,0,0,0.000000,0,stop,
20260903-1856-null,null,mock,null,v2,f7bbdd5fe0812c4d,1c5c35327076c6b6,v2-case-029,join,,1,current_assignee,join,false,true,dan okonkwo,,false,1,6,true,true,8,5,0,0,0,0,0.000000,0,stop,
20260903-1856-null,null,mock,null,v2,f7bbdd5fe0812c4d,1c5c35327076c6b6,v2-case-029,join,,2,labels,exhaustive,false,true,"[""api"",""residency""]",,false,1,6,true,true,8,5,0,0,0,0,0.000000,0,stop,
20260903-1856-null,null,mock,null,v2,f7bbdd5fe0812c4d,1c5c35327076c6b6,v2-case-029,join,,3,priority_on_date,asof,false,true,medium,,false,1,6,true,true,8,5,0,0,0,0,0.000000,0,stop,
20260903-1856-null,null,mock,null,v2,f7bbdd5fe0812c4d,1c5c35327076c6b6,v2-case-029,join,,4,priority_now,supersession,false,true,high,,false,1,6,true,true,8,5,0,0,0,0,0.000000,0,stop,
20260903-1856-null,null,mock,null,v2,f7bbdd5fe0812c4d,1c5c35327076c6b6,v2-case-029,join,,5,rollout_percentage,abstain,true,,,,false,1,6,true,true,8,5,0,0,0,0,0.000000,0,stop,
20260903-1856-null,null,mock,null,v2,f7bbdd5fe0812c4d,1c5c35327076c6b6,v2-twin-013,join,v2-case-029,0,current_assignee,join,false,true,dan okonkwo,,false,0,1,true,true,7,4,0,0,0,0,0.000000,0,stop,
20260903-1856-null,null,mock,null,v2,f7bbdd5fe0812c4d,1c5c35327076c6b6,v2-case-030,join,,0,issue_id,join,false,true,wrn-202,,false,0,5,true,true,7,5,0,0,0,0,0.000000,0,stop,
20260903-1856-null,null,mock,null,v2,f7bbdd5fe0812c4d,1c5c35327076c6b6,v2-case-030,join,,1,current_assignee,join,false,true,aisha nkemelu,,false,0,5,true,true,7,5,0,0,0,0,0.000000,0,stop,
20260903-1856-null,null,mock,null,v2,f7bbdd5fe0812c4d,1c5c35327076c6b6,v2-case-030,join,,2,labels,exhaustive,false,true,"[""audit"",""compliance""]",,false,0,5,true,true,7,5,0,0,0,0,0.000000,0,stop,
20260903-1856-null,null,mock,null,v2,f7bbdd5fe0812c4d,1c5c35327076c6b6,v2-case-030,join,,3,priority_on_date,asof,false,true,medium,,false,0,5,true,true,7,5,0,0,0,0,0.000000,0,stop,
20260903-1856-null,null,mock,null,v2,f7bbdd5fe0812c4d,1c5c35327076c6b6,v2-case-030,join,,4,priority_now,supersession,false,false,high,,false,0,5,true,true,7,5,0,0,0,0,0.000000,0,stop,
20260903-1856-null,null,mock,null,v2,f7bbdd5fe0812c4d,1c5c35327076c6b6,v2-case-031,join,,0,issue_id,join,false,true,wrn-203,,false,1,6,true,true,8,5,0,0,0,0,0.000000,0,stop,
20260903-1856-null,null,mock,null,v2,f7bbdd5fe0812c4d,1c5c35327076c6b6,v2-case-031,join,,1,current_assignee,join,false,true,ravi sundaram,,false,1,6,true,true,8,5,0,0,0,0,0.000000,0,stop,
20260903-1856-null,null,mock,null,v2,f7bbdd5fe0812c4d,1c5c35327076c6b6,v2-case-031,join,,2,labels,exhaustive,false,true,"[""relay"",""urgent-fix""]",,false,1,6,true,true,8,5,0,0,0,0,0.000000,0,stop,
20260903-1856-null,null,mock,null,v2,f7bbdd5fe0812c4d,1c5c35327076c6b6,v2-case-031,join,,3,priority_on_date,asof,false,true,medium,,false,1,6,true,true,8,5,0,0,0,0,0.000000,0,stop,
20260903-1856-null,null,mock,null,v2,f7bbdd5fe0812c4d,1c5c35327076c6b6,v2-case-031,join,,4,priority_now,supersession,false,false,high,,false,1,6,true,true,8,5,0,0,0,0,0.000000,0,stop,
20260903-1856-null,null,mock,null,v2,f7bbdd5fe0812c4d,1c5c35327076c6b6,v2-case-031,join,,5,branch_name,abstain,true,,,,false,1,6,true,true,8,5,0,0,0,0,0.000000,0,stop,
20260903-1856-null,null,mock,null,v2,f7bbdd5fe0812c4d,1c5c35327076c6b6,v2-twin-014,exhaustive,v2-case-031,0,labels,exhaustive,false,true,"[""relay"",""urgent-fix""]",,false,0,1,true,true,7,5,0,0,0,0,0.000000,0,stop,
20260903-1856-null,null,mock,null,v2,f7bbdd5fe0812c4d,1c5c35327076c6b6,v2-case-032,join,,0,issue_id,join,false,true,wrn-205,,false,0,5,true,true,7,4,0,0,0,0,0.000000,0,stop,
20260903-1856-null,null,mock,null,v2,f7bbdd5fe0812c4d,1c5c35327076c6b6,v2-case-032,join,,1,current_assignee,join,false,true,priya raman,,false,0,5,true,true,7,4,0,0,0,0,0.000000,0,stop,
20260903-1856-null,null,mock,null,v2,f7bbdd5fe0812c4d,1c5c35327076c6b6,v2-case-032,join,,2,labels,exhaustive,false,true,"[""launch"",""policy""]",,false,0,5,true,true,7,4,0,0,0,0,0.000000,0,stop,
20260903-1856-null,null,mock,null,v2,f7bbdd5fe0812c4d,1c5c35327076c6b6,v2-case-032,join,,3,priority_on_date,asof,false,true,medium,,false,0,5,true,true,7,4,0,0,0,0,0.000000,0,stop,
20260903-1856-null,null,mock,null,v2,f7bbdd5fe0812c4d,1c5c35327076c6b6,v2-case-032,join,,4,priority_now,supersession,false,false,high,,false,0,5,true,true,7,4,0,0,0,0,0.000000,0,stop,
20260903-1856-null,null,mock,null,v2,f7bbdd5fe0812c4d,1c5c35327076c6b6,v2-case-033,join,,0,issue_id,join,false,true,wrn-206,,false,1,6,true,true,8,5,0,0,0,0,0.000000,0,stop,
20260903-1856-null,null,mock,null,v2,f7bbdd5fe0812c4d,1c5c35327076c6b6,v2-case-033,join,,1,current_assignee,join,false,true,tomas ruiz,,false,1,6,true,true,8,5,0,0,0,0,0.000000,0,stop,
20260903-1856-null,null,mock,null,v2,f7bbdd5fe0812c4d,1c5c35327076c6b6,v2-case-033,join,,2,labels,exhaustive,false,true,"[""infra"",""residency""]",,false,1,6,true,true,8,5,0,0,0,0,0.000000,0,stop,
20260903-1856-null,null,mock,null,v2,f7bbdd5fe0812c4d,1c5c35327076c6b6,v2-case-033,join,,3,priority_on_date,asof,false,true,medium,,false,1,6,true,true,8,5,0,0,0,0,0.000000,0,stop,
20260903-1856-null,null,mock,null,v2,f7bbdd5fe0812c4d,1c5c35327076c6b6,v2-case-033,join,,4,priority_now,supersession,false,false,high,,false,1,6,true,true,8,5,0,0,0,0,0.000000,0,stop,
20260903-1856-null,null,mock,null,v2,f7bbdd5fe0812c4d,1c5c35327076c6b6,v2-case-033,join,,5,shard_count,abstain,true,,,,false,1,6,true,true,8,5,0,0,0,0,0.000000,0,stop,
20260903-1856-null,null,mock,null,v2,f7bbdd5fe0812c4d,1c5c35327076c6b6,v2-case-034,join,,0,issue_id,join,false,true,wrn-208,,false,0,5,true,true,7,5,0,0,0,0,0.000000,0,stop,
20260903-1856-null,null,mock,null,v2,f7bbdd5fe0812c4d,1c5c35327076c6b6,v2-case-034,join,,1,current_assignee,join,false,true,viktor novak,,false,0,5,true,true,7,5,0,0,0,0,0.000000,0,stop,
20260903-1856-null,null,mock,null,v2,f7bbdd5fe0812c4d,1c5c35327076c6b6,v2-case-034,join,,2,labels,exhaustive,false,true,"[""api"",""urgent-fix""]",,false,0,5,true,true,7,5,0,0,0,0,0.000000,0,stop,
20260903-1856-null,null,mock,null,v2,f7bbdd5fe0812c4d,1c5c35327076c6b6,v2-case-034,join,,3,priority_on_date,asof,false,true,medium,,false,0,5,true,true,7,5,0,0,0,0,0.000000,0,stop,
20260903-1856-null,null,mock,null,v2,f7bbdd5fe0812c4d,1c5c35327076c6b6,v2-case-034,join,,4,priority_now,supersession,false,false,high,,false,0,5,true,true,7,5,0,0,0,0,0.000000,0,stop,
20260903-1856-null,null,mock,null,v2,f7bbdd5fe0812c4d,1c5c35327076c6b6,v2-twin-015,join,v2-case-034,0,current_assignee,join,false,true,viktor novak,,false,0,1,true,true,7,4,0,0,0,0,0.000000,0,stop,
20260903-1856-null,null,mock,null,v2,f7bbdd5fe0812c4d,1c5c35327076c6b6,v2-case-035,join,,0,issue_id,join,false,true,wrn-209,,false,1,6,true,true,7,5,0,0,0,0,0.000000,0,stop,
20260903-1856-null,null,mock,null,v2,f7bbdd5fe0812c4d,1c5c35327076c6b6,v2-case-035,join,,1,current_assignee,join,false,true,aisha nkemelu,,false,1,6,true,true,7,5,0,0,0,0,0.000000,0,stop,
20260903-1856-null,null,mock,null,v2,f7bbdd5fe0812c4d,1c5c35327076c6b6,v2-case-035,join,,2,labels,exhaustive,false,true,"[""launch"",""residency""]",,false,1,6,true,true,7,5,0,0,0,0,0.000000,0,stop,
20260903-1856-null,null,mock,null,v2,f7bbdd5fe0812c4d,1c5c35327076c6b6,v2-case-035,join,,3,priority_on_date,asof,false,true,medium,,false,1,6,true,true,7,5,0,0,0,0,0.000000,0,stop,
20260903-1856-null,null,mock,null,v2,f7bbdd5fe0812c4d,1c5c35327076c6b6,v2-case-035,join,,4,priority_now,supersession,false,false,high,,false,1,6,true,true,7,5,0,0,0,0,0.000000,0,stop,
20260903-1856-null,null,mock,null,v2,f7bbdd5fe0812c4d,1c5c35327076c6b6,v2-case-035,join,,5,estimate_days,abstain,true,,,,false,1,6,true,true,7,5,0,0,0,0,0.000000,0,stop,
20260903-1856-null,null,mock,null,v2,f7bbdd5fe0812c4d,1c5c35327076c6b6,v2-case-036,join,,0,issue_id,join,false,true,wrn-210,,false,0,5,true,true,8,5,0,0,0,0,0.000000,0,stop,
20260903-1856-null,null,mock,null,v2,f7bbdd5fe0812c4d,1c5c35327076c6b6,v2-case-036,join,,1,current_assignee,join,false,true,mei-ling chen,,false,0,5,true,true,8,5,0,0,0,0,0.000000,0,stop,
20260903-1856-null,null,mock,null,v2,f7bbdd5fe0812c4d,1c5c35327076c6b6,v2-case-036,join,,2,labels,exhaustive,false,true,"[""pilot"",""support""]",,false,0,5,true,true,8,5,0,0,0,0,0.000000,0,stop,
20260903-1856-null,null,mock,null,v2,f7bbdd5fe0812c4d,1c5c35327076c6b6,v2-case-036,join,,3,priority_on_date,asof,false,true,medium,,false,0,5,true,true,8,5,0,0,0,0,0.000000,0,stop,
20260903-1856-null,null,mock,null,v2,f7bbdd5fe0812c4d,1c5c35327076c6b6,v2-case-036,join,,4,priority_now,supersession,false,false,high,,false,0,5,true,true,8,5,0,0,0,0,0.000000,0,stop,
20260903-1856-null,null,mock,null,v2,f7bbdd5fe0812c4d,1c5c35327076c6b6,v2-case-037,join,,0,issue_id,join,false,true,wrn-212,,false,1,6,true,true,8,5,0,0,0,0,0.000000,0,stop,
20260903-1856-null,null,mock,null,v2,f7bbdd5fe0812c4d,1c5c35327076c6b6,v2-case-037,join,,1,current_assignee,join,false,true,nadia oyelaran,,false,1,6,true,true,8,5,0,0,0,0,0.000000,0,stop,
20260903-1856-null,null,mock,null,v2,f7bbdd5fe0812c4d,1c5c35327076c6b6,v2-case-037,join,,2,labels,exhaustive,false,true,"[""security"",""urgent-fix""]",,false,1,6,true,true,8,5,0,0,0,0,0.000000,0,stop,
20260903-1856-null,null,mock,null,v2,f7bbdd5fe0812c4d,1c5c35327076c6b6,v2-case-037,join,,3,priority_on_date,asof,false,true,medium,,false,1,6,true,true,8,5,0,0,0,0,0.000000,0,stop,
20260903-1856-null,null,mock,null,v2,f7bbdd5fe0812c4d,1c5c35327076c6b6,v2-case-037,join,,4,priority_now,supersession,false,false,high,,false,1,6,true,true,8,5,0,0,0,0,0.000000,0,stop,
20260903-1856-null,null,mock,null,v2,f7bbdd5fe0812c4d,1c5c35327076c6b6,v2-case-037,join,,5,cve_id,abstain,true,,,,false,1,6,true,true,8,5,0,0,0,0,0.000000,0,stop,
20260903-1856-null,null,mock,null,v2,f7bbdd5fe0812c4d,1c5c35327076c6b6,v2-twin-016,exhaustive,v2-case-037,0,labels,exhaustive,false,true,"[""security"",""urgent-fix""]",,false,0,1,true,true,9,6,0,0,0,0,0.000000,0,stop,
20260903-1856-null,null,mock,null,v2,f7bbdd5fe0812c4d,1c5c35327076c6b6,v2-case-038,join,,0,issue_id,join,false,true,wrn-213,,false,0,5,true,true,7,5,0,0,0,0,0.000000,0,stop,
20260903-1856-null,null,mock,null,v2,f7bbdd5fe0812c4d,1c5c35327076c6b6,v2-case-038,join,,1,current_assignee,join,false,true,lukas fenn,,false,0,5,true,true,7,5,0,0,0,0,0.000000,0,stop,
20260903-1856-null,null,mock,null,v2,f7bbdd5fe0812c4d,1c5c35327076c6b6,v2-case-038,join,,2,labels,exhaustive,false,true,"[""launch"",""observability""]",,false,0,5,true,true,7,5,0,0,0,0,0.000000,0,stop,
20260903-1856-null,null,mock,null,v2,f7bbdd5fe0812c4d,1c5c35327076c6b6,v2-case-038,join,,3,priority_on_date,asof,false,true,medium,,false,0,5,true,true,7,5,0,0,0,0,0.000000,0,stop,
20260903-1856-null,null,mock,null,v2,f7bbdd5fe0812c4d,1c5c35327076c6b6,v2-case-038,join,,4,priority_now,supersession,false,false,high,,false,0,5,true,true,7,5,0,0,0,0,0.000000,0,stop,
20260903-1856-null,null,mock,null,v2,f7bbdd5fe0812c4d,1c5c35327076c6b6,v2-case-039,join,,0,issue_id,join,false,true,wrn-214,,false,1,6,true,true,7,6,0,0,0,0,0.000000,0,stop,
20260903-1856-null,null,mock,null,v2,f7bbdd5fe0812c4d,1c5c35327076c6b6,v2-case-039,join,,1,current_assignee,join,false,true,priya raman,,false,1,6,true,true,7,6,0,0,0,0,0.000000,0,stop,
20260903-1856-null,null,mock,null,v2,f7bbdd5fe0812c4d,1c5c35327076c6b6,v2-case-039,join,,2,labels,exhaustive,false,true,"[""residency"",""urgent-fix""]",,false,1,6,true,true,7,6,0,0,0,0,0.000000,0,stop,
20260903-1856-null,null,mock,null,v2,f7bbdd5fe0812c4d,1c5c35327076c6b6,v2-case-039,join,,3,priority_on_date,asof,false,true,medium,,false,1,6,true,true,7,6,0,0,0,0,0.000000,0,stop,
20260903-1856-null,null,mock,null,v2,f7bbdd5fe0812c4d,1c5c35327076c6b6,v2-case-039,join,,4,priority_now,supersession,false,true,high,,false,1,6,true,true,7,6,0,0,0,0,0.000000,0,stop,
20260903-1856-null,null,mock,null,v2,f7bbdd5fe0812c4d,1c5c35327076c6b6,v2-case-039,join,,5,budget_percentage,abstain,true,,,,false,1,6,true,true,7,6,0,0,0,0,0.000000,0,stop,
20260903-1856-null,null,mock,null,v2,f7bbdd5fe0812c4d,1c5c35327076c6b6,v2-twin-017,join,v2-case-039,0,current_assignee,join,false,true,priya raman,,false,0,1,true,true,9,6,0,0,0,0,0.000000,0,stop,
20260903-1856-null,null,mock,null,v2,f7bbdd5fe0812c4d,1c5c35327076c6b6,v2-case-040,join,,0,issue_id,join,false,true,wrn-216,,false,0,5,true,true,7,4,0,0,0,0,0.000000,0,stop,
20260903-1856-null,null,mock,null,v2,f7bbdd5fe0812c4d,1c5c35327076c6b6,v2-case-040,join,,1,current_assignee,join,false,true,hana sato,,false,0,5,true,true,7,4,0,0,0,0,0.000000,0,stop,
20260903-1856-null,null,mock,null,v2,f7bbdd5fe0812c4d,1c5c35327076c6b6,v2-case-040,join,,2,labels,exhaustive,false,true,"[""launch"",""residency""]",,false,0,5,true,true,7,4,0,0,0,0,0.000000,0,stop,
20260903-1856-null,null,mock,null,v2,f7bbdd5fe0812c4d,1c5c35327076c6b6,v2-case-040,join,,3,priority_on_date,asof,false,true,medium,,false,0,5,true,true,7,4,0,0,0,0,0.000000,0,stop,
20260903-1856-null,null,mock,null,v2,f7bbdd5fe0812c4d,1c5c35327076c6b6,v2-case-040,join,,4,priority_now,supersession,false,true,high,,false,0,5,true,true,7,4,0,0,0,0,0.000000,0,stop,
20260903-1856-null,null,mock,null,v2,f7bbdd5fe0812c4d,1c5c35327076c6b6,v2-case-041,exhaustive,,0,current_set,exhaustive,false,true,"[""amsterdam"",""frankfurt"",""sao paulo"",""sydney""]",,false,1,6,true,true,8,5,0,0,0,0,0.000000,0,stop,
20260903-1856-null,null,mock,null,v2,f7bbdd5fe0812c4d,1c5c35327076c6b6,v2-case-041,exhaustive,,1,count_now,aggregation,false,true,4,,false,1,6,true,true,8,5,0,0,0,0,0.000000,0,stop,
20260903-1856-null,null,mock,null,v2,f7bbdd5fe0812c4d,1c5c35327076c6b6,v2-case-041,exhaustive,,2,count_on_date,asof,false,true,4,,false,1,6,true,true,8,5,0,0,0,0,0.000000,0,stop,
20260903-1856-null,null,mock,null,v2,f7bbdd5fe0812c4d,1c5c35327076c6b6,v2-case-041,exhaustive,,3,removed_entry,conflict,false,true,dublin,,false,1,6,true,true,8,5,0,0,0,0,0.000000,0,stop,
20260903-1856-null,null,mock,null,v2,f7bbdd5fe0812c4d,1c5c35327076c6b6,v2-case-041,exhaustive,,4,last_addition_by,entities,false,true,elena marchetti,,false,1,6,true,true,8,5,0,0,0,0,0.000000,0,stop,
20260903-1856-null,null,mock,null,v2,f7bbdd5fe0812c4d,1c5c35327076c6b6,v2-case-041,exhaustive,,5,tokyo_launch_date,abstain,true,,,,false,1,6,true,true,8,5,0,0,0,0,0.000000,0,stop,
20260903-1856-null,null,mock,null,v2,f7bbdd5fe0812c4d,1c5c35327076c6b6,v2-twin-018,exhaustive,v2-case-041,0,current_set,exhaustive,false,true,"[""amsterdam"",""frankfurt"",""sao paulo"",""sydney""]",,false,0,1,true,true,7,4,0,0,0,0,0.000000,0,stop,
20260903-1856-null,null,mock,null,v2,f7bbdd5fe0812c4d,1c5c35327076c6b6,v2-case-042,exhaustive,,0,current_set,exhaustive,false,true,"[""mutual tls"",""oidc"",""saml"",""workload identity""]",,false,0,5,true,true,6,4,0,0,0,0,0.000000,0,stop,
20260903-1856-null,null,mock,null,v2,f7bbdd5fe0812c4d,1c5c35327076c6b6,v2-case-042,exhaustive,,1,count_now,aggregation,false,true,4,,false,0,5,true,true,6,4,0,0,0,0,0.000000,0,stop,
20260903-1856-null,null,mock,null,v2,f7bbdd5fe0812c4d,1c5c35327076c6b6,v2-case-042,exhaustive,,2,count_on_date,asof,false,true,4,,false,0,5,true,true,6,4,0,0,0,0,0.000000,0,stop,
20260903-1856-null,null,mock,null,v2,f7bbdd5fe0812c4d,1c5c35327076c6b6,v2-case-042,exhaustive,,3,removed_entry,conflict,false,true,api key,,false,0,5,true,true,6,4,0,0,0,0,0.000000,0,stop,
20260903-1856-null,null,mock,null,v2,f7bbdd5fe0812c4d,1c5c35327076c6b6,v2-case-042,exhaustive,,4,last_addition_by,entities,false,true,priya raman,,false,0,5,true,true,6,4,0,0,0,0,0.000000,0,stop,
20260903-1856-null,null,mock,null,v2,f7bbdd5fe0812c4d,1c5c35327076c6b6,v2-case-043,exhaustive,,0,current_set,exhaustive,false,true,"[""go"",""java"",""rust"",""typescript""]",,false,1,6,true,true,7,5,0,0,0,0,0.000000,0,stop,
20260903-1856-null,null,mock,null,v2,f7bbdd5fe0812c4d,1c5c35327076c6b6,v2-case-043,exhaustive,,1,count_now,aggregation,false,true,4,,false,1,6,true,true,7,5,0,0,0,0,0.000000,0,stop,
20260903-1856-null,null,mock,null,v2,f7bbdd5fe0812c4d,1c5c35327076c6b6,v2-case-043,exhaustive,,2,count_on_date,asof,false,true,4,,false,1,6,true,true,7,5,0,0,0,0,0.000000,0,stop,
20260903-1856-null,null,mock,null,v2,f7bbdd5fe0812c4d,1c5c35327076c6b6,v2-case-043,exhaustive,,3,removed_entry,conflict,false,true,python,,false,1,6,true,true,7,5,0,0,0,0,0.000000,0,stop,
20260903-1856-null,null,mock,null,v2,f7bbdd5fe0812c4d,1c5c35327076c6b6,v2-case-043,exhaustive,,4,last_addition_by,entities,false,true,dan okonkwo,,false,1,6,true,true,7,5,0,0,0,0,0.000000,0,stop,
20260903-1856-null,null,mock,null,v2,f7bbdd5fe0812c4d,1c5c35327076c6b6,v2-case-043,exhaustive,,5,dotnet_sdk_date,abstain,true,,,,false,1,6,true,true,7,5,0,0,0,0,0.000000,0,stop,
20260903-1856-null,null,mock,null,v2,f7bbdd5fe0812c4d,1c5c35327076c6b6,v2-twin-019,asof,v2-case-043,0,count_on_date,asof,false,true,4,,false,0,1,true,true,7,6,0,0,0,0,0.000000,0,stop,
20260903-1856-null,null,mock,null,v2,f7bbdd5fe0812c4d,1c5c35327076c6b6,v2-case-044,exhaustive,,0,current_set,exhaustive,false,true,"[""gdpr"",""hipaa"",""soc 2"",""tisax""]",,false,0,5,true,true,9,6,0,0,0,0,0.000000,0,stop,
20260903-1856-null,null,mock,null,v2,f7bbdd5fe0812c4d,1c5c35327076c6b6,v2-case-044,exhaustive,,1,count_now,aggregation,false,true,4,,false,0,5,true,true,9,6,0,0,0,0,0.000000,0,stop,
20260903-1856-null,null,mock,null,v2,f7bbdd5fe0812c4d,1c5c35327076c6b6,v2-case-044,exhaustive,,2,count_on_date,asof,false,true,4,,false,0,5,true,true,9,6,0,0,0,0,0.000000,0,stop,
20260903-1856-null,null,mock,null,v2,f7bbdd5fe0812c4d,1c5c35327076c6b6,v2-case-044,exhaustive,,3,removed_entry,conflict,false,true,iso 27001,,false,0,5,true,true,9,6,0,0,0,0,0.000000,0,stop,
20260903-1856-null,null,mock,null,v2,f7bbdd5fe0812c4d,1c5c35327076c6b6,v2-case-044,exhaustive,,4,last_addition_by,entities,false,true,clara vogt,,false,0,5,true,true,9,6,0,0,0,0,0.000000,0,stop,
20260903-1856-null,null,mock,null,v2,f7bbdd5fe0812c4d,1c5c35327076c6b6,v2-case-045,exhaustive,,0,current_set,exhaustive,false,true,"[""pagerduty"",""slack"",""sms"",""webhook""]",,false,1,6,true,true,8,5,0,0,0,0,0.000000,0,stop,
20260903-1856-null,null,mock,null,v2,f7bbdd5fe0812c4d,1c5c35327076c6b6,v2-case-045,exhaustive,,1,count_now,aggregation,false,true,4,,false,1,6,true,true,8,5,0,0,0,0,0.000000,0,stop,
20260903-1856-null,null,mock,null,v2,f7bbdd5fe0812c4d,1c5c35327076c6b6,v2-case-045,exhaustive,,2,count_on_date,asof,false,true,4,,false,1,6,true,true,8,5,0,0,0,0,0.000000,0,stop,
20260903-1856-null,null,mock,null,v2,f7bbdd5fe0812c4d,1c5c35327076c6b6,v2-case-045,exhaustive,,3,removed_entry,conflict,false,true,email,,false,1,6,true,true,8,5,0,0,0,0,0.000000,0,stop,
20260903-1856-null,null,mock,null,v2,f7bbdd5fe0812c4d,1c5c35327076c6b6,v2-case-045,exhaustive,,4,last_addition_by,entities,false,true,ravi sundaram,,false,1,6,true,true,8,5,0,0,0,0,0.000000,0,stop,
20260903-1856-null,null,mock,null,v2,f7bbdd5fe0812c4d,1c5c35327076c6b6,v2-case-045,exhaustive,,5,webhook_retry_count,abstain,true,,,,false,1,6,true,true,8,5,0,0,0,0,0.000000,0,stop,
20260903-1856-null,null,mock,null,v2,f7bbdd5fe0812c4d,1c5c35327076c6b6,v2-twin-020,exhaustive,v2-case-045,0,current_set,exhaustive,false,true,"[""pagerduty"",""slack"",""sms"",""webhook""]",,false,0,1,true,true,8,5,0,0,0,0,0.000000,0,stop,
20260903-1856-null,null,mock,null,v2,f7bbdd5fe0812c4d,1c5c35327076c6b6,v2-case-046,exhaustive,,0,current_set,exhaustive,false,true,"[""audit export"",""priority support"",""private link"",""region pinning""]",,false,0,5,true,true,8,5,0,0,0,0,0.000000,0,stop,
20260903-1856-null,null,mock,null,v2,f7bbdd5fe0812c4d,1c5c35327076c6b6,v2-case-046,exhaustive,,1,count_now,aggregation,false,true,4,,false,0,5,true,true,8,5,0,0,0,0,0.000000,0,stop,
20260903-1856-null,null,mock,null,v2,f7bbdd5fe0812c4d,1c5c35327076c6b6,v2-case-046,exhaustive,,2,count_on_date,asof,false,true,4,,false,0,5,true,true,8,5,0,0,0,0,0.000000,0,stop,
20260903-1856-null,null,mock,null,v2,f7bbdd5fe0812c4d,1c5c35327076c6b6,v2-case-046,exhaustive,,3,removed_entry,conflict,false,true,custom retention,,false,0,5,true,true,8,5,0,0,0,0,0.000000,0,stop,
20260903-1856-null,null,mock,null,v2,f7bbdd5fe0812c4d,1c5c35327076c6b6,v2-case-046,exhaustive,,4,last_addition_by,entities,false,true,elena marchetti,,false,0,5,true,true,8,5,0,0,0,0,0.000000,0,stop,
20260903-1856-null,null,mock,null,v2,f7bbdd5fe0812c4d,1c5c35327076c6b6,v2-case-047,exhaustive,,0,current_set,exhaustive,false,true,"[""aisha nkemelu"",""dan okonkwo"",""tomas ruiz"",""viktor novak""]",,false,1,6,true,true,7,5,0,0,0,0,0.000000,0,stop,
20260903-1856-null,null,mock,null,v2,f7bbdd5fe0812c4d,1c5c35327076c6b6,v2-case-047,exhaustive,,1,count_now,aggregation,false,true,4,,false,1,6,true,true,7,5,0,0,0,0,0.000000,0,stop,
20260903-1856-null,null,mock,null,v2,f7bbdd5fe0812c4d,1c5c35327076c6b6,v2-case-047,exhaustive,,2,count_on_date,asof,false,true,4,,false,1,6,true,true,7,5,0,0,0,0,0.000000,0,stop,
20260903-1856-null,null,mock,null,v2,f7bbdd5fe0812c4d,1c5c35327076c6b6,v2-case-047,exhaustive,,3,removed_entry,conflict,false,true,priya raman,,false,1,6,true,true,7,5,0,0,0,0,0.000000,0,stop,
20260903-1856-null,null,mock,null,v2,f7bbdd5fe0812c4d,1c5c35327076c6b6,v2-case-047,exhaustive,,4,last_addition_by,entities,false,true,tomas ruiz,,false,1,6,true,true,7,5,0,0,0,0,0.000000,0,stop,
20260903-1856-null,null,mock,null,v2,f7bbdd5fe0812c4d,1c5c35327076c6b6,v2-case-047,exhaustive,,5,weekend_rate_eur,abstain,true,,,,false,1,6,true,true,7,5,0,0,0,0,0.000000,0,stop,
20260903-1856-null,null,mock,null,v2,f7bbdd5fe0812c4d,1c5c35327076c6b6,v2-twin-021,asof,v2-case-047,0,count_on_date,asof,false,true,4,,false,0,1,true,true,8,6,0,0,0,0,0.000000,0,stop,
20260903-1856-null,null,mock,null,v2,f7bbdd5fe0812c4d,1c5c35327076c6b6,v2-case-048,exhaustive,,0,current_set,exhaustive,false,true,"[""load test"",""runbook review"",""status page copy"",""support training""]",,false,0,5,true,true,9,6,0,0,0,0,0.000000,0,stop,
20260903-1856-null,null,mock,null,v2,f7bbdd5fe0812c4d,1c5c35327076c6b6,v2-case-048,exhaustive,,1,count_now,aggregation,false,true,4,,false,0,5,true,true,9,6,0,0,0,0,0.000000,0,stop,
20260903-1856-null,null,mock,null,v2,f7bbdd5fe0812c4d,1c5c35327076c6b6,v2-case-048,exhaustive,,2,count_on_date,asof,false,true,4,,false,0,5,true,true,9,6,0,0,0,0,0.000000,0,stop,
20260903-1856-null,null,mock,null,v2,f7bbdd5fe0812c4d,1c5c35327076c6b6,v2-case-048,exhaustive,,3,removed_entry,conflict,false,true,pricing page,,false,0,5,true,true,9,6,0,0,0,0,0.000000,0,stop,
20260903-1856-null,null,mock,null,v2,f7bbdd5fe0812c4d,1c5c35327076c6b6,v2-case-048,exhaustive,,4,last_addition_by,entities,false,true,mei-ling chen,,false,0,5,true,true,9,6,0,0,0,0,0.000000,0,stop,
20260903-1856-null,null,mock,null,v2,f7bbdd5fe0812c4d,1c5c35327076c6b6,v2-case-049,exhaustive,,0,current_set,exhaustive,false,true,"[""meridian freight"",""northgate bank"",""sundara mobility"",""voss retail""]",,false,1,6,true,true,8,5,0,0,0,0,0.000000,0,stop,
20260903-1856-null,null,mock,null,v2,f7bbdd5fe0812c4d,1c5c35327076c6b6,v2-case-049,exhaustive,,1,count_now,aggregation,false,true,4,,false,1,6,true,true,8,5,0,0,0,0,0.000000,0,stop,
20260903-1856-null,null,mock,null,v2,f7bbdd5fe0812c4d,1c5c35327076c6b6,v2-case-049,exhaustive,,2,count_on_date,asof,false,true,4,,false,1,6,true,true,8,5,0,0,0,0,0.000000,0,stop,
20260903-1856-null,null,mock,null,v2,f7bbdd5fe0812c4d,1c5c35327076c6b6,v2-case-049,exhaustive,,3,removed_entry,conflict,false,true,calder health,,false,1,6,true,true,8,5,0,0,0,0,0.000000,0,stop,
20260903-1856-null,null,mock,null,v2,f7bbdd5fe0812c4d,1c5c35327076c6b6,v2-case-049,exhaustive,,4,last_addition_by,entities,false,true,yusuf demir,,false,1,6,true,true,8,5,0,0,0,0,0.000000,0,stop,
20260903-1856-null,null,mock,null,v2,f7bbdd5fe0812c4d,1c5c35327076c6b6,v2-case-049,exhaustive,,5,partner_revenue_share,abstain,true,,,,false,1,6,true,true,8,5,0,0,0,0,0.000000,0,stop,
20260903-1856-null,null,mock,null,v2,f7bbdd5fe0812c4d,1c5c35327076c6b6,v2-twin-022,exhaustive,v2-case-049,0,current_set,exhaustive,false,true,"[""meridian freight"",""northgate bank"",""sundara mobility"",""voss retail""]",,false,0,1,true,true,8,5,0,0,0,0,0.000000,0,stop,
20260903-1856-null,null,mock,null,v2,f7bbdd5fe0812c4d,1c5c35327076c6b6,v2-case-050,exhaustive,,0,current_set,exhaustive,false,true,"[""policy version"",""region"",""request id"",""tenant id""]",,false,0,5,true,true,7,6,0,0,0,0,0.000000,0,stop,
20260903-1856-null,null,mock,null,v2,f7bbdd5fe0812c4d,1c5c35327076c6b6,v2-case-050,exhaustive,,1,count_now,aggregation,false,true,4,,false,0,5,true,true,7,6,0,0,0,0,0.000000,0,stop,
20260903-1856-null,null,mock,null,v2,f7bbdd5fe0812c4d,1c5c35327076c6b6,v2-case-050,exhaustive,,2,count_on_date,asof,false,true,4,,false,0,5,true,true,7,6,0,0,0,0,0.000000,0,stop,
20260903-1856-null,null,mock,null,v2,f7bbdd5fe0812c4d,1c5c35327076c6b6,v2-case-050,exhaustive,,3,removed_entry,conflict,false,true,actor,,false,0,5,true,true,7,6,0,0,0,0,0.000000,0,stop,
20260903-1856-null,null,mock,null,v2,f7bbdd5fe0812c4d,1c5c35327076c6b6,v2-case-050,exhaustive,,4,last_addition_by,entities,false,true,aisha nkemelu,,false,0,5,true,true,7,6,0,0,0,0,0.000000,0,stop,
20260903-1856-null,null,mock,null,v2,f7bbdd5fe0812c4d,1c5c35327076c6b6,v2-case-051,conflict,,0,going_ahead,conflict,false,true,false,,false,1,6,true,true,8,6,0,0,0,0,0.000000,0,stop,
20260903-1856-null,null,mock,null,v2,f7bbdd5fe0812c4d,1c5c35327076c6b6,v2-case-051,conflict,,1,decided_value,conflict,false,true,40,,false,1,6,true,true,8,6,0,0,0,0,0.000000,0,stop,
20260903-1856-null,null,mock,null,v2,f7bbdd5fe0812c4d,1c5c35327076c6b6,v2-case-051,conflict,,2,decided_by,entities,false,true,tomas ruiz,,false,1,6,true,true,8,6,0,0,0,0,0.000000,0,stop,
20260903-1856-null,null,mock,null,v2,f7bbdd5fe0812c4d,1c5c35327076c6b6,v2-case-051,conflict,,3,effective_date,facts,false,true,2027-02-01,,false,1,6,true,true,8,6,0,0,0,0,0.000000,0,stop,
20260903-1856-null,null,mock,null,v2,f7bbdd5fe0812c4d,1c5c35327076c6b6,v2-case-051,conflict,,4,status_now,supersession,false,true,on hold,,false,1,6,true,true,8,6,0,0,0,0,0.000000,0,stop,
20260903-1856-null,null,mock,null,v2,f7bbdd5fe0812c4d,1c5c35327076c6b6,v2-case-051,conflict,,5,drill_owner_backup,abstain,true,,,,false,1,6,true,true,8,6,0,0,0,0,0.000000,0,stop,
20260903-1856-null,null,mock,null,v2,f7bbdd5fe0812c4d,1c5c35327076c6b6,v2-case-052,conflict,,0,going_ahead,conflict,false,true,true,,false,0,5,true,true,8,5,0,0,0,0,0.000000,0,stop,
20260903-1856-null,null,mock,null,v2,f7bbdd5fe0812c4d,1c5c35327076c6b6,v2-case-052,conflict,,1,decided_value,conflict,false,true,64,,false,0,5,true,true,8,5,0,0,0,0,0.000000,0,stop,
20260903-1856-null,null,mock,null,v2,f7bbdd5fe0812c4d,1c5c35327076c6b6,v2-case-052,conflict,,2,decided_by,entities,false,true,elena marchetti,,false,0,5,true,true,8,5,0,0,0,0,0.000000,0,stop,
20260903-1856-null,null,mock,null,v2,f7bbdd5fe0812c4d,1c5c35327076c6b6,v2-case-052,conflict,,3,effective_date,facts,false,true,2027-03-01,,false,0,5,true,true,8,5,0,0,0,0,0.000000,0,stop,
20260903-1856-null,null,mock,null,v2,f7bbdd5fe0812c4d,1c5c35327076c6b6,v2-case-052,conflict,,4,status_now,supersession,false,true,approved,,false,0,5,true,true,8,5,0,0,0,0,0.000000,0,stop,
20260903-1856-null,null,mock,null,v2,f7bbdd5fe0812c4d,1c5c35327076c6b6,v2-twin-023,conflict,v2-case-052,0,going_ahead,conflict,false,true,true,,false,0,1,true,true,7,6,0,0,0,0,0.000000,0,stop,
20260903-1856-null,null,mock,null,v2,f7bbdd5fe0812c4d,1c5c35327076c6b6,v2-case-053,conflict,,0,going_ahead,conflict,false,true,false,,false,1,6,true,true,6,4,0,0,0,0,0.000000,0,stop,
20260903-1856-null,null,mock,null,v2,f7bbdd5fe0812c4d,1c5c35327076c6b6,v2-case-053,conflict,,1,decided_value,conflict,false,true,6,,false,1,6,true,true,6,4,0,0,0,0,0.000000,0,stop,
20260903-1856-null,null,mock,null,v2,f7bbdd5fe0812c4d,1c5c35327076c6b6,v2-case-053,conflict,,2,decided_by,entities,false,true,priya raman,,false,1,6,true,true,6,4,0,0,0,0,0.000000,0,stop,
20260903-1856-null,null,mock,null,v2,f7bbdd5fe0812c4d,1c5c35327076c6b6,v2-case-053,conflict,,3,effective_date,facts,false,true,2027-04-01,,false,1,6,true,true,6,4,0,0,0,0,0.000000,0,stop,
20260903-1856-null,null,mock,null,v2,f7bbdd5fe0812c4d,1c5c35327076c6b6,v2-case-053,conflict,,4,status_now,supersession,false,true,deferred,,false,1,6,true,true,6,4,0,0,0,0,0.000000,0,stop,
20260903-1856-null,null,mock,null,v2,f7bbdd5fe0812c4d,1c5c35327076c6b6,v2-case-053,conflict,,5,legacy_shutdown_date,abstain,true,,,,false,1,6,true,true,6,4,0,0,0,0,0.000000,0,stop,
20260903-1856-null,null,mock,null,v2,f7bbdd5fe0812c4d,1c5c35327076c6b6,v2-case-054,conflict,,0,going_ahead,conflict,false,true,true,,false,0,5,true,true,7,4,0,0,0,0,0.000000,0,stop,
20260903-1856-null,null,mock,null,v2,f7bbdd5fe0812c4d,1c5c35327076c6b6,v2-case-054,conflict,,1,decided_value,conflict,false,true,3,,false,0,5,true,true,7,4,0,0,0,0,0.000000,0,stop,
20260903-1856-null,null,mock,null,v2,f7bbdd5fe0812c4d,1c5c35327076c6b6,v2-case-054,conflict,,2,decided_by,entities,false,true,hana sato,,false,0,5,true,true,7,4,0,0,0,0,0.000000,0,stop,
20260903-1856-null,null,mock,null,v2,f7bbdd5fe0812c4d,1c5c35327076c6b6,v2-case-054,conflict,,3,effective_date,facts,false,true,2027-03-15,,false,0,5,true,true,7,4,0,0,0,0,0.000000,0,stop,
20260903-1856-null,null,mock,null,v2,f7bbdd5fe0812c4d,1c5c35327076c6b6,v2-case-054,conflict,,4,status_now,supersession,false,true,in progress,,false,0,5,true,true,7,4,0,0,0,0,0.000000,0,stop,
20260903-1856-null,null,mock,null,v2,f7bbdd5fe0812c4d,1c5c35327076c6b6,v2-twin-024,conflict,v2-case-054,0,decided_value,conflict,false,true,3,,false,0,1,true,true,8,5,0,0,0,0,0.000000,0,stop,
20260903-1856-null,null,mock,null,v2,f7bbdd5fe0812c4d,1c5c35327076c6b6,v2-case-055,conflict,,0,going_ahead,conflict,false,true,false,,false,1,6,true,true,8,6,0,0,0,0,0.000000,0,stop,
20260903-1856-null,null,mock,null,v2,f7bbdd5fe0812c4d,1c5c35327076c6b6,v2-case-055,conflict,,1,decided_value,conflict,false,true,4,,false,1,6,true,true,8,6,0,0,0,0,0.000000,0,stop,
20260903-1856-null,null,mock,null,v2,f7bbdd5fe0812c4d,1c5c35327076c6b6,v2-case-055,conflict,,2,decided_by,entities,false,true,mei-ling chen,,false,1,6,true,true,8,6,0,0,0,0,0.000000,0,stop,
20260903-1856-null,null,mock,null,v2,f7bbdd5fe0812c4d,1c5c35327076c6b6,v2-case-055,conflict,,3,effective_date,facts,false,true,2027-05-01,,false,1,6,true,true,8,6,0,0,0,0,0.000000,0,stop,
20260903-1856-null,null,mock,null,v2,f7bbdd5fe0812c4d,1c5c35327076c6b6,v2-case-055,conflict,,4,status_now,supersession,false,true,on hold,,false,1,6,true,true,8,6,0,0,0,0,0.000000,0,stop,
20260903-1856-null,null,mock,null,v2,f7bbdd5fe0812c4d,1c5c35327076c6b6,v2-case-055,conflict,,5,pilot_stipend_eur,abstain,true,,,,false,1,6,true,true,8,6,0,0,0,0,0.000000,0,stop,
20260903-1856-null,null,mock,null,v2,f7bbdd5fe0812c4d,1c5c35327076c6b6,v2-case-056,conflict,,0,going_ahead,conflict,false,true,true,,false,0,5,true,true,8,5,0,0,0,0,0.000000,0,stop,
20260903-1856-null,null,mock,null,v2,f7bbdd5fe0812c4d,1c5c35327076c6b6,v2-case-056,conflict,,1,decided_value,conflict,false,true,7,,false,0,5,true,true,8,5,0,0,0,0,0.000000,0,stop,
20260903-1856-null,null,mock,null,v2,f7bbdd5fe0812c4d,1c5c35327076c6b6,v2-case-056,conflict,,2,decided_by,entities,false,true,elena marchetti,,false,0,5,true,true,8,5,0,0,0,0,0.000000,0,stop,
20260903-1856-null,null,mock,null,v2,f7bbdd5fe0812c4d,1c5c35327076c6b6,v2-case-056,conflict,,3,effective_date,facts,false,true,2027-06-01,,false,0,5,true,true,8,5,0,0,0,0,0.000000,0,stop,
20260903-1856-null,null,mock,null,v2,f7bbdd5fe0812c4d,1c5c35327076c6b6,v2-case-056,conflict,,4,status_now,supersession,false,true,approved,,false,0,5,true,true,8,5,0,0,0,0,0.000000,0,stop,
20260903-1856-null,null,mock,null,v2,f7bbdd5fe0812c4d,1c5c35327076c6b6,v2-twin-025,conflict,v2-case-056,0,going_ahead,conflict,false,true,true,,false,0,1,true,true,8,5,0,0,0,0,0.000000,0,stop,
20260903-1856-null,null,mock,null,v2,f7bbdd5fe0812c4d,1c5c35327076c6b6,v2-case-057,conflict,,0,going_ahead,conflict,false,true,false,,false,1,6,true,true,8,6,0,0,0,0,0.000000,0,stop,
20260903-1856-null,null,mock,null,v2,f7bbdd5fe0812c4d,1c5c35327076c6b6,v2-case-057,conflict,,1,decided_value,conflict,false,true,120,,false,1,6,true,true,8,6,0,0,0,0,0.000000,0,stop,
20260903-1856-null,null,mock,null,v2,f7bbdd5fe0812c4d,1c5c35327076c6b6,v2-case-057,conflict,,2,decided_by,entities,false,true,priya raman,,false,1,6,true,true,8,6,0,0,0,0,0.000000,0,stop,
20260903-1856-null,null,mock,null,v2,f7bbdd5fe0812c4d,1c5c35327076c6b6,v2-case-057,conflict,,3,effective_date,facts,false,true,2027-05-05,,false,1,6,true,true,8,6,0,0,0,0,0.000000,0,stop,
20260903-1856-null,null,mock,null,v2,f7bbdd5fe0812c4d,1c5c35327076c6b6,v2-case-057,conflict,,4,status_now,supersession,false,true,closed beta,,false,1,6,true,true,8,6,0,0,0,0,0.000000,0,stop,
20260903-1856-null,null,mock,null,v2,f7bbdd5fe0812c4d,1c5c35327076c6b6,v2-case-057,conflict,,5,beta_feedback_score,abstain,true,,,,false,1,6,true,true,8,6,0,0,0,0,0.000000,0,stop,
20260903-1856-null,null,mock,null,v2,f7bbdd5fe0812c4d,1c5c35327076c6b6,v2-case-058,conflict,,0,going_ahead,conflict,false,true,true,,false,0,5,true,true,8,5,0,0,0,0,0.000000,0,stop,
20260903-1856-null,null,mock,null,v2,f7bbdd5fe0812c4d,1c5c35327076c6b6,v2-case-058,conflict,,1,decided_value,conflict,false,true,90,,false,0,5,true,true,8,5,0,0,0,0,0.000000,0,stop,
20260903-1856-null,null,mock,null,v2,f7bbdd5fe0812c4d,1c5c35327076c6b6,v2-case-058,conflict,,2,decided_by,entities,false,true,dan okonkwo,,false,0,5,true,true,8,5,0,0,0,0,0.000000,0,stop,
20260903-1856-null,null,mock,null,v2,f7bbdd5fe0812c4d,1c5c35327076c6b6,v2-case-058,conflict,,3,effective_date,facts,false,true,2027-07-01,,false,0,5,true,true,8,5,0,0,0,0,0.000000,0,stop,
20260903-1856-null,null,mock,null,v2,f7bbdd5fe0812c4d,1c5c35327076c6b6,v2-case-058,conflict,,4,status_now,supersession,false,true,announced,,false,0,5,true,true,8,5,0,0,0,0,0.000000,0,stop,
20260903-1856-null,null,mock,null,v2,f7bbdd5fe0812c4d,1c5c35327076c6b6,v2-twin-026,conflict,v2-case-058,0,decided_value,conflict,false,true,90,,false,0,1,true,true,8,5,0,0,0,0,0.000000,0,stop,
20260903-1856-null,null,mock,null,v2,f7bbdd5fe0812c4d,1c5c35327076c6b6,v2-case-059,conflict,,0,going_ahead,conflict,false,true,false,,false,1,6,true,true,7,5,0,0,0,0,0.000000,0,stop,
20260903-1856-null,null,mock,null,v2,f7bbdd5fe0812c4d,1c5c35327076c6b6,v2-case-059,conflict,,1,decided_value,conflict,false,true,5000,,false,1,6,true,true,7,5,0,0,0,0,0.000000,0,stop,
20260903-1856-null,null,mock,null,v2,f7bbdd5fe0812c4d,1c5c35327076c6b6,v2-case-059,conflict,,2,decided_by,entities,false,true,rob feeney,,false,1,6,true,true,7,5,0,0,0,0,0.000000,0,stop,
20260903-1856-null,null,mock,null,v2,f7bbdd5fe0812c4d,1c5c35327076c6b6,v2-case-059,conflict,,3,effective_date,facts,false,true,2027-06-15,,false,1,6,true,true,7,5,0,0,0,0,0.000000,0,stop,
20260903-1856-null,null,mock,null,v2,f7bbdd5fe0812c4d,1c5c35327076c6b6,v2-case-059,conflict,,4,status_now,supersession,false,true,private only,,false,1,6,true,true,7,5,0,0,0,0,0.000000,0,stop,
20260903-1856-null,null,mock,null,v2,f7bbdd5fe0812c4d,1c5c35327076c6b6,v2-case-059,conflict,,5,bounty_platform,abstain,true,,,,false,1,6,true,true,7,5,0,0,0,0,0.000000,0,stop,
20260903-1856-null,null,mock,null,v2,f7bbdd5fe0812c4d,1c5c35327076c6b6,v2-case-060,conflict,,0,going_ahead,conflict,false,true,true,,false,0,5,true,true,7,5,0,0,0,0,0.000000,0,stop,
20260903-1856-null,null,mock,null,v2,f7bbdd5fe0812c4d,1c5c35327076c6b6,v2-case-060,conflict,,1,decided_value,conflict,false,true,500,,false,0,5,true,true,7,5,0,0,0,0,0.000000,0,stop,
20260903-1856-null,null,mock,null,v2,f7bbdd5fe0812c4d,1c5c35327076c6b6,v2-case-060,conflict,,2,decided_by,entities,false,true,ana bertoli,,false,0,5,true,true,7,5,0,0,0,0,0.000000,0,stop,
20260903-1856-null,null,mock,null,v2,f7bbdd5fe0812c4d,1c5c35327076c6b6,v2-case-060,conflict,,3,effective_date,facts,false,true,2027-06-20,,false,0,5,true,true,7,5,0,0,0,0,0.000000,0,stop,
20260903-1856-null,null,mock,null,v2,f7bbdd5fe0812c4d,1c5c35327076c6b6,v2-case-060,conflict,,4,status_now,supersession,false,true,scheduled,,false,0,5,true,true,7,5,0,0,0,0,0.000000,0,stop,
20260903-1856-null,null,mock,null,v2,f7bbdd5fe0812c4d,1c5c35327076c6b6,v2-twin-027,conflict,v2-case-060,0,going_ahead,conflict,false,true,true,,false,0,1,true,true,7,4,0,0,0,0,0.000000,0,stop,
20260903-1856-null,null,mock,null,v2,f7bbdd5fe0812c4d,1c5c35327076c6b6,v2-case-061,facts,,0,open_issues,facts,false,true,17,,false,1,6,true,true,8,5,0,0,0,0,0.000000,0,stop,
20260903-1856-null,null,mock,null,v2,f7bbdd5fe0812c4d,1c5c35327076c6b6,v2-case-061,facts,,1,on_call,entities,false,true,priya raman,,false,1,6,true,true,8,5,0,0,0,0,0.000000,0,stop,
20260903-1856-null,null,mock,null,v2,f7bbdd5fe0812c4d,1c5c35327076c6b6,v2-case-061,facts,,2,deploys_three_weeks,aggregation,false,true,26,,false,1,6,true,true,8,5,0,0,0,0,0.000000,0,stop,
20260903-1856-null,null,mock,null,v2,f7bbdd5fe0812c4d,1c5c35327076c6b6,v2-case-061,facts,,3,failing_checks_on_date,asof,false,true,10,,false,1,6,true,true,8,5,0,0,0,0,0.000000,0,stop,
20260903-1856-null,null,mock,null,v2,f7bbdd5fe0812c4d,1c5c35327076c6b6,v2-case-061,facts,,4,latest_open_issues,supersession,false,false,32,,false,1,6,true,true,8,5,0,0,0,0,0.000000,0,stop,
20260903-1856-null,null,mock,null,v2,f7bbdd5fe0812c4d,1c5c35327076c6b6,v2-case-061,facts,,5,reverted_deploys,abstain,true,,,,false,1,6,true,true,8,5,0,0,0,0,0.000000,0,stop,
20260903-1856-null,null,mock,null,v2,f7bbdd5fe0812c4d,1c5c35327076c6b6,v2-twin-028,asof,v2-case-061,0,failing_checks_on_date,asof,false,false,10,,false,0,1,false,true,7,4,0,0,0,0,0.000000,0,stop,
20260903-1856-null,null,mock,null,v2,f7bbdd5fe0812c4d,1c5c35327076c6b6,v2-case-062,facts,,0,open_issues,facts,false,true,19,,false,0,5,true,true,8,5,0,0,0,0,0.000000,0,stop,
20260903-1856-null,null,mock,null,v2,f7bbdd5fe0812c4d,1c5c35327076c6b6,v2-case-062,facts,,1,on_call,entities,false,true,dan okonkwo,,false,0,5,true,true,8,5,0,0,0,0,0.000000,0,stop,
20260903-1856-null,null,mock,null,v2,f7bbdd5fe0812c4d,1c5c35327076c6b6,v2-case-062,facts,,2,deploys_three_weeks,aggregation,false,true,38,,false,0,5,true,true,8,5,0,0,0,0,0.000000,0,stop,
20260903-1856-null,null,mock,null,v2,f7bbdd5fe0812c4d,1c5c35327076c6b6,v2-case-062,facts,,3,failing_checks_on_date,asof,false,true,8,,false,0,5,true,true,8,5,0,0,0,0,0.000000,0,stop,
20260903-1856-null,null,mock,null,v2,f7bbdd5fe0812c4d,1c5c35327076c6b6,v2-case-062,facts,,4,latest_open_issues,supersession,false,false,41,,false,0,5,true,true,8,5,0,0,0,0,0.000000,0,stop,
20260903-1856-null,null,mock,null,v2,f7bbdd5fe0812c4d,1c5c35327076c6b6,v2-case-063,facts,,0,open_issues,facts,false,true,42,,false,1,6,true,true,8,5,0,0,0,0,0.000000,0,stop,
20260903-1856-null,null,mock,null,v2,f7bbdd5fe0812c4d,1c5c35327076c6b6,v2-case-063,facts,,1,on_call,entities,false,true,tomas ruiz,,false,1,6,true,true,8,5,0,0,0,0,0.000000,0,stop,
20260903-1856-null,null,mock,null,v2,f7bbdd5fe0812c4d,1c5c35327076c6b6,v2-case-063,facts,,2,deploys_three_weeks,aggregation,false,true,29,,false,1,6,true,true,8,5,0,0,0,0,0.000000,0,stop,
20260903-1856-null,null,mock,null,v2,f7bbdd5fe0812c4d,1c5c35327076c6b6,v2-case-063,facts,,3,failing_checks_on_date,asof,false,true,9,,false,1,6,true,true,8,5,0,0,0,0,0.000000,0,stop,
20260903-1856-null,null,mock,null,v2,f7bbdd5fe0812c4d,1c5c35327076c6b6,v2-case-063,facts,,4,latest_open_issues,supersession,false,false,32,,false,1,6,true,true,8,5,0,0,0,0,0.000000,0,stop,
20260903-1856-null,null,mock,null,v2,f7bbdd5fe0812c4d,1c5c35327076c6b6,v2-case-063,facts,,5,reverted_deploys,abstain,true,,,,false,1,6,true,true,8,5,0,0,0,0,0.000000,0,stop,
20260903-1856-null,null,mock,null,v2,f7bbdd5fe0812c4d,1c5c35327076c6b6,v2-twin-029,aggregation,v2-case-063,0,deploys_three_weeks,aggregation,false,true,29,,false,0,1,true,true,8,5,0,0,0,0,0.000000,0,stop,
20260903-1856-null,null,mock,null,v2,f7bbdd5fe0812c4d,1c5c35327076c6b6,v2-case-064,facts,,0,open_issues,facts,false,true,15,,false,0,5,true,true,7,4,0,0,0,0,0.000000,0,stop,
20260903-1856-null,null,mock,null,v2,f7bbdd5fe0812c4d,1c5c35327076c6b6,v2-case-064,facts,,1,on_call,entities,false,true,aisha nkemelu,,false,0,5,true,true,7,4,0,0,0,0,0.000000,0,stop,
20260903-1856-null,null,mock,null,v2,f7bbdd5fe0812c4d,1c5c35327076c6b6,v2-case-064,facts,,2,deploys_three_weeks,aggregation,false,true,29,,false,0,5,true,true,7,4,0,0,0,0,0.000000,0,stop,
20260903-1856-null,null,mock,null,v2,f7bbdd5fe0812c4d,1c5c35327076c6b6,v2-case-064,facts,,3,failing_checks_on_date,asof,false,true,8,,false,0,5,true,true,7,4,0,0,0,0,0.000000,0,stop,
20260903-1856-null,null,mock,null,v2,f7bbdd5fe0812c4d,1c5c35327076c6b6,v2-case-064,facts,,4,latest_open_issues,supersession,false,false,41,,false,0,5,true,true,7,4,0,0,0,0,0.000000,0,stop,
20260903-1856-null,null,mock,null,v2,f7bbdd5fe0812c4d,1c5c35327076c6b6,v2-case-065,facts,,0,open_issues,facts,false,true,13,,false,1,6,true,true,8,5,0,0,0,0,0.000000,0,stop,
20260903-1856-null,null,mock,null,v2,f7bbdd5fe0812c4d,1c5c35327076c6b6,v2-case-065,facts,,1,on_call,entities,false,true,viktor novak,,false,1,6,true,true,8,5,0,0,0,0,0.000000,0,stop,
20260903-1856-null,null,mock,null,v2,f7bbdd5fe0812c4d,1c5c35327076c6b6,v2-case-065,facts,,2,deploys_three_weeks,aggregation,false,true,39,,false,1,6,true,true,8,5,0,0,0,0,0.000000,0,stop,
20260903-1856-null,null,mock,null,v2,f7bbdd5fe0812c4d,1c5c35327076c6b6,v2-case-065,facts,,3,failing_checks_on_date,asof,false,true,1,,false,1,6,true,true,8,5,0,0,0,0,0.000000,0,stop,
20260903-1856-null,null,mock,null,v2,f7bbdd5fe0812c4d,1c5c35327076c6b6,v2-case-065,facts,,4,latest_open_issues,supersession,false,false,32,,false,1,6,true,true,8,5,0,0,0,0,0.000000,0,stop,
20260903-1856-null,null,mock,null,v2,f7bbdd5fe0812c4d,1c5c35327076c6b6,v2-case-065,facts,,5,reverted_deploys,abstain,true,,,,false,1,6,true,true,8,5,0,0,0,0,0.000000,0,stop,
20260903-1856-null,null,mock,null,v2,f7bbdd5fe0812c4d,1c5c35327076c6b6,v2-twin-030,asof,v2-case-065,0,failing_checks_on_date,asof,false,true,1,,false,0,1,true,true,7,4,0,0,0,0,0.000000,0,stop,
20260903-1856-null,null,mock,null,v2,f7bbdd5fe0812c4d,1c5c35327076c6b6,v2-case-066,facts,,0,open_issues,facts,false,true,41,,false,0,5,true,true,7,5,0,0,0,0,0.000000,0,stop,
20260903-1856-null,null,mock,null,v2,f7bbdd5fe0812c4d,1c5c35327076c6b6,v2-case-066,facts,,1,on_call,entities,false,true,ravi sundaram,,false,0,5,true,true,7,5,0,0,0,0,0.000000,0,stop,
20260903-1856-null,null,mock,null,v2,f7bbdd5fe0812c4d,1c5c35327076c6b6,v2-case-066,facts,,2,deploys_three_weeks,aggregation,false,true,17,,false,0,5,true,true,7,5,0,0,0,0,0.000000,0,stop,
20260903-1856-null,null,mock,null,v2,f7bbdd5fe0812c4d,1c5c35327076c6b6,v2-case-066,facts,,3,failing_checks_on_date,asof,false,true,1,,false,0,5,true,true,7,5,0,0,0,0,0.000000,0,stop,
20260903-1856-null,null,mock,null,v2,f7bbdd5fe0812c4d,1c5c35327076c6b6,v2-case-066,facts,,4,latest_open_issues,supersession,false,false,41,,false,0,5,true,true,7,5,0,0,0,0,0.000000,0,stop,
20260903-1856-null,null,mock,null,v2,f7bbdd5fe0812c4d,1c5c35327076c6b6,v2-case-067,facts,,0,open_issues,facts,false,true,10,,false,1,6,true,true,7,6,0,0,0,0,0.000000,0,stop,
20260903-1856-null,null,mock,null,v2,f7bbdd5fe0812c4d,1c5c35327076c6b6,v2-case-067,facts,,1,on_call,entities,false,true,aisha nkemelu,,false,1,6,true,true,7,6,0,0,0,0,0.000000,0,stop,
20260903-1856-null,null,mock,null,v2,f7bbdd5fe0812c4d,1c5c35327076c6b6,v2-case-067,facts,,2,deploys_three_weeks,aggregation,false,true,43,,false,1,6,true,true,7,6,0,0,0,0,0.000000,0,stop,
20260903-1856-null,null,mock,null,v2,f7bbdd5fe0812c4d,1c5c35327076c6b6,v2-case-067,facts,,3,failing_checks_on_date,asof,false,true,6,,false,1,6,true,true,7,6,0,0,0,0,0.000000,0,stop,
20260903-1856-null,null,mock,null,v2,f7bbdd5fe0812c4d,1c5c35327076c6b6,v2-case-067,facts,,4,latest_open_issues,supersession,false,true,32,,false,1,6,true,true,7,6,0,0,0,0,0.000000,0,stop,
20260903-1856-null,null,mock,null,v2,f7bbdd5fe0812c4d,1c5c35327076c6b6,v2-case-067,facts,,5,reverted_deploys,abstain,true,,,,false,1,6,true,true,7,6,0,0,0,0,0.000000,0,stop,
20260903-1856-null,null,mock,null,v2,f7bbdd5fe0812c4d,1c5c35327076c6b6,v2-case-068,facts,,0,open_issues,facts,false,true,32,,false,0,5,true,true,8,5,0,0,0,0,0.000000,0,stop,
20260903-1856-null,null,mock,null,v2,f7bbdd5fe0812c4d,1c5c35327076c6b6,v2-case-068,facts,,1,on_call,entities,false,true,lukas fenn,,false,0,5,true,true,8,5,0,0,0,0,0.000000,0,stop,
20260903-1856-null,null,mock,null,v2,f7bbdd5fe0812c4d,1c5c35327076c6b6,v2-case-068,facts,,2,deploys_three_weeks,aggregation,false,true,31,,false,0,5,true,true,8,5,0,0,0,0,0.000000,0,stop,
20260903-1856-null,null,mock,null,v2,f7bbdd5fe0812c4d,1c5c35327076c6b6,v2-case-068,facts,,3,failing_checks_on_date,asof,false,true,0,,false,0,5,true,true,8,5,0,0,0,0,0.000000,0,stop,
20260903-1856-null,null,mock,null,v2,f7bbdd5fe0812c4d,1c5c35327076c6b6,v2-case-068,facts,,4,latest_open_issues,supersession,false,true,41,,false,0,5,true,true,8,5,0,0,0,0,0.000000,0,stop,
20260903-1856-null,null,mock,null,v2,f7bbdd5fe0812c4d,1c5c35327076c6b6,v2-case-069,facts,,0,open_issues,facts,false,true,43,,false,1,6,true,true,8,5,0,0,0,0,0.000000,0,stop,
20260903-1856-null,null,mock,null,v2,f7bbdd5fe0812c4d,1c5c35327076c6b6,v2-case-069,facts,,1,on_call,entities,false,true,priya raman,,false,1,6,true,true,8,5,0,0,0,0,0.000000,0,stop,
20260903-1856-null,null,mock,null,v2,f7bbdd5fe0812c4d,1c5c35327076c6b6,v2-case-069,facts,,2,deploys_three_weeks,aggregation,false,true,22,,false,1,6,true,true,8,5,0,0,0,0,0.000000,0,stop,
20260903-1856-null,null,mock,null,v2,f7bbdd5fe0812c4d,1c5c35327076c6b6,v2-case-069,facts,,3,failing_checks_on_date,asof,false,true,5,,false,1,6,true,true,8,5,0,0,0,0,0.000000,0,stop,
20260903-1856-null,null,mock,null,v2,f7bbdd5fe0812c4d,1c5c35327076c6b6,v2-case-069,facts,,4,latest_open_issues,supersession,false,true,32,,false,1,6,true,true,8,5,0,0,0,0,0.000000,0,stop,
20260903-1856-null,null,mock,null,v2,f7bbdd5fe0812c4d,1c5c35327076c6b6,v2-case-069,facts,,5,reverted_deploys,abstain,true,,,,false,1,6,true,true,8,5,0,0,0,0,0.000000,0,stop,
20260903-1856-null,null,mock,null,v2,f7bbdd5fe0812c4d,1c5c35327076c6b6,v2-twin-031,asof,v2-case-069,0,failing_checks_on_date,asof,false,true,5,,false,0,1,true,true,8,5,0,0,0,0,0.000000,0,stop,
20260903-1856-null,null,mock,null,v2,f7bbdd5fe0812c4d,1c5c35327076c6b6,v2-case-070,facts,,0,open_issues,facts,false,true,32,,false,0,5,true,true,6,4,0,0,0,0,0.000000,0,stop,
20260903-1856-null,null,mock,null,v2,f7bbdd5fe0812c4d,1c5c35327076c6b6,v2-case-070,facts,,1,on_call,entities,false,true,dan okonkwo,,false,0,5,true,true,6,4,0,0,0,0,0.000000,0,stop,
20260903-1856-null,null,mock,null,v2,f7bbdd5fe0812c4d,1c5c35327076c6b6,v2-case-070,facts,,2,deploys_three_weeks,aggregation,false,true,26,,false,0,5,true,true,6,4,0,0,0,0,0.000000,0,stop,
20260903-1856-null,null,mock,null,v2,f7bbdd5fe0812c4d,1c5c35327076c6b6,v2-case-070,facts,,3,failing_checks_on_date,asof,false,true,1,,false,0,5,true,true,6,4,0,0,0,0,0.000000,0,stop,
20260903-1856-null,null,mock,null,v2,f7bbdd5fe0812c4d,1c5c35327076c6b6,v2-case-070,facts,,4,latest_open_issues,supersession,false,true,41,,false,0,5,true,true,6,4,0,0,0,0,0.000000,0,stop,
20260903-1856-null,null,mock,null,v2,f7bbdd5fe0812c4d,1c5c35327076c6b6,v2-case-071,join,,0,agreed_value,join,false,true,3,,false,1,3,true,true,6,4,0,0,0,0,0.000000,0,stop,
20260903-1856-null,null,mock,null,v2,f7bbdd5fe0812c4d,1c5c35327076c6b6,v2-case-071,join,,1,agreed_by,entities,false,false,priya raman,,false,1,3,true,true,6,4,0,0,0,0,0.000000,0,stop,
20260903-1856-null,null,mock,null,v2,f7bbdd5fe0812c4d,1c5c35327076c6b6,v2-case-071,join,,2,retry_jitter_ms,abstain,true,,,,false,1,3,true,true,6,4,0,0,0,0,0.000000,0,stop,
20260903-1856-null,null,mock,null,v2,f7bbdd5fe0812c4d,1c5c35327076c6b6,v2-twin-032,join,v2-case-071,0,agreed_value,join,false,true,3,,false,0,1,true,true,8,5,0,0,0,0,0.000000,0,stop,
20260903-1856-null,null,mock,null,v2,f7bbdd5fe0812c4d,1c5c35327076c6b6,v2-case-072,join,,0,agreed_value,join,false,true,45,,false,1,3,true,true,7,6,0,0,0,0,0.000000,0,stop,
20260903-1856-null,null,mock,null,v2,f7bbdd5fe0812c4d,1c5c35327076c6b6,v2-case-072,join,,1,agreed_by,entities,false,false,dan okonkwo,,false,1,3,true,true,7,6,0,0,0,0,0.000000,0,stop,
20260903-1856-null,null,mock,null,v2,f7bbdd5fe0812c4d,1c5c35327076c6b6,v2-case-072,join,,2,grace_period_owner,abstain,true,,,,false,1,3,true,true,7,6,0,0,0,0,0.000000,0,stop,
20260903-1856-null,null,mock,null,v2,f7bbdd5fe0812c4d,1c5c35327076c6b6,v2-case-073,join,,0,agreed_value,join,false,true,128,,false,1,3,true,true,8,6,0,0,0,0,0.000000,0,stop,
20260903-1856-null,null,mock,null,v2,f7bbdd5fe0812c4d,1c5c35327076c6b6,v2-case-073,join,,1,agreed_by,entities,false,false,ravi sundaram,,false,1,3,true,true,8,6,0,0,0,0,0.000000,0,stop,
20260903-1856-null,null,mock,null,v2,f7bbdd5fe0812c4d,1c5c35327076c6b6,v2-case-073,join,,2,pool_idle_timeout_s,abstain,true,,,,false,1,3,true,true,8,6,0,0,0,0,0.000000,0,stop,
20260903-1856-null,null,mock,null,v2,f7bbdd5fe0812c4d,1c5c35327076c6b6,v2-case-074,join,,0,agreed_value,join,false,true,5,,false,1,3,true,true,7,6,0,0,0,0,0.000000,0,stop,
20260903-1856-null,null,mock,null,v2,f7bbdd5fe0812c4d,1c5c35327076c6b6,v2-case-074,join,,1,agreed_by,entities,false,false,tomas ruiz,,false,1,3,true,true,7,6,0,0,0,0,0.000000,0,stop,
20260903-1856-null,null,mock,null,v2,f7bbdd5fe0812c4d,1c5c35327076c6b6,v2-case-074,join,,2,trace_retention_days,abstain,true,,,,false,1,3,true,true,7,6,0,0,0,0,0.000000,0,stop,
20260903-1856-null,null,mock,null,v2,f7bbdd5fe0812c4d,1c5c35327076c6b6,v2-case-075,join,,0,agreed_value,join,false,true,250,,false,1,3,true,true,7,4,0,0,0,0,0.000000,0,stop,
20260903-1856-null,null,mock,null,v2,f7bbdd5fe0812c4d,1c5c35327076c6b6,v2-case-075,join,,1,agreed_by,entities,false,false,aisha nkemelu,,false,1,3,true,true,7,4,0,0,0,0,0.000000,0,stop,
20260903-1856-null,null,mock,null,v2,f7bbdd5fe0812c4d,1c5c35327076c6b6,v2-case-075,join,,2,max_page_size,abstain,true,,,,false,1,3,true,true,7,4,0,0,0,0,0.000000,0,stop,
20260903-1856-null,null,mock,null,v2,f7bbdd5fe0812c4d,1c5c35327076c6b6,v2-case-076,join,,0,agreed_value,join,false,true,20,,false,1,3,true,true,8,5,0,0,0,0,0.000000,0,stop,
20260903-1856-null,null,mock,null,v2,f7bbdd5fe0812c4d,1c5c35327076c6b6,v2-case-076,join,,1,agreed_by,entities,false,false,mei-ling chen,,false,1,3,true,true,8,5,0,0,0,0,0.000000,0,stop,
20260903-1856-null,null,mock,null,v2,f7bbdd5fe0812c4d,1c5c35327076c6b6,v2-case-076,join,,2,timer_exceptions,abstain,true,,,,false,1,3,true,true,8,5,0,0,0,0,0.000000,0,stop,
20260903-1856-null,null,mock,null,v2,f7bbdd5fe0812c4d,1c5c35327076c6b6,v2-case-077,join,,0,agreed_value,join,false,true,12,,false,1,3,true,true,8,5,0,0,0,0,0.000000,0,stop,
20260903-1856-null,null,mock,null,v2,f7bbdd5fe0812c4d,1c5c35327076c6b6,v2-case-077,join,,1,agreed_by,entities,false,false,rob feeney,,false,1,3,true,true,8,5,0,0,0,0,0.000000,0,stop,
20260903-1856-null,null,mock,null,v2,f7bbdd5fe0812c4d,1c5c35327076c6b6,v2-case-077,join,,2,sample_review_owner,abstain,true,,,,false,1,3,true,true,8,5,0,0,0,0,0.000000,0,stop,
20260903-1856-null,null,mock,null,v2,f7bbdd5fe0812c4d,1c5c35327076c6b6,v2-case-078,join,,0,agreed_value,join,false,true,600,,false,1,3,true,true,6,4,0,0,0,0,0.000000,0,stop,
20260903-1856-null,null,mock,null,v2,f7bbdd5fe0812c4d,1c5c35327076c6b6,v2-case-078,join,,1,agreed_by,entities,false,false,viktor novak,,false,1,3,true,true,6,4,0,0,0,0,0.000000,0,stop,
20260903-1856-null,null,mock,null,v2,f7bbdd5fe0812c4d,1c5c35327076c6b6,v2-case-078,join,,2,cache_size_mb,abstain,true,,,,false,1,3,true,true,6,4,0,0,0,0,0.000000,0,stop,
20260903-1856-null,null,mock,null,v2,f7bbdd5fe0812c4d,1c5c35327076c6b6,v2-case-079,aggregation,,0,severity_one_count,aggregation,false,true,5,,false,1,5,true,true,6,4,0,0,0,0,0.000000,0,stop,
20260903-1856-null,null,mock,null,v2,f7bbdd5fe0812c4d,1c5c35327076c6b6,v2-case-079,aggregation,,1,severity_one_minutes,aggregation,false,true,522,,false,1,5,true,true,6,4,0,0,0,0,0.000000,0,stop,
20260903-1856-null,null,mock,null,v2,f7bbdd5fe0812c4d,1c5c35327076c6b6,v2-case-079,aggregation,,2,severity_two_count,aggregation,false,true,5,,false,1,5,true,true,6,4,0,0,0,0,0.000000,0,stop,
20260903-1856-null,null,mock,null,v2,f7bbdd5fe0812c4d,1c5c35327076c6b6,v2-case-079,aggregation,,3,severity_two_minutes,aggregation,false,true,196,,false,1,5,true,true,6,4,0,0,0,0,0.000000,0,stop,
20260903-1856-null,null,mock,null,v2,f7bbdd5fe0812c4d,1c5c35327076c6b6,v2-case-079,aggregation,,4,mean_time_to_detect_minutes,abstain,true,,,,false,1,5,true,true,6,4,0,0,0,0,0.000000,0,stop,
20260903-1856-null,null,mock,null,v2,f7bbdd5fe0812c4d,1c5c35327076c6b6,v2-case-080,aggregation,,0,platform_fees_eur,aggregation,false,true,178000,,false,1,3,true,true,7,5,0,0,0,0,0.000000,0,stop,
20260903-1856-null,null,mock,null,v2,f7bbdd5fe0812c4d,1c5c35327076c6b6,v2-case-080,aggregation,,1,onboarding_eur,aggregation,false,true,33000,,false,1,3,true,true,7,5,0,0,0,0,0.000000,0,stop,
20260903-1856-null,null,mock,null,v2,f7bbdd5fe0812c4d,1c5c35327076c6b6,v2-case-080,aggregation,,2,discount_percentage,abstain,true,,,,false,1,3,true,true,7,5,0,0,0,0,0.000000,0,stop,
20260903-1856-null,null,mock,null,v2,f7bbdd5fe0812c4d,1c5c35327076c6b6,v2-case-081,aggregation,,0,urgent_fix_count,aggregation,false,true,4,,false,1,3,true,true,6,5,0,0,0,0,0.000000,0,stop,
20260903-1856-null,null,mock,null,v2,f7bbdd5fe0812c4d,1c5c35327076c6b6,v2-case-081,aggregation,,1,opened_open_count,aggregation,false,true,3,,false,1,3,true,true,6,5,0,0,0,0,0.000000,0,stop,
20260903-1856-null,null,mock,null,v2,f7bbdd5fe0812c4d,1c5c35327076c6b6,v2-case-081,aggregation,,2,median_days_to_close,abstain,true,,,,false,1,3,true,true,6,5,0,0,0,0,0.000000,0,stop,
20260903-1856-null,null,mock,null,v2,f7bbdd5fe0812c4d,1c5c35327076c6b6,v2-case-082,aggregation,,0,engineer_weeks_total,aggregation,false,true,9,,false,1,3,true,true,7,4,0,0,0,0,0.000000,0,stop,
20260903-1856-null,null,mock,null,v2,f7bbdd5fe0812c4d,1c5c35327076c6b6,v2-case-082,aggregation,,1,approved_count,aggregation,false,true,2,,false,1,3,true,true,7,4,0,0,0,0,0.000000,0,stop,
20260903-1856-null,null,mock,null,v2,f7bbdd5fe0812c4d,1c5c35327076c6b6,v2-case-082,aggregation,,2,cost_per_engineer_week_eur,abstain,true,,,,false,1,3,true,true,7,4,0,0,0,0,0.000000,0,stop,
20260903-1856-null,null,mock,null,v2,f7bbdd5fe0812c4d,1c5c35327076c6b6,v2-case-083,aggregation,,0,region_count,aggregation,false,true,5,,false,1,3,true,true,7,4,0,0,0,0,0.000000,0,stop,
20260903-1856-null,null,mock,null,v2,f7bbdd5fe0812c4d,1c5c35327076c6b6,v2-case-083,aggregation,,1,regions,exhaustive,false,true,"[""amsterdam"",""dublin"",""frankfurt"",""sao paulo"",""sydney""]",,false,1,3,true,true,7,4,0,0,0,0,0.000000,0,stop,
20260903-1856-null,null,mock,null,v2,f7bbdd5fe0812c4d,1c5c35327076c6b6,v2-case-083,aggregation,,2,tenants_per_region,abstain,true,,,,false,1,3,true,true,7,4,0,0,0,0,0.000000,0,stop,
20260903-1856-null,null,mock,null,v2,f7bbdd5fe0812c4d,1c5c35327076c6b6,v2-case-084,facts,,0,starting_headcount,facts,false,true,9,,false,1,3,true,true,7,4,0,0,0,0,0.000000,0,stop,
20260903-1856-null,null,mock,null,v2,f7bbdd5fe0812c4d,1c5c35327076c6b6,v2-case-084,facts,,1,headcount_now,aggregation,false,true,10,,false,1,3,true,true,7,4,0,0,0,0,0.000000,0,stop,
20260903-1856-null,null,mock,null,v2,f7bbdd5fe0812c4d,1c5c35327076c6b6,v2-case-084,facts,,2,attrition_rate,abstain,true,,,,false,1,3,true,true,7,4,0,0,0,0,0.000000,0,stop,
20260903-1856-null,null,mock,null,v2,f7bbdd5fe0812c4d,1c5c35327076c6b6,v2-case-085,asof,,0,name_in_january,asof,false,true,palisade ledger,,false,1,5,true,true,8,5,0,0,0,0,0.000000,0,stop,
20260903-1856-null,null,mock,null,v2,f7bbdd5fe0812c4d,1c5c35327076c6b6,v2-case-085,asof,,1,name_now,supersession,false,true,wrenfield audit vault,,false,1,5,true,true,8,5,0,0,0,0,0.000000,0,stop,
20260903-1856-null,null,mock,null,v2,f7bbdd5fe0812c4d,1c5c35327076c6b6,v2-case-085,asof,,2,rename_date,facts,false,true,2027-03-18,,false,1,5,true,true,8,5,0,0,0,0,0.000000,0,stop,
20260903-1856-null,null,mock,null,v2,f7bbdd5fe0812c4d,1c5c35327076c6b6,v2-case-085,asof,,3,announced_by,entities,false,true,elena marchetti,,false,1,5,true,true,8,5,0,0,0,0,0.000000,0,stop,
20260903-1856-null,null,mock,null,v2,f7bbdd5fe0812c4d,1c5c35327076c6b6,v2-case-085,asof,,4,rename_cost_eur,abstain,true,,,,false,1,5,true,true,8,5,0,0,0,0,0.000000,0,stop,
20260903-1856-null,null,mock,null,v2,f7bbdd5fe0812c4d,1c5c35327076c6b6,v2-twin-033,asof,v2-case-085,0,name_in_january,asof,false,true,palisade ledger,,false,0,1,true,true,8,5,0,0,0,0,0.000000,0,stop,
20260903-1856-null,null,mock,null,v2,f7bbdd5fe0812c4d,1c5c35327076c6b6,v2-case-086,entities,,0,support_opener,entities,false,true,ravi menon,,false,1,3,true,true,7,4,0,0,0,0,0.000000,0,stop,
20260903-1856-null,null,mock,null,v2,f7bbdd5fe0812c4d,1c5c35327076c6b6,v2-case-086,entities,,1,infra_opener,entities,false,true,ravi sundaram,,false,1,3,true,true,7,4,0,0,0,0,0.000000,0,stop,
20260903-1856-null,null,mock,null,v2,f7bbdd5fe0812c4d,1c5c35327076c6b6,v2-case-086,entities,,2,reporting_line,abstain,true,,,,false,1,3,true,true,7,4,0,0,0,0,0.000000,0,stop,
20260903-1856-null,null,mock,null,v2,f7bbdd5fe0812c4d,1c5c35327076c6b6,v2-case-087,abstain,,0,revenue_eur,abstain,true,,,,true,3,3,,true,8,5,0,0,0,0,0.000000,0,stop,
20260903-1856-null,null,mock,null,v2,f7bbdd5fe0812c4d,1c5c35327076c6b6,v2-case-087,abstain,,1,paying_tenants,abstain,true,,,,true,3,3,,true,8,5,0,0,0,0,0.000000,0,stop,
20260903-1856-null,null,mock,null,v2,f7bbdd5fe0812c4d,1c5c35327076c6b6,v2-case-087,abstain,,2,lead_investor,abstain,true,,,,true,3,3,,true,8,5,0,0,0,0,0.000000,0,stop,
20260903-1856-null,null,mock,null,v2,f7bbdd5fe0812c4d,1c5c35327076c6b6,v2-case-088,abstain,,0,open_date,abstain,true,,,,true,3,3,,true,8,5,0,0,0,0,0.000000,0,stop,
20260903-1856-null,null,mock,null,v2,f7bbdd5fe0812c4d,1c5c35327076c6b6,v2-case-088,abstain,,1,owner,abstain,true,,,,true,3,3,,true,8,5,0,0,0,0,0.000000,0,stop,
20260903-1856-null,null,mock,null,v2,f7bbdd5fe0812c4d,1c5c35327076c6b6,v2-case-088,abstain,,2,contract_signed,abstain,true,,,,true,3,3,,true,8,5,0,0,0,0,0.000000,0,stop,
20260903-1856-null,null,mock,null,v2,f7bbdd5fe0812c4d,1c5c35327076c6b6,v2-case-089,abstain,,0,release_date,abstain,true,,,,true,3,3,,true,8,5,0,0,0,0,0.000000,0,stop,
20260903-1856-null,null,mock,null,v2,f7bbdd5fe0812c4d,1c5c35327076c6b6,v2-case-089,abstain,,1,languages,abstain,true,,,,true,3,3,,true,8,5,0,0,0,0,0.000000,0,stop,
20260903-1856-null,null,mock,null,v2,f7bbdd5fe0812c4d,1c5c35327076c6b6,v2-case-089,abstain,,2,team_size,abstain,true,,,,true,3,3,,true,8,5,0,0,0,0,0.000000,0,stop,
20260903-1856-null,null,mock,null,v2,f7bbdd5fe0812c4d,1c5c35327076c6b6,v2-case-090,abstain,,0,stipend_eur,abstain,true,,,,true,3,3,,true,8,5,0,0,0,0,0.000000,0,stop,
20260903-1856-null,null,mock,null,v2,f7bbdd5fe0812c4d,1c5c35327076c6b6,v2-case-090,abstain,,1,start_date,abstain,true,,,,true,3,3,,true,8,5,0,0,0,0,0.000000,0,stop,
20260903-1856-null,null,mock,null,v2,f7bbdd5fe0812c4d,1c5c35327076c6b6,v2-case-090,abstain,,2,approved_by,abstain,true,,,,true,3,3,,true,8,5,0,0,0,0,0.000000,0,stop,
20260903-1856-oracle,oracle,mock,oracle,v2,f7bbdd5fe0812c4d,1c5c35327076c6b6,v2-case-001,supersession,,0,current_value,supersession,true,true,150,150,true,5,5,true,true,22,10,0,0,0,0,0.000000,0,stop,
20260903-1856-oracle,oracle,mock,oracle,v2,f7bbdd5fe0812c4d,1c5c35327076c6b6,v2-case-001,supersession,,1,value_on_date,asof,true,true,165,165,true,5,5,true,true,22,10,0,0,0,0,0.000000,0,stop,
20260903-1856-oracle,oracle,mock,oracle,v2,f7bbdd5fe0812c4d,1c5c35327076c6b6,v2-case-001,supersession,,2,set_by,entities,true,true,priya raman,priya raman,true,5,5,true,true,22,10,0,0,0,0,0.000000,0,stop,
20260903-1856-oracle,oracle,mock,oracle,v2,f7bbdd5fe0812c4d,1c5c35327076c6b6,v2-case-001,supersession,,3,measurement_point,facts,true,true,amsterdam,amsterdam,true,5,5,true,true,22,10,0,0,0,0,0.000000,0,stop,
20260903-1856-oracle,oracle,mock,oracle,v2,f7bbdd5fe0812c4d,1c5c35327076c6b6,v2-case-001,supersession,,4,p50_ms,abstain,true,,,,true,5,5,true,true,22,10,0,0,0,0,0.000000,0,stop,
20260903-1856-oracle,oracle,mock,oracle,v2,f7bbdd5fe0812c4d,1c5c35327076c6b6,v2-twin-001,asof,v2-case-001,0,value_on_date,asof,true,true,165,165,true,1,1,true,true,10,7,0,0,0,0,0.000000,0,stop,
20260903-1856-oracle,oracle,mock,oracle,v2,f7bbdd5fe0812c4d,1c5c35327076c6b6,v2-case-002,supersession,,0,current_value,supersession,true,true,360,360,true,4,4,true,true,9,6,0,0,0,0,0.000000,0,stop,
20260903-1856-oracle,oracle,mock,oracle,v2,f7bbdd5fe0812c4d,1c5c35327076c6b6,v2-case-002,supersession,,1,value_on_date,asof,true,true,390,390,true,4,4,true,true,9,6,0,0,0,0,0.000000,0,stop,
20260903-1856-oracle,oracle,mock,oracle,v2,f7bbdd5fe0812c4d,1c5c35327076c6b6,v2-case-002,supersession,,2,set_by,entities,true,true,lukas fenn,lukas fenn,true,4,4,true,true,9,6,0,0,0,0,0.000000,0,stop,
20260903-1856-oracle,oracle,mock,oracle,v2,f7bbdd5fe0812c4d,1c5c35327076c6b6,v2-case-002,supersession,,3,measurement_point,facts,true,true,sydney,sydney,true,4,4,true,true,9,6,0,0,0,0,0.000000,0,stop,
20260903-1856-oracle,oracle,mock,oracle,v2,f7bbdd5fe0812c4d,1c5c35327076c6b6,v2-case-003,supersession,,0,current_value,supersession,true,true,52,52,true,5,5,true,true,9,6,0,0,0,0,0.000000,0,stop,
20260903-1856-oracle,oracle,mock,oracle,v2,f7bbdd5fe0812c4d,1c5c35327076c6b6,v2-case-003,supersession,,1,value_on_date,asof,true,true,64,64,true,5,5,true,true,9,6,0,0,0,0,0.000000,0,stop,
20260903-1856-oracle,oracle,mock,oracle,v2,f7bbdd5fe0812c4d,1c5c35327076c6b6,v2-case-003,supersession,,2,set_by,entities,true,true,viktor novak,viktor novak,true,5,5,true,true,9,6,0,0,0,0,0.000000,0,stop,
20260903-1856-oracle,oracle,mock,oracle,v2,f7bbdd5fe0812c4d,1c5c35327076c6b6,v2-case-003,supersession,,3,build_runner,facts,true,true,linux-8x,linux-8x,true,5,5,true,true,9,6,0,0,0,0,0.000000,0,stop,
20260903-1856-oracle,oracle,mock,oracle,v2,f7bbdd5fe0812c4d,1c5c35327076c6b6,v2-case-003,supersession,,4,cache_hit_rate,abstain,true,,,,true,5,5,true,true,9,6,0,0,0,0,0.000000,0,stop,
20260903-1856-oracle,oracle,mock,oracle,v2,f7bbdd5fe0812c4d,1c5c35327076c6b6,v2-case-004,supersession,,0,current_value,supersession,true,true,20000,20000,true,4,4,true,true,8,5,0,0,0,0,0.000000,0,stop,
20260903-1856-oracle,oracle,mock,oracle,v2,f7bbdd5fe0812c4d,1c5c35327076c6b6,v2-case-004,supersession,,1,value_on_date,asof,true,true,12000,12000,true,4,4,true,true,8,5,0,0,0,0,0.000000,0,stop,
20260903-1856-oracle,oracle,mock,oracle,v2,f7bbdd5fe0812c4d,1c5c35327076c6b6,v2-case-004,supersession,,2,set_by,entities,true,true,aisha nkemelu,aisha nkemelu,true,4,4,true,true,8,5,0,0,0,0,0.000000,0,stop,
20260903-1856-oracle,oracle,mock,oracle,v2,f7bbdd5fe0812c4d,1c5c35327076c6b6,v2-case-004,supersession,,3,storage_backend,facts,true,true,postgres,postgres,true,4,4,true,true,8,5,0,0,0,0,0.000000,0,stop,
20260903-1856-oracle,oracle,mock,oracle,v2,f7bbdd5fe0812c4d,1c5c35327076c6b6,v2-case-005,supersession,,0,current_value,supersession,true,true,2400,2400,true,5,5,true,true,6,4,0,0,0,0,0.000000,0,stop,
20260903-1856-oracle,oracle,mock,oracle,v2,f7bbdd5fe0812c4d,1c5c35327076c6b6,v2-case-005,supersession,,1,value_on_date,asof,true,true,1500,1500,true,5,5,true,true,6,4,0,0,0,0,0.000000,0,stop,
20260903-1856-oracle,oracle,mock,oracle,v2,f7bbdd5fe0812c4d,1c5c35327076c6b6,v2-case-005,supersession,,2,set_by,entities,true,true,priya raman,priya raman,true,5,5,true,true,6,4,0,0,0,0,0.000000,0,stop,
20260903-1856-oracle,oracle,mock,oracle,v2,f7bbdd5fe0812c4d,1c5c35327076c6b6,v2-case-005,supersession,,3,limit_scope,facts,true,true,per tenant,per tenant,true,5,5,true,true,6,4,0,0,0,0,0.000000,0,stop,
20260903-1856-oracle,oracle,mock,oracle,v2,f7bbdd5fe0812c4d,1c5c35327076c6b6,v2-case-005,supersession,,4,burst_limit,abstain,true,,,,true,5,5,true,true,6,4,0,0,0,0,0.000000,0,stop,
20260903-1856-oracle,oracle,mock,oracle,v2,f7bbdd5fe0812c4d,1c5c35327076c6b6,v2-twin-002,asof,v2-case-005,0,value_on_date,asof,true,true,1500,1500,true,1,1,true,true,8,5,0,0,0,0,0.000000,0,stop,
20260903-1856-oracle,oracle,mock,oracle,v2,f7bbdd5fe0812c4d,1c5c35327076c6b6,v2-case-006,supersession,,0,current_value,supersession,true,true,45,45,true,4,4,true,true,8,5,0,0,0,0,0.000000,0,stop,
20260903-1856-oracle,oracle,mock,oracle,v2,f7bbdd5fe0812c4d,1c5c35327076c6b6,v2-case-006,supersession,,1,value_on_date,asof,true,true,21,21,true,4,4,true,true,8,5,0,0,0,0,0.000000,0,stop,
20260903-1856-oracle,oracle,mock,oracle,v2,f7bbdd5fe0812c4d,1c5c35327076c6b6,v2-case-006,supersession,,2,set_by,entities,true,true,nadia oyelaran,nadia oyelaran,true,4,4,true,true,8,5,0,0,0,0,0.000000,0,stop,
20260903-1856-oracle,oracle,mock,oracle,v2,f7bbdd5fe0812c4d,1c5c35327076c6b6,v2-case-006,supersession,,3,retention_scope,facts,true,true,request logs,request logs,true,4,4,true,true,8,5,0,0,0,0,0.000000,0,stop,
20260903-1856-oracle,oracle,mock,oracle,v2,f7bbdd5fe0812c4d,1c5c35327076c6b6,v2-case-007,supersession,,0,current_value,supersession,true,true,400,400,true,5,5,true,true,7,4,0,0,0,0,0.000000,0,stop,
20260903-1856-oracle,oracle,mock,oracle,v2,f7bbdd5fe0812c4d,1c5c35327076c6b6,v2-case-007,supersession,,1,value_on_date,asof,true,true,365,365,true,5,5,true,true,7,4,0,0,0,0,0.000000,0,stop,
20260903-1856-oracle,oracle,mock,oracle,v2,f7bbdd5fe0812c4d,1c5c35327076c6b6,v2-case-007,supersession,,2,set_by,entities,true,true,clara vogt,clara vogt,true,5,5,true,true,7,4,0,0,0,0,0.000000,0,stop,
20260903-1856-oracle,oracle,mock,oracle,v2,f7bbdd5fe0812c4d,1c5c35327076c6b6,v2-case-007,supersession,,3,retention_scope,facts,true,true,audit records,audit records,true,5,5,true,true,7,4,0,0,0,0,0.000000,0,stop,
20260903-1856-oracle,oracle,mock,oracle,v2,f7bbdd5fe0812c4d,1c5c35327076c6b6,v2-case-007,supersession,,4,legal_hold_days,abstain,true,,,,true,5,5,true,true,7,4,0,0,0,0,0.000000,0,stop,
20260903-1856-oracle,oracle,mock,oracle,v2,f7bbdd5fe0812c4d,1c5c35327076c6b6,v2-case-008,supersession,,0,current_value,supersession,true,true,96,96,true,4,4,true,true,8,5,0,0,0,0,0.000000,0,stop,
20260903-1856-oracle,oracle,mock,oracle,v2,f7bbdd5fe0812c4d,1c5c35327076c6b6,v2-case-008,supersession,,1,value_on_date,asof,true,true,64,64,true,4,4,true,true,8,5,0,0,0,0,0.000000,0,stop,
20260903-1856-oracle,oracle,mock,oracle,v2,f7bbdd5fe0812c4d,1c5c35327076c6b6,v2-case-008,supersession,,2,set_by,entities,true,true,lukas fenn,lukas fenn,true,4,4,true,true,8,5,0,0,0,0,0.000000,0,stop,
20260903-1856-oracle,oracle,mock,oracle,v2,f7bbdd5fe0812c4d,1c5c35327076c6b6,v2-case-008,supersession,,3,upload_endpoint,facts,true,true,bundles,bundles,true,4,4,true,true,8,5,0,0,0,0,0.000000,0,stop,
20260903-1856-oracle,oracle,mock,oracle,v2,f7bbdd5fe0812c4d,1c5c35327076c6b6,v2-case-009,supersession,,0,current_value,supersession,true,true,24,24,true,5,5,true,true,9,6,0,0,0,0,0.000000,0,stop,
20260903-1856-oracle,oracle,mock,oracle,v2,f7bbdd5fe0812c4d,1c5c35327076c6b6,v2-case-009,supersession,,1,value_on_date,asof,true,true,16,16,true,5,5,true,true,9,6,0,0,0,0,0.000000,0,stop,
20260903-1856-oracle,oracle,mock,oracle,v2,f7bbdd5fe0812c4d,1c5c35327076c6b6,v2-case-009,supersession,,2,set_by,entities,true,true,ravi sundaram,ravi sundaram,true,5,5,true,true,9,6,0,0,0,0,0.000000,0,stop,
20260903-1856-oracle,oracle,mock,oracle,v2,f7bbdd5fe0812c4d,1c5c35327076c6b6,v2-case-009,supersession,,3,chunk_transport,facts,true,true,http,http,true,5,5,true,true,9,6,0,0,0,0,0.000000,0,stop,
20260903-1856-oracle,oracle,mock,oracle,v2,f7bbdd5fe0812c4d,1c5c35327076c6b6,v2-case-009,supersession,,4,chunk_count_limit,abstain,true,,,,true,5,5,true,true,9,6,0,0,0,0,0.000000,0,stop,
20260903-1856-oracle,oracle,mock,oracle,v2,f7bbdd5fe0812c4d,1c5c35327076c6b6,v2-twin-003,asof,v2-case-009,0,value_on_date,asof,true,true,16,16,true,1,1,true,true,8,6,0,0,0,0,0.000000,0,stop,
20260903-1856-oracle,oracle,mock,oracle,v2,f7bbdd5fe0812c4d,1c5c35327076c6b6,v2-case-010,supersession,,0,current_value,supersession,true,true,30,30,true,4,4,true,true,8,5,0,0,0,0,0.000000,0,stop,
20260903-1856-oracle,oracle,mock,oracle,v2,f7bbdd5fe0812c4d,1c5c35327076c6b6,v2-case-010,supersession,,1,value_on_date,asof,true,true,60,60,true,4,4,true,true,8,5,0,0,0,0,0.000000,0,stop,
20260903-1856-oracle,oracle,mock,oracle,v2,f7bbdd5fe0812c4d,1c5c35327076c6b6,v2-case-010,supersession,,2,set_by,entities,true,true,ravi menon,ravi menon,true,4,4,true,true,8,5,0,0,0,0,0.000000,0,stop,
20260903-1856-oracle,oracle,mock,oracle,v2,f7bbdd5fe0812c4d,1c5c35327076c6b6,v2-case-010,supersession,,3,coverage_window,facts,true,true,business hours,business hours,true,4,4,true,true,8,5,0,0,0,0,0.000000,0,stop,
20260903-1856-oracle,oracle,mock,oracle,v2,f7bbdd5fe0812c4d,1c5c35327076c6b6,v2-case-011,facts,,0,start_utc,facts,true,false,15:20,15:20,true,5,5,true,true,8,5,0,0,0,0,0.000000,0,stop,
20260903-1856-oracle,oracle,mock,oracle,v2,f7bbdd5fe0812c4d,1c5c35327076c6b6,v2-case-011,facts,,1,duration_minutes,conflict,true,false,72,72,true,5,5,true,true,8,5,0,0,0,0,0.000000,0,stop,
20260903-1856-oracle,oracle,mock,oracle,v2,f7bbdd5fe0812c4d,1c5c35327076c6b6,v2-case-011,facts,,2,root_cause_issue,join,true,true,wrn-204,wrn-204,true,5,5,true,true,8,5,0,0,0,0,0.000000,0,stop,
20260903-1856-oracle,oracle,mock,oracle,v2,f7bbdd5fe0812c4d,1c5c35327076c6b6,v2-case-011,facts,,3,regions_affected,exhaustive,true,true,"[""amsterdam"",""dublin"",""frankfurt""]","[""amsterdam"",""dublin"",""frankfurt""]",true,5,5,true,true,8,5,0,0,0,0,0.000000,0,stop,
20260903-1856-oracle,oracle,mock,oracle,v2,f7bbdd5fe0812c4d,1c5c35327076c6b6,v2-case-011,facts,,4,customer_credits_eur,abstain,true,,,,true,5,5,true,true,8,5,0,0,0,0,0.000000,0,stop,
20260903-1856-oracle,oracle,mock,oracle,v2,f7bbdd5fe0812c4d,1c5c35327076c6b6,v2-twin-004,join,v2-case-011,0,root_cause_issue,join,true,true,wrn-204,wrn-204,true,1,1,true,true,8,6,0,0,0,0,0.000000,0,stop,
20260903-1856-oracle,oracle,mock,oracle,v2,f7bbdd5fe0812c4d,1c5c35327076c6b6,v2-case-012,facts,,0,start_utc,facts,true,false,08:05,08:05,true,5,5,true,true,8,5,0,0,0,0,0.000000,0,stop,
20260903-1856-oracle,oracle,mock,oracle,v2,f7bbdd5fe0812c4d,1c5c35327076c6b6,v2-case-012,facts,,1,duration_minutes,conflict,true,false,26,26,true,5,5,true,true,8,5,0,0,0,0,0.000000,0,stop,
20260903-1856-oracle,oracle,mock,oracle,v2,f7bbdd5fe0812c4d,1c5c35327076c6b6,v2-case-012,facts,,2,root_cause_issue,join,true,true,wrn-207,wrn-207,true,5,5,true,true,8,5,0,0,0,0,0.000000,0,stop,
20260903-1856-oracle,oracle,mock,oracle,v2,f7bbdd5fe0812c4d,1c5c35327076c6b6,v2-case-012,facts,,3,regions_affected,exhaustive,true,false,"[""sydney"",""virginia""]","[""sydney"",""virginia""]",true,5,5,true,true,8,5,0,0,0,0,0.000000,0,stop,
20260903-1856-oracle,oracle,mock,oracle,v2,f7bbdd5fe0812c4d,1c5c35327076c6b6,v2-case-012,facts,,4,customer_credits_eur,abstain,true,,,,true,5,5,true,true,8,5,0,0,0,0,0.000000,0,stop,
20260903-1856-oracle,oracle,mock,oracle,v2,f7bbdd5fe0812c4d,1c5c35327076c6b6,v2-twin-005,exhaustive,v2-case-012,0,regions_affected,exhaustive,true,true,"[""sydney"",""virginia""]","[""sydney"",""virginia""]",true,1,1,true,true,7,4,0,0,0,0,0.000000,0,stop,
20260903-1856-oracle,oracle,mock,oracle,v2,f7bbdd5fe0812c4d,1c5c35327076c6b6,v2-case-013,facts,,0,start_utc,facts,true,false,20:40,20:40,true,5,5,true,true,7,6,0,0,0,0,0.000000,0,stop,
20260903-1856-oracle,oracle,mock,oracle,v2,f7bbdd5fe0812c4d,1c5c35327076c6b6,v2-case-013,facts,,1,duration_minutes,conflict,true,false,118,118,true,5,5,true,true,7,6,0,0,0,0,0.000000,0,stop,
20260903-1856-oracle,oracle,mock,oracle,v2,f7bbdd5fe0812c4d,1c5c35327076c6b6,v2-case-013,facts,,2,root_cause_issue,join,true,true,wrn-211,wrn-211,true,5,5,true,true,7,6,0,0,0,0,0.000000,0,stop,
20260903-1856-oracle,oracle,mock,oracle,v2,f7bbdd5fe0812c4d,1c5c35327076c6b6,v2-case-013,facts,,3,regions_affected,exhaustive,true,true,"[""amsterdam"",""frankfurt""]","[""amsterdam"",""frankfurt""]",true,5,5,true,true,7,6,0,0,0,0,0.000000,0,stop,
20260903-1856-oracle,oracle,mock,oracle,v2,f7bbdd5fe0812c4d,1c5c35327076c6b6,v2-case-013,facts,,4,customer_credits_eur,abstain,true,,,,true,5,5,true,true,7,6,0,0,0,0,0.000000,0,stop,
20260903-1856-oracle,oracle,mock,oracle,v2,f7bbdd5fe0812c4d,1c5c35327076c6b6,v2-case-014,facts,,0,start_utc,facts,true,false,12:15,12:15,true,5,5,true,true,8,5,0,0,0,0,0.000000,0,stop,
20260903-1856-oracle,oracle,mock,oracle,v2,f7bbdd5fe0812c4d,1c5c35327076c6b6,v2-case-014,facts,,1,duration_minutes,conflict,true,false,44,44,true,5,5,true,true,8,5,0,0,0,0,0.000000,0,stop,
20260903-1856-oracle,oracle,mock,oracle,v2,f7bbdd5fe0812c4d,1c5c35327076c6b6,v2-case-014,facts,,2,root_cause_issue,join,true,true,wrn-215,wrn-215,true,5,5,true,true,8,5,0,0,0,0,0.000000,0,stop,
20260903-1856-oracle,oracle,mock,oracle,v2,f7bbdd5fe0812c4d,1c5c35327076c6b6,v2-case-014,facts,,3,regions_affected,exhaustive,true,true,"[""amsterdam"",""dublin"",""virginia""]","[""amsterdam"",""dublin"",""virginia""]",true,5,5,true,true,8,5,0,0,0,0,0.000000,0,stop,
20260903-1856-oracle,oracle,mock,oracle,v2,f7bbdd5fe0812c4d,1c5c35327076c6b6,v2-case-014,facts,,4,customer_credits_eur,abstain,true,,,,true,5,5,true,true,8,5,0,0,0,0,0.000000,0,stop,
20260903-1856-oracle,oracle,mock,oracle,v2,f7bbdd5fe0812c4d,1c5c35327076c6b6,v2-case-015,facts,,0,start_utc,facts,true,false,05:50,05:50,true,5,5,true,true,7,4,0,0,0,0,0.000000,0,stop,
20260903-1856-oracle,oracle,mock,oracle,v2,f7bbdd5fe0812c4d,1c5c35327076c6b6,v2-case-015,facts,,1,duration_minutes,conflict,true,false,133,133,true,5,5,true,true,7,4,0,0,0,0,0.000000,0,stop,
20260903-1856-oracle,oracle,mock,oracle,v2,f7bbdd5fe0812c4d,1c5c35327076c6b6,v2-case-015,facts,,2,root_cause_issue,join,true,true,wrn-219,wrn-219,true,5,5,true,true,7,4,0,0,0,0,0.000000,0,stop,
20260903-1856-oracle,oracle,mock,oracle,v2,f7bbdd5fe0812c4d,1c5c35327076c6b6,v2-case-015,facts,,3,regions_affected,exhaustive,true,false,"[""sydney"",""virginia""]","[""sydney"",""virginia""]",true,5,5,true,true,7,4,0,0,0,0,0.000000,0,stop,
20260903-1856-oracle,oracle,mock,oracle,v2,f7bbdd5fe0812c4d,1c5c35327076c6b6,v2-case-015,facts,,4,customer_credits_eur,abstain,true,,,,true,5,5,true,true,7,4,0,0,0,0,0.000000,0,stop,
20260903-1856-oracle,oracle,mock,oracle,v2,f7bbdd5fe0812c4d,1c5c35327076c6b6,v2-twin-006,join,v2-case-015,0,root_cause_issue,join,true,true,wrn-219,wrn-219,true,1,1,true,true,7,5,0,0,0,0,0.000000,0,stop,
20260903-1856-oracle,oracle,mock,oracle,v2,f7bbdd5fe0812c4d,1c5c35327076c6b6,v2-case-016,facts,,0,start_utc,facts,true,false,16:25,16:25,true,5,5,true,true,6,4,0,0,0,0,0.000000,0,stop,
20260903-1856-oracle,oracle,mock,oracle,v2,f7bbdd5fe0812c4d,1c5c35327076c6b6,v2-case-016,facts,,1,duration_minutes,conflict,true,false,21,21,true,5,5,true,true,6,4,0,0,0,0,0.000000,0,stop,
20260903-1856-oracle,oracle,mock,oracle,v2,f7bbdd5fe0812c4d,1c5c35327076c6b6,v2-case-016,facts,,2,root_cause_issue,join,true,true,wrn-223,wrn-223,true,5,5,true,true,6,4,0,0,0,0,0.000000,0,stop,
20260903-1856-oracle,oracle,mock,oracle,v2,f7bbdd5fe0812c4d,1c5c35327076c6b6,v2-case-016,facts,,3,regions_affected,exhaustive,true,true,"[""amsterdam"",""sao paulo""]","[""amsterdam"",""sao paulo""]",true,5,5,true,true,6,4,0,0,0,0,0.000000,0,stop,
20260903-1856-oracle,oracle,mock,oracle,v2,f7bbdd5fe0812c4d,1c5c35327076c6b6,v2-case-016,facts,,4,customer_credits_eur,abstain,true,,,,true,5,5,true,true,6,4,0,0,0,0,0.000000,0,stop,
20260903-1856-oracle,oracle,mock,oracle,v2,f7bbdd5fe0812c4d,1c5c35327076c6b6,v2-twin-007,exhaustive,v2-case-016,0,regions_affected,exhaustive,true,true,"[""amsterdam"",""sao paulo""]","[""amsterdam"",""sao paulo""]",true,1,1,true,true,6,4,0,0,0,0,0.000000,0,stop,
20260903-1856-oracle,oracle,mock,oracle,v2,f7bbdd5fe0812c4d,1c5c35327076c6b6,v2-case-017,facts,,0,start_utc,facts,true,false,09:10,09:10,true,5,5,true,true,7,6,0,0,0,0,0.000000,0,stop,
20260903-1856-oracle,oracle,mock,oracle,v2,f7bbdd5fe0812c4d,1c5c35327076c6b6,v2-case-017,facts,,1,duration_minutes,conflict,true,false,57,57,true,5,5,true,true,7,6,0,0,0,0,0.000000,0,stop,
20260903-1856-oracle,oracle,mock,oracle,v2,f7bbdd5fe0812c4d,1c5c35327076c6b6,v2-case-017,facts,,2,root_cause_issue,join,true,true,wrn-227,wrn-227,true,5,5,true,true,7,6,0,0,0,0,0.000000,0,stop,
20260903-1856-oracle,oracle,mock,oracle,v2,f7bbdd5fe0812c4d,1c5c35327076c6b6,v2-case-017,facts,,3,regions_affected,exhaustive,true,true,"[""frankfurt"",""virginia""]","[""frankfurt"",""virginia""]",true,5,5,true,true,7,6,0,0,0,0,0.000000,0,stop,
20260903-1856-oracle,oracle,mock,oracle,v2,f7bbdd5fe0812c4d,1c5c35327076c6b6,v2-case-017,facts,,4,customer_credits_eur,abstain,true,,,,true,5,5,true,true,7,6,0,0,0,0,0.000000,0,stop,
20260903-1856-oracle,oracle,mock,oracle,v2,f7bbdd5fe0812c4d,1c5c35327076c6b6,v2-case-018,facts,,0,start_utc,facts,true,false,20:35,20:35,true,5,5,true,true,8,5,0,0,0,0,0.000000,0,stop,
20260903-1856-oracle,oracle,mock,oracle,v2,f7bbdd5fe0812c4d,1c5c35327076c6b6,v2-case-018,facts,,1,duration_minutes,conflict,true,false,88,88,true,5,5,true,true,8,5,0,0,0,0,0.000000,0,stop,
20260903-1856-oracle,oracle,mock,oracle,v2,f7bbdd5fe0812c4d,1c5c35327076c6b6,v2-case-018,facts,,2,root_cause_issue,join,true,true,wrn-231,wrn-231,true,5,5,true,true,8,5,0,0,0,0,0.000000,0,stop,
20260903-1856-oracle,oracle,mock,oracle,v2,f7bbdd5fe0812c4d,1c5c35327076c6b6,v2-case-018,facts,,3,regions_affected,exhaustive,true,true,"[""sao paulo"",""sydney"",""virginia""]","[""sao paulo"",""sydney"",""virginia""]",true,5,5,true,true,8,5,0,0,0,0,0.000000,0,stop,
20260903-1856-oracle,oracle,mock,oracle,v2,f7bbdd5fe0812c4d,1c5c35327076c6b6,v2-case-018,facts,,4,customer_credits_eur,abstain,true,,,,true,5,5,true,true,8,5,0,0,0,0,0.000000,0,stop,
20260903-1856-oracle,oracle,mock,oracle,v2,f7bbdd5fe0812c4d,1c5c35327076c6b6,v2-case-019,facts,,0,start_utc,facts,true,false,13:45,13:45,true,5,5,true,true,8,5,0,0,0,0,0.000000,0,stop,
20260903-1856-oracle,oracle,mock,oracle,v2,f7bbdd5fe0812c4d,1c5c35327076c6b6,v2-case-019,facts,,1,duration_minutes,conflict,true,false,17,17,true,5,5,true,true,8,5,0,0,0,0,0.000000,0,stop,
20260903-1856-oracle,oracle,mock,oracle,v2,f7bbdd5fe0812c4d,1c5c35327076c6b6,v2-case-019,facts,,2,root_cause_issue,join,true,true,wrn-235,wrn-235,true,5,5,true,true,8,5,0,0,0,0,0.000000,0,stop,
20260903-1856-oracle,oracle,mock,oracle,v2,f7bbdd5fe0812c4d,1c5c35327076c6b6,v2-case-019,facts,,3,regions_affected,exhaustive,true,true,"[""dublin"",""sydney""]","[""dublin"",""sydney""]",true,5,5,true,true,8,5,0,0,0,0,0.000000,0,stop,
20260903-1856-oracle,oracle,mock,oracle,v2,f7bbdd5fe0812c4d,1c5c35327076c6b6,v2-case-019,facts,,4,customer_credits_eur,abstain,true,,,,true,5,5,true,true,8,5,0,0,0,0,0.000000,0,stop,
20260903-1856-oracle,oracle,mock,oracle,v2,f7bbdd5fe0812c4d,1c5c35327076c6b6,v2-twin-008,join,v2-case-019,0,root_cause_issue,join,true,true,wrn-235,wrn-235,true,1,1,true,true,8,5,0,0,0,0,0.000000,0,stop,
20260903-1856-oracle,oracle,mock,oracle,v2,f7bbdd5fe0812c4d,1c5c35327076c6b6,v2-case-020,facts,,0,start_utc,facts,true,true,04:30,04:30,true,5,5,true,true,8,6,0,0,0,0,0.000000,0,stop,
20260903-1856-oracle,oracle,mock,oracle,v2,f7bbdd5fe0812c4d,1c5c35327076c6b6,v2-case-020,facts,,1,duration_minutes,conflict,true,true,142,142,true,5,5,true,true,8,6,0,0,0,0,0.000000,0,stop,
20260903-1856-oracle,oracle,mock,oracle,v2,f7bbdd5fe0812c4d,1c5c35327076c6b6,v2-case-020,facts,,2,root_cause_issue,join,true,true,wrn-239,wrn-239,true,5,5,true,true,8,6,0,0,0,0,0.000000,0,stop,
20260903-1856-oracle,oracle,mock,oracle,v2,f7bbdd5fe0812c4d,1c5c35327076c6b6,v2-case-020,facts,,3,regions_affected,exhaustive,true,true,"[""amsterdam"",""frankfurt"",""sao paulo""]","[""amsterdam"",""frankfurt"",""sao paulo""]",true,5,5,true,true,8,6,0,0,0,0,0.000000,0,stop,
20260903-1856-oracle,oracle,mock,oracle,v2,f7bbdd5fe0812c4d,1c5c35327076c6b6,v2-case-020,facts,,4,customer_credits_eur,abstain,true,,,,true,5,5,true,true,8,6,0,0,0,0,0.000000,0,stop,
20260903-1856-oracle,oracle,mock,oracle,v2,f7bbdd5fe0812c4d,1c5c35327076c6b6,v2-case-021,aggregation,,0,total_eur,aggregation,true,true,25000,25000,true,6,6,true,true,9,6,0,0,0,0,0.000000,0,stop,
20260903-1856-oracle,oracle,mock,oracle,v2,f7bbdd5fe0812c4d,1c5c35327076c6b6,v2-case-021,aggregation,,1,term_months,conflict,true,true,12,12,true,6,6,true,true,9,6,0,0,0,0,0.000000,0,stop,
20260903-1856-oracle,oracle,mock,oracle,v2,f7bbdd5fe0812c4d,1c5c35327076c6b6,v2-case-021,aggregation,,2,signed_by,entities,true,true,nadia oyelaran,nadia oyelaran,true,6,6,true,true,9,6,0,0,0,0,0.000000,0,stop,
20260903-1856-oracle,oracle,mock,oracle,v2,f7bbdd5fe0812c4d,1c5c35327076c6b6,v2-case-021,aggregation,,3,renewal_date,supersession,true,false,2028-03-31,2028-03-31,true,6,6,true,true,9,6,0,0,0,0,0.000000,0,stop,
20260903-1856-oracle,oracle,mock,oracle,v2,f7bbdd5fe0812c4d,1c5c35327076c6b6,v2-case-021,aggregation,,4,covered_services,exhaustive,true,true,"[""penetration test"",""readiness review""]","[""penetration test"",""readiness review""]",true,6,6,true,true,9,6,0,0,0,0,0.000000,0,stop,
20260903-1856-oracle,oracle,mock,oracle,v2,f7bbdd5fe0812c4d,1c5c35327076c6b6,v2-case-021,aggregation,,5,audit_fee_per_control_eur,abstain,true,,,,true,6,6,true,true,9,6,0,0,0,0,0.000000,0,stop,
20260903-1856-oracle,oracle,mock,oracle,v2,f7bbdd5fe0812c4d,1c5c35327076c6b6,v2-twin-009,aggregation,v2-case-021,0,total_eur,aggregation,true,true,25000,25000,true,1,1,true,true,7,5,0,0,0,0,0.000000,0,stop,
20260903-1856-oracle,oracle,mock,oracle,v2,f7bbdd5fe0812c4d,1c5c35327076c6b6,v2-case-022,aggregation,,0,total_eur,aggregation,true,true,54500,54500,true,5,5,true,true,7,5,0,0,0,0,0.000000,0,stop,
20260903-1856-oracle,oracle,mock,oracle,v2,f7bbdd5fe0812c4d,1c5c35327076c6b6,v2-case-022,aggregation,,1,term_months,conflict,true,true,24,24,true,5,5,true,true,7,5,0,0,0,0,0.000000,0,stop,
20260903-1856-oracle,oracle,mock,oracle,v2,f7bbdd5fe0812c4d,1c5c35327076c6b6,v2-case-022,aggregation,,2,signed_by,entities,true,true,sofia brandt,sofia brandt,true,5,5,true,true,7,5,0,0,0,0,0.000000,0,stop,
20260903-1856-oracle,oracle,mock,oracle,v2,f7bbdd5fe0812c4d,1c5c35327076c6b6,v2-case-022,aggregation,,3,renewal_date,supersession,true,false,2028-05-15,2028-05-15,true,5,5,true,true,7,5,0,0,0,0,0.000000,0,stop,
20260903-1856-oracle,oracle,mock,oracle,v2,f7bbdd5fe0812c4d,1c5c35327076c6b6,v2-case-022,aggregation,,4,covered_services,exhaustive,true,true,"[""edge caching"",""log delivery""]","[""edge caching"",""log delivery""]",true,5,5,true,true,7,5,0,0,0,0,0.000000,0,stop,
20260903-1856-oracle,oracle,mock,oracle,v2,f7bbdd5fe0812c4d,1c5c35327076c6b6,v2-case-023,aggregation,,0,total_eur,aggregation,true,true,15000,15000,true,6,6,true,true,7,4,0,0,0,0,0.000000,0,stop,
20260903-1856-oracle,oracle,mock,oracle,v2,f7bbdd5fe0812c4d,1c5c35327076c6b6,v2-case-023,aggregation,,1,term_months,conflict,true,true,6,6,true,6,6,true,true,7,4,0,0,0,0,0.000000,0,stop,
20260903-1856-oracle,oracle,mock,oracle,v2,f7bbdd5fe0812c4d,1c5c35327076c6b6,v2-case-023,aggregation,,2,signed_by,entities,true,true,tomas ruiz,tomas ruiz,true,6,6,true,true,7,4,0,0,0,0,0.000000,0,stop,
20260903-1856-oracle,oracle,mock,oracle,v2,f7bbdd5fe0812c4d,1c5c35327076c6b6,v2-case-023,aggregation,,3,renewal_date,supersession,true,true,2028-01-15,2028-01-15,true,6,6,true,true,7,4,0,0,0,0,0.000000,0,stop,
20260903-1856-oracle,oracle,mock,oracle,v2,f7bbdd5fe0812c4d,1c5c35327076c6b6,v2-case-023,aggregation,,4,covered_services,exhaustive,true,true,"[""report review"",""scripted runs""]","[""report review"",""scripted runs""]",true,6,6,true,true,7,4,0,0,0,0,0.000000,0,stop,
20260903-1856-oracle,oracle,mock,oracle,v2,f7bbdd5fe0812c4d,1c5c35327076c6b6,v2-case-023,aggregation,,5,overage_rate_eur,abstain,true,,,,true,6,6,true,true,7,4,0,0,0,0,0.000000,0,stop,
20260903-1856-oracle,oracle,mock,oracle,v2,f7bbdd5fe0812c4d,1c5c35327076c6b6,v2-twin-010,exhaustive,v2-case-023,0,covered_services,exhaustive,true,true,"[""report review"",""scripted runs""]","[""report review"",""scripted runs""]",true,1,1,true,true,7,5,0,0,0,0,0.000000,0,stop,
20260903-1856-oracle,oracle,mock,oracle,v2,f7bbdd5fe0812c4d,1c5c35327076c6b6,v2-case-024,aggregation,,0,total_eur,aggregation,true,true,117500,117500,true,6,6,true,true,8,5,0,0,0,0,0.000000,0,stop,
20260903-1856-oracle,oracle,mock,oracle,v2,f7bbdd5fe0812c4d,1c5c35327076c6b6,v2-case-024,aggregation,,1,term_months,conflict,true,true,12,12,true,6,6,true,true,8,5,0,0,0,0,0.000000,0,stop,
20260903-1856-oracle,oracle,mock,oracle,v2,f7bbdd5fe0812c4d,1c5c35327076c6b6,v2-case-024,aggregation,,2,signed_by,entities,true,true,sofia brandt,sofia brandt,true,6,6,true,true,8,5,0,0,0,0,0.000000,0,stop,
20260903-1856-oracle,oracle,mock,oracle,v2,f7bbdd5fe0812c4d,1c5c35327076c6b6,v2-case-024,aggregation,,3,renewal_date,supersession,true,true,2028-07-01,2028-07-01,true,6,6,true,true,8,5,0,0,0,0,0.000000,0,stop,
20260903-1856-oracle,oracle,mock,oracle,v2,f7bbdd5fe0812c4d,1c5c35327076c6b6,v2-case-024,aggregation,,4,covered_services,exhaustive,true,true,"[""reserved instances"",""support tier""]","[""reserved instances"",""support tier""]",true,6,6,true,true,8,5,0,0,0,0,0.000000,0,stop,
20260903-1856-oracle,oracle,mock,oracle,v2,f7bbdd5fe0812c4d,1c5c35327076c6b6,v2-case-024,aggregation,,5,egress_price_per_tb_eur,abstain,true,,,,true,6,6,true,true,8,5,0,0,0,0,0.000000,0,stop,
20260903-1856-oracle,oracle,mock,oracle,v2,f7bbdd5fe0812c4d,1c5c35327076c6b6,v2-case-025,aggregation,,0,total_eur,aggregation,true,true,20250,20250,true,5,5,true,true,7,5,0,0,0,0,0.000000,0,stop,
20260903-1856-oracle,oracle,mock,oracle,v2,f7bbdd5fe0812c4d,1c5c35327076c6b6,v2-case-025,aggregation,,1,term_months,conflict,true,true,12,12,true,5,5,true,true,7,5,0,0,0,0,0.000000,0,stop,
20260903-1856-oracle,oracle,mock,oracle,v2,f7bbdd5fe0812c4d,1c5c35327076c6b6,v2-case-025,aggregation,,2,signed_by,entities,true,true,viktor novak,viktor novak,true,5,5,true,true,7,5,0,0,0,0,0.000000,0,stop,
20260903-1856-oracle,oracle,mock,oracle,v2,f7bbdd5fe0812c4d,1c5c35327076c6b6,v2-case-025,aggregation,,3,renewal_date,supersession,true,true,2028-04-30,2028-04-30,true,5,5,true,true,7,5,0,0,0,0,0.000000,0,stop,
20260903-1856-oracle,oracle,mock,oracle,v2,f7bbdd5fe0812c4d,1c5c35327076c6b6,v2-case-025,aggregation,,4,covered_services,exhaustive,true,true,"[""event pipeline"",""export api""]","[""event pipeline"",""export api""]",true,5,5,true,true,7,5,0,0,0,0,0.000000,0,stop,
20260903-1856-oracle,oracle,mock,oracle,v2,f7bbdd5fe0812c4d,1c5c35327076c6b6,v2-twin-011,aggregation,v2-case-025,0,total_eur,aggregation,true,true,20250,20250,true,1,1,true,true,8,5,0,0,0,0,0.000000,0,stop,
20260903-1856-oracle,oracle,mock,oracle,v2,f7bbdd5fe0812c4d,1c5c35327076c6b6,v2-case-026,aggregation,,0,total_eur,aggregation,true,true,45000,45000,true,6,6,true,true,6,4,0,0,0,0,0.000000,0,stop,
20260903-1856-oracle,oracle,mock,oracle,v2,f7bbdd5fe0812c4d,1c5c35327076c6b6,v2-case-026,aggregation,,1,term_months,conflict,true,true,6,6,true,6,6,true,true,6,4,0,0,0,0,0.000000,0,stop,
20260903-1856-oracle,oracle,mock,oracle,v2,f7bbdd5fe0812c4d,1c5c35327076c6b6,v2-case-026,aggregation,,2,signed_by,entities,true,true,rob feeney,rob feeney,true,6,6,true,true,6,4,0,0,0,0,0.000000,0,stop,
20260903-1856-oracle,oracle,mock,oracle,v2,f7bbdd5fe0812c4d,1c5c35327076c6b6,v2-case-026,aggregation,,3,renewal_date,supersession,true,true,2028-02-01,2028-02-01,true,6,6,true,true,6,4,0,0,0,0,0.000000,0,stop,
20260903-1856-oracle,oracle,mock,oracle,v2,f7bbdd5fe0812c4d,1c5c35327076c6b6,v2-case-026,aggregation,,4,covered_services,exhaustive,true,true,"[""external test"",""retest window""]","[""external test"",""retest window""]",true,6,6,true,true,6,4,0,0,0,0,0.000000,0,stop,
20260903-1856-oracle,oracle,mock,oracle,v2,f7bbdd5fe0812c4d,1c5c35327076c6b6,v2-case-026,aggregation,,5,finding_count,abstain,true,,,,true,6,6,true,true,6,4,0,0,0,0,0.000000,0,stop,
20260903-1856-oracle,oracle,mock,oracle,v2,f7bbdd5fe0812c4d,1c5c35327076c6b6,v2-case-027,aggregation,,0,total_eur,aggregation,true,true,70750,70750,true,6,6,true,true,8,6,0,0,0,0,0.000000,0,stop,
20260903-1856-oracle,oracle,mock,oracle,v2,f7bbdd5fe0812c4d,1c5c35327076c6b6,v2-case-027,aggregation,,1,term_months,conflict,true,true,6,6,true,6,6,true,true,8,6,0,0,0,0,0.000000,0,stop,
20260903-1856-oracle,oracle,mock,oracle,v2,f7bbdd5fe0812c4d,1c5c35327076c6b6,v2-case-027,aggregation,,2,signed_by,entities,true,true,mei-ling chen,mei-ling chen,true,6,6,true,true,8,6,0,0,0,0,0.000000,0,stop,
20260903-1856-oracle,oracle,mock,oracle,v2,f7bbdd5fe0812c4d,1c5c35327076c6b6,v2-case-027,aggregation,,3,renewal_date,supersession,true,true,2028-03-31,2028-03-31,true,6,6,true,true,8,6,0,0,0,0,0.000000,0,stop,
20260903-1856-oracle,oracle,mock,oracle,v2,f7bbdd5fe0812c4d,1c5c35327076c6b6,v2-case-027,aggregation,,4,covered_services,exhaustive,true,true,"[""escalation drills"",""overnight triage""]","[""escalation drills"",""overnight triage""]",true,6,6,true,true,8,6,0,0,0,0,0.000000,0,stop,
20260903-1856-oracle,oracle,mock,oracle,v2,f7bbdd5fe0812c4d,1c5c35327076c6b6,v2-case-027,aggregation,,5,agent_headcount,abstain,true,,,,true,6,6,true,true,8,6,0,0,0,0,0.000000,0,stop,
20260903-1856-oracle,oracle,mock,oracle,v2,f7bbdd5fe0812c4d,1c5c35327076c6b6,v2-twin-012,exhaustive,v2-case-027,0,covered_services,exhaustive,true,true,"[""escalation drills"",""overnight triage""]","[""escalation drills"",""overnight triage""]",true,1,1,true,true,6,4,0,0,0,0,0.000000,0,stop,
20260903-1856-oracle,oracle,mock,oracle,v2,f7bbdd5fe0812c4d,1c5c35327076c6b6,v2-case-028,aggregation,,0,total_eur,aggregation,true,true,39000,39000,true,5,5,true,true,6,4,0,0,0,0,0.000000,0,stop,
20260903-1856-oracle,oracle,mock,oracle,v2,f7bbdd5fe0812c4d,1c5c35327076c6b6,v2-case-028,aggregation,,1,term_months,conflict,true,true,18,18,true,5,5,true,true,6,4,0,0,0,0,0.000000,0,stop,
20260903-1856-oracle,oracle,mock,oracle,v2,f7bbdd5fe0812c4d,1c5c35327076c6b6,v2-case-028,aggregation,,2,signed_by,entities,true,true,dan okonkwo,dan okonkwo,true,5,5,true,true,6,4,0,0,0,0,0.000000,0,stop,
20260903-1856-oracle,oracle,mock,oracle,v2,f7bbdd5fe0812c4d,1c5c35327076c6b6,v2-case-028,aggregation,,3,renewal_date,supersession,true,true,2028-08-31,2028-08-31,true,5,5,true,true,6,4,0,0,0,0,0.000000,0,stop,
20260903-1856-oracle,oracle,mock,oracle,v2,f7bbdd5fe0812c4d,1c5c35327076c6b6,v2-case-028,aggregation,,4,covered_services,exhaustive,true,true,"[""alert routing"",""span storage""]","[""alert routing"",""span storage""]",true,5,5,true,true,6,4,0,0,0,0,0.000000,0,stop,
20260903-1856-oracle,oracle,mock,oracle,v2,f7bbdd5fe0812c4d,1c5c35327076c6b6,v2-case-029,join,,0,issue_id,join,true,true,wrn-201,wrn-201,true,6,6,true,true,7,4,0,0,0,0,0.000000,0,stop,
20260903-1856-oracle,oracle,mock,oracle,v2,f7bbdd5fe0812c4d,1c5c35327076c6b6,v2-case-029,join,,1,current_assignee,join,true,true,dan okonkwo,dan okonkwo,true,6,6,true,true,7,4,0,0,0,0,0.000000,0,stop,
20260903-1856-oracle,oracle,mock,oracle,v2,f7bbdd5fe0812c4d,1c5c35327076c6b6,v2-case-029,join,,2,labels,exhaustive,true,true,"[""api"",""residency""]","[""api"",""residency""]",true,6,6,true,true,7,4,0,0,0,0,0.000000,0,stop,
20260903-1856-oracle,oracle,mock,oracle,v2,f7bbdd5fe0812c4d,1c5c35327076c6b6,v2-case-029,join,,3,priority_on_date,asof,true,true,medium,medium,true,6,6,true,true,7,4,0,0,0,0,0.000000,0,stop,
20260903-1856-oracle,oracle,mock,oracle,v2,f7bbdd5fe0812c4d,1c5c35327076c6b6,v2-case-029,join,,4,priority_now,supersession,true,true,high,high,true,6,6,true,true,7,4,0,0,0,0,0.000000,0,stop,
20260903-1856-oracle,oracle,mock,oracle,v2,f7bbdd5fe0812c4d,1c5c35327076c6b6,v2-case-029,join,,5,rollout_percentage,abstain,true,,,,true,6,6,true,true,7,4,0,0,0,0,0.000000,0,stop,
20260903-1856-oracle,oracle,mock,oracle,v2,f7bbdd5fe0812c4d,1c5c35327076c6b6,v2-twin-013,join,v2-case-029,0,current_assignee,join,true,true,dan okonkwo,dan okonkwo,true,1,1,true,true,8,5,0,0,0,0,0.000000,0,stop,
20260903-1856-oracle,oracle,mock,oracle,v2,f7bbdd5fe0812c4d,1c5c35327076c6b6,v2-case-030,join,,0,issue_id,join,true,true,wrn-202,wrn-202,true,5,5,true,true,7,4,0,0,0,0,0.000000,0,stop,
20260903-1856-oracle,oracle,mock,oracle,v2,f7bbdd5fe0812c4d,1c5c35327076c6b6,v2-case-030,join,,1,current_assignee,join,true,true,aisha nkemelu,aisha nkemelu,true,5,5,true,true,7,4,0,0,0,0,0.000000,0,stop,
20260903-1856-oracle,oracle,mock,oracle,v2,f7bbdd5fe0812c4d,1c5c35327076c6b6,v2-case-030,join,,2,labels,exhaustive,true,true,"[""audit"",""compliance""]","[""audit"",""compliance""]",true,5,5,true,true,7,4,0,0,0,0,0.000000,0,stop,
20260903-1856-oracle,oracle,mock,oracle,v2,f7bbdd5fe0812c4d,1c5c35327076c6b6,v2-case-030,join,,3,priority_on_date,asof,true,true,medium,medium,true,5,5,true,true,7,4,0,0,0,0,0.000000,0,stop,
20260903-1856-oracle,oracle,mock,oracle,v2,f7bbdd5fe0812c4d,1c5c35327076c6b6,v2-case-030,join,,4,priority_now,supersession,true,false,high,high,true,5,5,true,true,7,4,0,0,0,0,0.000000,0,stop,
20260903-1856-oracle,oracle,mock,oracle,v2,f7bbdd5fe0812c4d,1c5c35327076c6b6,v2-case-031,join,,0,issue_id,join,true,true,wrn-203,wrn-203,true,6,6,true,true,7,5,0,0,0,0,0.000000,0,stop,
20260903-1856-oracle,oracle,mock,oracle,v2,f7bbdd5fe0812c4d,1c5c35327076c6b6,v2-case-031,join,,1,current_assignee,join,true,true,ravi sundaram,ravi sundaram,true,6,6,true,true,7,5,0,0,0,0,0.000000,0,stop,
20260903-1856-oracle,oracle,mock,oracle,v2,f7bbdd5fe0812c4d,1c5c35327076c6b6,v2-case-031,join,,2,labels,exhaustive,true,true,"[""relay"",""urgent-fix""]","[""relay"",""urgent-fix""]",true,6,6,true,true,7,5,0,0,0,0,0.000000,0,stop,
20260903-1856-oracle,oracle,mock,oracle,v2,f7bbdd5fe0812c4d,1c5c35327076c6b6,v2-case-031,join,,3,priority_on_date,asof,true,true,medium,medium,true,6,6,true,true,7,5,0,0,0,0,0.000000,0,stop,
20260903-1856-oracle,oracle,mock,oracle,v2,f7bbdd5fe0812c4d,1c5c35327076c6b6,v2-case-031,join,,4,priority_now,supersession,true,false,high,high,true,6,6,true,true,7,5,0,0,0,0,0.000000,0,stop,
20260903-1856-oracle,oracle,mock,oracle,v2,f7bbdd5fe0812c4d,1c5c35327076c6b6,v2-case-031,join,,5,branch_name,abstain,true,,,,true,6,6,true,true,7,5,0,0,0,0,0.000000,0,stop,
20260903-1856-oracle,oracle,mock,oracle,v2,f7bbdd5fe0812c4d,1c5c35327076c6b6,v2-twin-014,exhaustive,v2-case-031,0,labels,exhaustive,true,true,"[""relay"",""urgent-fix""]","[""relay"",""urgent-fix""]",true,1,1,true,true,8,6,0,0,0,0,0.000000,0,stop,
20260903-1856-oracle,oracle,mock,oracle,v2,f7bbdd5fe0812c4d,1c5c35327076c6b6,v2-case-032,join,,0,issue_id,join,true,true,wrn-205,wrn-205,true,5,5,true,true,7,4,0,0,0,0,0.000000,0,stop,
20260903-1856-oracle,oracle,mock,oracle,v2,f7bbdd5fe0812c4d,1c5c35327076c6b6,v2-case-032,join,,1,current_assignee,join,true,true,priya raman,priya raman,true,5,5,true,true,7,4,0,0,0,0,0.000000,0,stop,
20260903-1856-oracle,oracle,mock,oracle,v2,f7bbdd5fe0812c4d,1c5c35327076c6b6,v2-case-032,join,,2,labels,exhaustive,true,true,"[""launch"",""policy""]","[""launch"",""policy""]",true,5,5,true,true,7,4,0,0,0,0,0.000000,0,stop,
20260903-1856-oracle,oracle,mock,oracle,v2,f7bbdd5fe0812c4d,1c5c35327076c6b6,v2-case-032,join,,3,priority_on_date,asof,true,true,medium,medium,true,5,5,true,true,7,4,0,0,0,0,0.000000,0,stop,
20260903-1856-oracle,oracle,mock,oracle,v2,f7bbdd5fe0812c4d,1c5c35327076c6b6,v2-case-032,join,,4,priority_now,supersession,true,false,high,high,true,5,5,true,true,7,4,0,0,0,0,0.000000,0,stop,
20260903-1856-oracle,oracle,mock,oracle,v2,f7bbdd5fe0812c4d,1c5c35327076c6b6,v2-case-033,join,,0,issue_id,join,true,true,wrn-206,wrn-206,true,6,6,true,true,7,4,0,0,0,0,0.000000,0,stop,
20260903-1856-oracle,oracle,mock,oracle,v2,f7bbdd5fe0812c4d,1c5c35327076c6b6,v2-case-033,join,,1,current_assignee,join,true,true,tomas ruiz,tomas ruiz,true,6,6,true,true,7,4,0,0,0,0,0.000000,0,stop,
20260903-1856-oracle,oracle,mock,oracle,v2,f7bbdd5fe0812c4d,1c5c35327076c6b6,v2-case-033,join,,2,labels,exhaustive,true,true,"[""infra"",""residency""]","[""infra"",""residency""]",true,6,6,true,true,7,4,0,0,0,0,0.000000,0,stop,
20260903-1856-oracle,oracle,mock,oracle,v2,f7bbdd5fe0812c4d,1c5c35327076c6b6,v2-case-033,join,,3,priority_on_date,asof,true,true,medium,medium,true,6,6,true,true,7,4,0,0,0,0,0.000000,0,stop,
20260903-1856-oracle,oracle,mock,oracle,v2,f7bbdd5fe0812c4d,1c5c35327076c6b6,v2-case-033,join,,4,priority_now,supersession,true,false,high,high,true,6,6,true,true,7,4,0,0,0,0,0.000000,0,stop,
20260903-1856-oracle,oracle,mock,oracle,v2,f7bbdd5fe0812c4d,1c5c35327076c6b6,v2-case-033,join,,5,shard_count,abstain,true,,,,true,6,6,true,true,7,4,0,0,0,0,0.000000,0,stop,
20260903-1856-oracle,oracle,mock,oracle,v2,f7bbdd5fe0812c4d,1c5c35327076c6b6,v2-case-034,join,,0,issue_id,join,true,true,wrn-208,wrn-208,true,5,5,true,true,7,4,0,0,0,0,0.000000,0,stop,
20260903-1856-oracle,oracle,mock,oracle,v2,f7bbdd5fe0812c4d,1c5c35327076c6b6,v2-case-034,join,,1,current_assignee,join,true,true,viktor novak,viktor novak,true,5,5,true,true,7,4,0,0,0,0,0.000000,0,stop,
20260903-1856-oracle,oracle,mock,oracle,v2,f7bbdd5fe0812c4d,1c5c35327076c6b6,v2-case-034,join,,2,labels,exhaustive,true,true,"[""api"",""urgent-fix""]","[""api"",""urgent-fix""]",true,5,5,true,true,7,4,0,0,0,0,0.000000,0,stop,
20260903-1856-oracle,oracle,mock,oracle,v2,f7bbdd5fe0812c4d,1c5c35327076c6b6,v2-case-034,join,,3,priority_on_date,asof,true,true,medium,medium,true,5,5,true,true,7,4,0,0,0,0,0.000000,0,stop,
20260903-1856-oracle,oracle,mock,oracle,v2,f7bbdd5fe0812c4d,1c5c35327076c6b6,v2-case-034,join,,4,priority_now,supersession,true,false,high,high,true,5,5,true,true,7,4,0,0,0,0,0.000000,0,stop,
20260903-1856-oracle,oracle,mock,oracle,v2,f7bbdd5fe0812c4d,1c5c35327076c6b6,v2-twin-015,join,v2-case-034,0,current_assignee,join,true,true,viktor novak,viktor novak,true,1,1,true,true,8,5,0,0,0,0,0.000000,0,stop,
20260903-1856-oracle,oracle,mock,oracle,v2,f7bbdd5fe0812c4d,1c5c35327076c6b6,v2-case-035,join,,0,issue_id,join,true,true,wrn-209,wrn-209,true,6,6,true,true,9,6,0,0,0,0,0.000000,0,stop,
20260903-1856-oracle,oracle,mock,oracle,v2,f7bbdd5fe0812c4d,1c5c35327076c6b6,v2-case-035,join,,1,current_assignee,join,true,true,aisha nkemelu,aisha nkemelu,true,6,6,true,true,9,6,0,0,0,0,0.000000,0,stop,
20260903-1856-oracle,oracle,mock,oracle,v2,f7bbdd5fe0812c4d,1c5c35327076c6b6,v2-case-035,join,,2,labels,exhaustive,true,true,"[""launch"",""residency""]","[""launch"",""residency""]",true,6,6,true,true,9,6,0,0,0,0,0.000000,0,stop,
20260903-1856-oracle,oracle,mock,oracle,v2,f7bbdd5fe0812c4d,1c5c35327076c6b6,v2-case-035,join,,3,priority_on_date,asof,true,true,medium,medium,true,6,6,true,true,9,6,0,0,0,0,0.000000,0,stop,
20260903-1856-oracle,oracle,mock,oracle,v2,f7bbdd5fe0812c4d,1c5c35327076c6b6,v2-case-035,join,,4,priority_now,supersession,true,false,high,high,true,6,6,true,true,9,6,0,0,0,0,0.000000,0,stop,
20260903-1856-oracle,oracle,mock,oracle,v2,f7bbdd5fe0812c4d,1c5c35327076c6b6,v2-case-035,join,,5,estimate_days,abstain,true,,,,true,6,6,true,true,9,6,0,0,0,0,0.000000,0,stop,
20260903-1856-oracle,oracle,mock,oracle,v2,f7bbdd5fe0812c4d,1c5c35327076c6b6,v2-case-036,join,,0,issue_id,join,true,true,wrn-210,wrn-210,true,5,5,true,true,7,4,0,0,0,0,0.000000,0,stop,
20260903-1856-oracle,oracle,mock,oracle,v2,f7bbdd5fe0812c4d,1c5c35327076c6b6,v2-case-036,join,,1,current_assignee,join,true,true,mei-ling chen,mei-ling chen,true,5,5,true,true,7,4,0,0,0,0,0.000000,0,stop,
20260903-1856-oracle,oracle,mock,oracle,v2,f7bbdd5fe0812c4d,1c5c35327076c6b6,v2-case-036,join,,2,labels,exhaustive,true,true,"[""pilot"",""support""]","[""pilot"",""support""]",true,5,5,true,true,7,4,0,0,0,0,0.000000,0,stop,
20260903-1856-oracle,oracle,mock,oracle,v2,f7bbdd5fe0812c4d,1c5c35327076c6b6,v2-case-036,join,,3,priority_on_date,asof,true,true,medium,medium,true,5,5,true,true,7,4,0,0,0,0,0.000000,0,stop,
20260903-1856-oracle,oracle,mock,oracle,v2,f7bbdd5fe0812c4d,1c5c35327076c6b6,v2-case-036,join,,4,priority_now,supersession,true,false,high,high,true,5,5,true,true,7,4,0,0,0,0,0.000000,0,stop,
20260903-1856-oracle,oracle,mock,oracle,v2,f7bbdd5fe0812c4d,1c5c35327076c6b6,v2-case-037,join,,0,issue_id,join,true,true,wrn-212,wrn-212,true,6,6,true,true,7,5,0,0,0,0,0.000000,0,stop,
20260903-1856-oracle,oracle,mock,oracle,v2,f7bbdd5fe0812c4d,1c5c35327076c6b6,v2-case-037,join,,1,current_assignee,join,true,true,nadia oyelaran,nadia oyelaran,true,6,6,true,true,7,5,0,0,0,0,0.000000,0,stop,
20260903-1856-oracle,oracle,mock,oracle,v2,f7bbdd5fe0812c4d,1c5c35327076c6b6,v2-case-037,join,,2,labels,exhaustive,true,true,"[""security"",""urgent-fix""]","[""security"",""urgent-fix""]",true,6,6,true,true,7,5,0,0,0,0,0.000000,0,stop,
20260903-1856-oracle,oracle,mock,oracle,v2,f7bbdd5fe0812c4d,1c5c35327076c6b6,v2-case-037,join,,3,priority_on_date,asof,true,true,medium,medium,true,6,6,true,true,7,5,0,0,0,0,0.000000,0,stop,
20260903-1856-oracle,oracle,mock,oracle,v2,f7bbdd5fe0812c4d,1c5c35327076c6b6,v2-case-037,join,,4,priority_now,supersession,true,false,high,high,true,6,6,true,true,7,5,0,0,0,0,0.000000,0,stop,
20260903-1856-oracle,oracle,mock,oracle,v2,f7bbdd5fe0812c4d,1c5c35327076c6b6,v2-case-037,join,,5,cve_id,abstain,true,,,,true,6,6,true,true,7,5,0,0,0,0,0.000000,0,stop,
20260903-1856-oracle,oracle,mock,oracle,v2,f7bbdd5fe0812c4d,1c5c35327076c6b6,v2-twin-016,exhaustive,v2-case-037,0,labels,exhaustive,true,true,"[""security"",""urgent-fix""]","[""security"",""urgent-fix""]",true,1,1,true,true,8,6,0,0,0,0,0.000000,0,stop,
20260903-1856-oracle,oracle,mock,oracle,v2,f7bbdd5fe0812c4d,1c5c35327076c6b6,v2-case-038,join,,0,issue_id,join,true,true,wrn-213,wrn-213,true,5,5,true,true,8,5,0,0,0,0,0.000000,0,stop,
20260903-1856-oracle,oracle,mock,oracle,v2,f7bbdd5fe0812c4d,1c5c35327076c6b6,v2-case-038,join,,1,current_assignee,join,true,true,lukas fenn,lukas fenn,true,5,5,true,true,8,5,0,0,0,0,0.000000,0,stop,
20260903-1856-oracle,oracle,mock,oracle,v2,f7bbdd5fe0812c4d,1c5c35327076c6b6,v2-case-038,join,,2,labels,exhaustive,true,true,"[""launch"",""observability""]","[""launch"",""observability""]",true,5,5,true,true,8,5,0,0,0,0,0.000000,0,stop,
20260903-1856-oracle,oracle,mock,oracle,v2,f7bbdd5fe0812c4d,1c5c35327076c6b6,v2-case-038,join,,3,priority_on_date,asof,true,true,medium,medium,true,5,5,true,true,8,5,0,0,0,0,0.000000,0,stop,
20260903-1856-oracle,oracle,mock,oracle,v2,f7bbdd5fe0812c4d,1c5c35327076c6b6,v2-case-038,join,,4,priority_now,supersession,true,false,high,high,true,5,5,true,true,8,5,0,0,0,0,0.000000,0,stop,
20260903-1856-oracle,oracle,mock,oracle,v2,f7bbdd5fe0812c4d,1c5c35327076c6b6,v2-case-039,join,,0,issue_id,join,true,true,wrn-214,wrn-214,true,6,6,true,true,9,6,0,0,0,0,0.000000,0,stop,
20260903-1856-oracle,oracle,mock,oracle,v2,f7bbdd5fe0812c4d,1c5c35327076c6b6,v2-case-039,join,,1,current_assignee,join,true,true,priya raman,priya raman,true,6,6,true,true,9,6,0,0,0,0,0.000000,0,stop,
20260903-1856-oracle,oracle,mock,oracle,v2,f7bbdd5fe0812c4d,1c5c35327076c6b6,v2-case-039,join,,2,labels,exhaustive,true,true,"[""residency"",""urgent-fix""]","[""residency"",""urgent-fix""]",true,6,6,true,true,9,6,0,0,0,0,0.000000,0,stop,
20260903-1856-oracle,oracle,mock,oracle,v2,f7bbdd5fe0812c4d,1c5c35327076c6b6,v2-case-039,join,,3,priority_on_date,asof,true,true,medium,medium,true,6,6,true,true,9,6,0,0,0,0,0.000000,0,stop,
20260903-1856-oracle,oracle,mock,oracle,v2,f7bbdd5fe0812c4d,1c5c35327076c6b6,v2-case-039,join,,4,priority_now,supersession,true,true,high,high,true,6,6,true,true,9,6,0,0,0,0,0.000000,0,stop,
20260903-1856-oracle,oracle,mock,oracle,v2,f7bbdd5fe0812c4d,1c5c35327076c6b6,v2-case-039,join,,5,budget_percentage,abstain,true,,,,true,6,6,true,true,9,6,0,0,0,0,0.000000,0,stop,
20260903-1856-oracle,oracle,mock,oracle,v2,f7bbdd5fe0812c4d,1c5c35327076c6b6,v2-twin-017,join,v2-case-039,0,current_assignee,join,true,true,priya raman,priya raman,true,1,1,true,true,9,6,0,0,0,0,0.000000,0,stop,
20260903-1856-oracle,oracle,mock,oracle,v2,f7bbdd5fe0812c4d,1c5c35327076c6b6,v2-case-040,join,,0,issue_id,join,true,true,wrn-216,wrn-216,true,5,5,true,true,7,5,0,0,0,0,0.000000,0,stop,
20260903-1856-oracle,oracle,mock,oracle,v2,f7bbdd5fe0812c4d,1c5c35327076c6b6,v2-case-040,join,,1,current_assignee,join,true,true,hana sato,hana sato,true,5,5,true,true,7,5,0,0,0,0,0.000000,0,stop,
20260903-1856-oracle,oracle,mock,oracle,v2,f7bbdd5fe0812c4d,1c5c35327076c6b6,v2-case-040,join,,2,labels,exhaustive,true,true,"[""launch"",""residency""]","[""launch"",""residency""]",true,5,5,true,true,7,5,0,0,0,0,0.000000,0,stop,
20260903-1856-oracle,oracle,mock,oracle,v2,f7bbdd5fe0812c4d,1c5c35327076c6b6,v2-case-040,join,,3,priority_on_date,asof,true,true,medium,medium,true,5,5,true,true,7,5,0,0,0,0,0.000000,0,stop,
20260903-1856-oracle,oracle,mock,oracle,v2,f7bbdd5fe0812c4d,1c5c35327076c6b6,v2-case-040,join,,4,priority_now,supersession,true,true,high,high,true,5,5,true,true,7,5,0,0,0,0,0.000000,0,stop,
20260903-1856-oracle,oracle,mock,oracle,v2,f7bbdd5fe0812c4d,1c5c35327076c6b6,v2-case-041,exhaustive,,0,current_set,exhaustive,true,true,"[""amsterdam"",""frankfurt"",""sao paulo"",""sydney""]","[""amsterdam"",""frankfurt"",""sao paulo"",""sydney""]",true,6,6,true,true,8,5,0,0,0,0,0.000000,0,stop,
20260903-1856-oracle,oracle,mock,oracle,v2,f7bbdd5fe0812c4d,1c5c35327076c6b6,v2-case-041,exhaustive,,1,count_now,aggregation,true,true,4,4,true,6,6,true,true,8,5,0,0,0,0,0.000000,0,stop,
20260903-1856-oracle,oracle,mock,oracle,v2,f7bbdd5fe0812c4d,1c5c35327076c6b6,v2-case-041,exhaustive,,2,count_on_date,asof,true,true,4,4,true,6,6,true,true,8,5,0,0,0,0,0.000000,0,stop,
20260903-1856-oracle,oracle,mock,oracle,v2,f7bbdd5fe0812c4d,1c5c35327076c6b6,v2-case-041,exhaustive,,3,removed_entry,conflict,true,true,dublin,dublin,true,6,6,true,true,8,5,0,0,0,0,0.000000,0,stop,
20260903-1856-oracle,oracle,mock,oracle,v2,f7bbdd5fe0812c4d,1c5c35327076c6b6,v2-case-041,exhaustive,,4,last_addition_by,entities,true,true,elena marchetti,elena marchetti,true,6,6,true,true,8,5,0,0,0,0,0.000000,0,stop,
20260903-1856-oracle,oracle,mock,oracle,v2,f7bbdd5fe0812c4d,1c5c35327076c6b6,v2-case-041,exhaustive,,5,tokyo_launch_date,abstain,true,,,,true,6,6,true,true,8,5,0,0,0,0,0.000000,0,stop,
20260903-1856-oracle,oracle,mock,oracle,v2,f7bbdd5fe0812c4d,1c5c35327076c6b6,v2-twin-018,exhaustive,v2-case-041,0,current_set,exhaustive,true,true,"[""amsterdam"",""frankfurt"",""sao paulo"",""sydney""]","[""amsterdam"",""frankfurt"",""sao paulo"",""sydney""]",true,1,1,true,true,7,4,0,0,0,0,0.000000,0,stop,
20260903-1856-oracle,oracle,mock,oracle,v2,f7bbdd5fe0812c4d,1c5c35327076c6b6,v2-case-042,exhaustive,,0,current_set,exhaustive,true,true,"[""mutual tls"",""oidc"",""saml"",""workload identity""]","[""mutual tls"",""oidc"",""saml"",""workload identity""]",true,5,5,true,true,8,5,0,0,0,0,0.000000,0,stop,
20260903-1856-oracle,oracle,mock,oracle,v2,f7bbdd5fe0812c4d,1c5c35327076c6b6,v2-case-042,exhaustive,,1,count_now,aggregation,true,true,4,4,true,5,5,true,true,8,5,0,0,0,0,0.000000,0,stop,
20260903-1856-oracle,oracle,mock,oracle,v2,f7bbdd5fe0812c4d,1c5c35327076c6b6,v2-case-042,exhaustive,,2,count_on_date,asof,true,true,4,4,true,5,5,true,true,8,5,0,0,0,0,0.000000,0,stop,
20260903-1856-oracle,oracle,mock,oracle,v2,f7bbdd5fe0812c4d,1c5c35327076c6b6,v2-case-042,exhaustive,,3,removed_entry,conflict,true,true,api key,api key,true,5,5,true,true,8,5,0,0,0,0,0.000000,0,stop,
20260903-1856-oracle,oracle,mock,oracle,v2,f7bbdd5fe0812c4d,1c5c35327076c6b6,v2-case-042,exhaustive,,4,last_addition_by,entities,true,true,priya raman,priya raman,true,5,5,true,true,8,5,0,0,0,0,0.000000,0,stop,
20260903-1856-oracle,oracle,mock,oracle,v2,f7bbdd5fe0812c4d,1c5c35327076c6b6,v2-case-043,exhaustive,,0,current_set,exhaustive,true,true,"[""go"",""java"",""rust"",""typescript""]","[""go"",""java"",""rust"",""typescript""]",true,6,6,true,true,8,6,0,0,0,0,0.000000,0,stop,
20260903-1856-oracle,oracle,mock,oracle,v2,f7bbdd5fe0812c4d,1c5c35327076c6b6,v2-case-043,exhaustive,,1,count_now,aggregation,true,true,4,4,true,6,6,true,true,8,6,0,0,0,0,0.000000,0,stop,
20260903-1856-oracle,oracle,mock,oracle,v2,f7bbdd5fe0812c4d,1c5c35327076c6b6,v2-case-043,exhaustive,,2,count_on_date,asof,true,true,4,4,true,6,6,true,true,8,6,0,0,0,0,0.000000,0,stop,
20260903-1856-oracle,oracle,mock,oracle,v2,f7bbdd5fe0812c4d,1c5c35327076c6b6,v2-case-043,exhaustive,,3,removed_entry,conflict,true,true,python,python,true,6,6,true,true,8,6,0,0,0,0,0.000000,0,stop,
20260903-1856-oracle,oracle,mock,oracle,v2,f7bbdd5fe0812c4d,1c5c35327076c6b6,v2-case-043,exhaustive,,4,last_addition_by,entities,true,true,dan okonkwo,dan okonkwo,true,6,6,true,true,8,6,0,0,0,0,0.000000,0,stop,
20260903-1856-oracle,oracle,mock,oracle,v2,f7bbdd5fe0812c4d,1c5c35327076c6b6,v2-case-043,exhaustive,,5,dotnet_sdk_date,abstain,true,,,,true,6,6,true,true,8,6,0,0,0,0,0.000000,0,stop,
20260903-1856-oracle,oracle,mock,oracle,v2,f7bbdd5fe0812c4d,1c5c35327076c6b6,v2-twin-019,asof,v2-case-043,0,count_on_date,asof,true,true,4,4,true,1,1,true,true,9,6,0,0,0,0,0.000000,0,stop,
20260903-1856-oracle,oracle,mock,oracle,v2,f7bbdd5fe0812c4d,1c5c35327076c6b6,v2-case-044,exhaustive,,0,current_set,exhaustive,true,true,"[""gdpr"",""hipaa"",""soc 2"",""tisax""]","[""gdpr"",""hipaa"",""soc 2"",""tisax""]",true,5,5,true,true,8,5,0,0,0,0,0.000000,0,stop,
20260903-1856-oracle,oracle,mock,oracle,v2,f7bbdd5fe0812c4d,1c5c35327076c6b6,v2-case-044,exhaustive,,1,count_now,aggregation,true,true,4,4,true,5,5,true,true,8,5,0,0,0,0,0.000000,0,stop,
20260903-1856-oracle,oracle,mock,oracle,v2,f7bbdd5fe0812c4d,1c5c35327076c6b6,v2-case-044,exhaustive,,2,count_on_date,asof,true,true,4,4,true,5,5,true,true,8,5,0,0,0,0,0.000000,0,stop,
20260903-1856-oracle,oracle,mock,oracle,v2,f7bbdd5fe0812c4d,1c5c35327076c6b6,v2-case-044,exhaustive,,3,removed_entry,conflict,true,true,iso 27001,iso 27001,true,5,5,true,true,8,5,0,0,0,0,0.000000,0,stop,
20260903-1856-oracle,oracle,mock,oracle,v2,f7bbdd5fe0812c4d,1c5c35327076c6b6,v2-case-044,exhaustive,,4,last_addition_by,entities,true,true,clara vogt,clara vogt,true,5,5,true,true,8,5,0,0,0,0,0.000000,0,stop,
20260903-1856-oracle,oracle,mock,oracle,v2,f7bbdd5fe0812c4d,1c5c35327076c6b6,v2-case-045,exhaustive,,0,current_set,exhaustive,true,true,"[""pagerduty"",""slack"",""sms"",""webhook""]","[""pagerduty"",""slack"",""sms"",""webhook""]",true,6,6,true,true,8,5,0,0,0,0,0.000000,0,stop,
20260903-1856-oracle,oracle,mock,oracle,v2,f7bbdd5fe0812c4d,1c5c35327076c6b6,v2-case-045,exhaustive,,1,count_now,aggregation,true,true,4,4,true,6,6,true,true,8,5,0,0,0,0,0.000000,0,stop,
20260903-1856-oracle,oracle,mock,oracle,v2,f7bbdd5fe0812c4d,1c5c35327076c6b6,v2-case-045,exhaustive,,2,count_on_date,asof,true,true,4,4,true,6,6,true,true,8,5,0,0,0,0,0.000000,0,stop,
20260903-1856-oracle,oracle,mock,oracle,v2,f7bbdd5fe0812c4d,1c5c35327076c6b6,v2-case-045,exhaustive,,3,removed_entry,conflict,true,true,email,email,true,6,6,true,true,8,5,0,0,0,0,0.000000,0,stop,
20260903-1856-oracle,oracle,mock,oracle,v2,f7bbdd5fe0812c4d,1c5c35327076c6b6,v2-case-045,exhaustive,,4,last_addition_by,entities,true,true,ravi sundaram,ravi sundaram,true,6,6,true,true,8,5,0,0,0,0,0.000000,0,stop,
20260903-1856-oracle,oracle,mock,oracle,v2,f7bbdd5fe0812c4d,1c5c35327076c6b6,v2-case-045,exhaustive,,5,webhook_retry_count,abstain,true,,,,true,6,6,true,true,8,5,0,0,0,0,0.000000,0,stop,
20260903-1856-oracle,oracle,mock,oracle,v2,f7bbdd5fe0812c4d,1c5c35327076c6b6,v2-twin-020,exhaustive,v2-case-045,0,current_set,exhaustive,true,true,"[""pagerduty"",""slack"",""sms"",""webhook""]","[""pagerduty"",""slack"",""sms"",""webhook""]",true,1,1,true,true,8,5,0,0,0,0,0.000000,0,stop,
20260903-1856-oracle,oracle,mock,oracle,v2,f7bbdd5fe0812c4d,1c5c35327076c6b6,v2-case-046,exhaustive,,0,current_set,exhaustive,true,true,"[""audit export"",""priority support"",""private link"",""region pinning""]","[""audit export"",""priority support"",""private link"",""region pinning""]",true,5,5,true,true,8,5,0,0,0,0,0.000000,0,stop,
20260903-1856-oracle,oracle,mock,oracle,v2,f7bbdd5fe0812c4d,1c5c35327076c6b6,v2-case-046,exhaustive,,1,count_now,aggregation,true,true,4,4,true,5,5,true,true,8,5,0,0,0,0,0.000000,0,stop,
20260903-1856-oracle,oracle,mock,oracle,v2,f7bbdd5fe0812c4d,1c5c35327076c6b6,v2-case-046,exhaustive,,2,count_on_date,asof,true,true,4,4,true,5,5,true,true,8,5,0,0,0,0,0.000000,0,stop,
20260903-1856-oracle,oracle,mock,oracle,v2,f7bbdd5fe0812c4d,1c5c35327076c6b6,v2-case-046,exhaustive,,3,removed_entry,conflict,true,true,custom retention,custom retention,true,5,5,true,true,8,5,0,0,0,0,0.000000,0,stop,
20260903-1856-oracle,oracle,mock,oracle,v2,f7bbdd5fe0812c4d,1c5c35327076c6b6,v2-case-046,exhaustive,,4,last_addition_by,entities,true,true,elena marchetti,elena marchetti,true,5,5,true,true,8,5,0,0,0,0,0.000000,0,stop,
20260903-1856-oracle,oracle,mock,oracle,v2,f7bbdd5fe0812c4d,1c5c35327076c6b6,v2-case-047,exhaustive,,0,current_set,exhaustive,true,true,"[""aisha nkemelu"",""dan okonkwo"",""tomas ruiz"",""viktor novak""]","[""aisha nkemelu"",""dan okonkwo"",""tomas ruiz"",""viktor novak""]",true,6,6,true,true,6,4,0,0,0,0,0.000000,0,stop,
20260903-1856-oracle,oracle,mock,oracle,v2,f7bbdd5fe0812c4d,1c5c35327076c6b6,v2-case-047,exhaustive,,1,count_now,aggregation,true,true,4,4,true,6,6,true,true,6,4,0,0,0,0,0.000000,0,stop,
20260903-1856-oracle,oracle,mock,oracle,v2,f7bbdd5fe0812c4d,1c5c35327076c6b6,v2-case-047,exhaustive,,2,count_on_date,asof,true,true,4,4,true,6,6,true,true,6,4,0,0,0,0,0.000000,0,stop,
20260903-1856-oracle,oracle,mock,oracle,v2,f7bbdd5fe0812c4d,1c5c35327076c6b6,v2-case-047,exhaustive,,3,removed_entry,conflict,true,true,priya raman,priya raman,true,6,6,true,true,6,4,0,0,0,0,0.000000,0,stop,
20260903-1856-oracle,oracle,mock,oracle,v2,f7bbdd5fe0812c4d,1c5c35327076c6b6,v2-case-047,exhaustive,,4,last_addition_by,entities,true,true,tomas ruiz,tomas ruiz,true,6,6,true,true,6,4,0,0,0,0,0.000000,0,stop,
20260903-1856-oracle,oracle,mock,oracle,v2,f7bbdd5fe0812c4d,1c5c35327076c6b6,v2-case-047,exhaustive,,5,weekend_rate_eur,abstain,true,,,,true,6,6,true,true,6,4,0,0,0,0,0.000000,0,stop,
20260903-1856-oracle,oracle,mock,oracle,v2,f7bbdd5fe0812c4d,1c5c35327076c6b6,v2-twin-021,asof,v2-case-047,0,count_on_date,asof,true,true,4,4,true,1,1,true,true,6,4,0,0,0,0,0.000000,0,stop,
20260903-1856-oracle,oracle,mock,oracle,v2,f7bbdd5fe0812c4d,1c5c35327076c6b6,v2-case-048,exhaustive,,0,current_set,exhaustive,true,true,"[""load test"",""runbook review"",""status page copy"",""support training""]","[""load test"",""runbook review"",""status page copy"",""support training""]",true,5,5,true,true,8,5,0,0,0,0,0.000000,0,stop,
20260903-1856-oracle,oracle,mock,oracle,v2,f7bbdd5fe0812c4d,1c5c35327076c6b6,v2-case-048,exhaustive,,1,count_now,aggregation,true,true,4,4,true,5,5,true,true,8,5,0,0,0,0,0.000000,0,stop,
20260903-1856-oracle,oracle,mock,oracle,v2,f7bbdd5fe0812c4d,1c5c35327076c6b6,v2-case-048,exhaustive,,2,count_on_date,asof,true,true,4,4,true,5,5,true,true,8,5,0,0,0,0,0.000000,0,stop,
20260903-1856-oracle,oracle,mock,oracle,v2,f7bbdd5fe0812c4d,1c5c35327076c6b6,v2-case-048,exhaustive,,3,removed_entry,conflict,true,true,pricing page,pricing page,true,5,5,true,true,8,5,0,0,0,0,0.000000,0,stop,
20260903-1856-oracle,oracle,mock,oracle,v2,f7bbdd5fe0812c4d,1c5c35327076c6b6,v2-case-048,exhaustive,,4,last_addition_by,entities,true,true,mei-ling chen,mei-ling chen,true,5,5,true,true,8,5,0,0,0,0,0.000000,0,stop,
20260903-1856-oracle,oracle,mock,oracle,v2,f7bbdd5fe0812c4d,1c5c35327076c6b6,v2-case-049,exhaustive,,0,current_set,exhaustive,true,true,"[""meridian freight"",""northgate bank"",""sundara mobility"",""voss retail""]","[""meridian freight"",""northgate bank"",""sundara mobility"",""voss retail""]",true,6,6,true,true,6,4,0,0,0,0,0.000000,0,stop,
20260903-1856-oracle,oracle,mock,oracle,v2,f7bbdd5fe0812c4d,1c5c35327076c6b6,v2-case-049,exhaustive,,1,count_now,aggregation,true,true,4,4,true,6,6,true,true,6,4,0,0,0,0,0.000000,0,stop,
20260903-1856-oracle,oracle,mock,oracle,v2,f7bbdd5fe0812c4d,1c5c35327076c6b6,v2-case-049,exhaustive,,2,count_on_date,asof,true,true,4,4,true,6,6,true,true,6,4,0,0,0,0,0.000000,0,stop,
20260903-1856-oracle,oracle,mock,oracle,v2,f7bbdd5fe0812c4d,1c5c35327076c6b6,v2-case-049,exhaustive,,3,removed_entry,conflict,true,true,calder health,calder health,true,6,6,true,true,6,4,0,0,0,0,0.000000,0,stop,
20260903-1856-oracle,oracle,mock,oracle,v2,f7bbdd5fe0812c4d,1c5c35327076c6b6,v2-case-049,exhaustive,,4,last_addition_by,entities,true,true,yusuf demir,yusuf demir,true,6,6,true,true,6,4,0,0,0,0,0.000000,0,stop,
20260903-1856-oracle,oracle,mock,oracle,v2,f7bbdd5fe0812c4d,1c5c35327076c6b6,v2-case-049,exhaustive,,5,partner_revenue_share,abstain,true,,,,true,6,6,true,true,6,4,0,0,0,0,0.000000,0,stop,
20260903-1856-oracle,oracle,mock,oracle,v2,f7bbdd5fe0812c4d,1c5c35327076c6b6,v2-twin-022,exhaustive,v2-case-049,0,current_set,exhaustive,true,true,"[""meridian freight"",""northgate bank"",""sundara mobility"",""voss retail""]","[""meridian freight"",""northgate bank"",""sundara mobility"",""voss retail""]",true,1,1,true,true,7,4,0,0,0,0,0.000000,0,stop,
20260903-1856-oracle,oracle,mock,oracle,v2,f7bbdd5fe0812c4d,1c5c35327076c6b6,v2-case-050,exhaustive,,0,current_set,exhaustive,true,true,"[""policy version"",""region"",""request id"",""tenant id""]","[""policy version"",""region"",""request id"",""tenant id""]",true,5,5,true,true,7,5,0,0,0,0,0.000000,0,stop,
20260903-1856-oracle,oracle,mock,oracle,v2,f7bbdd5fe0812c4d,1c5c35327076c6b6,v2-case-050,exhaustive,,1,count_now,aggregation,true,true,4,4,true,5,5,true,true,7,5,0,0,0,0,0.000000,0,stop,
20260903-1856-oracle,oracle,mock,oracle,v2,f7bbdd5fe0812c4d,1c5c35327076c6b6,v2-case-050,exhaustive,,2,count_on_date,asof,true,true,4,4,true,5,5,true,true,7,5,0,0,0,0,0.000000,0,stop,
20260903-1856-oracle,oracle,mock,oracle,v2,f7bbdd5fe0812c4d,1c5c35327076c6b6,v2-case-050,exhaustive,,3,removed_entry,conflict,true,true,actor,actor,true,5,5,true,true,7,5,0,0,0,0,0.000000,0,stop,
20260903-1856-oracle,oracle,mock,oracle,v2,f7bbdd5fe0812c4d,1c5c35327076c6b6,v2-case-050,exhaustive,,4,last_addition_by,entities,true,true,aisha nkemelu,aisha nkemelu,true,5,5,true,true,7,5,0,0,0,0,0.000000,0,stop,
20260903-1856-oracle,oracle,mock,oracle,v2,f7bbdd5fe0812c4d,1c5c35327076c6b6,v2-case-051,conflict,,0,going_ahead,conflict,true,true,false,false,true,6,6,true,true,8,5,0,0,0,0,0.000000,0,stop,
20260903-1856-oracle,oracle,mock,oracle,v2,f7bbdd5fe0812c4d,1c5c35327076c6b6,v2-case-051,conflict,,1,decided_value,conflict,true,true,40,40,true,6,6,true,true,8,5,0,0,0,0,0.000000,0,stop,
20260903-1856-oracle,oracle,mock,oracle,v2,f7bbdd5fe0812c4d,1c5c35327076c6b6,v2-case-051,conflict,,2,decided_by,entities,true,true,tomas ruiz,tomas ruiz,true,6,6,true,true,8,5,0,0,0,0,0.000000,0,stop,
20260903-1856-oracle,oracle,mock,oracle,v2,f7bbdd5fe0812c4d,1c5c35327076c6b6,v2-case-051,conflict,,3,effective_date,facts,true,true,2027-02-01,2027-02-01,true,6,6,true,true,8,5,0,0,0,0,0.000000,0,stop,
20260903-1856-oracle,oracle,mock,oracle,v2,f7bbdd5fe0812c4d,1c5c35327076c6b6,v2-case-051,conflict,,4,status_now,supersession,true,true,on hold,on hold,true,6,6,true,true,8,5,0,0,0,0,0.000000,0,stop,
20260903-1856-oracle,oracle,mock,oracle,v2,f7bbdd5fe0812c4d,1c5c35327076c6b6,v2-case-051,conflict,,5,drill_owner_backup,abstain,true,,,,true,6,6,true,true,8,5,0,0,0,0,0.000000,0,stop,
20260903-1856-oracle,oracle,mock,oracle,v2,f7bbdd5fe0812c4d,1c5c35327076c6b6,v2-case-052,conflict,,0,going_ahead,conflict,true,true,true,true,true,5,5,true,true,8,6,0,0,0,0,0.000000,0,stop,
20260903-1856-oracle,oracle,mock,oracle,v2,f7bbdd5fe0812c4d,1c5c35327076c6b6,v2-case-052,conflict,,1,decided_value,conflict,true,true,64,64,true,5,5,true,true,8,6,0,0,0,0,0.000000,0,stop,
20260903-1856-oracle,oracle,mock,oracle,v2,f7bbdd5fe0812c4d,1c5c35327076c6b6,v2-case-052,conflict,,2,decided_by,entities,true,true,elena marchetti,elena marchetti,true,5,5,true,true,8,6,0,0,0,0,0.000000,0,stop,
20260903-1856-oracle,oracle,mock,oracle,v2,f7bbdd5fe0812c4d,1c5c35327076c6b6,v2-case-052,conflict,,3,effective_date,facts,true,true,2027-03-01,2027-03-01,true,5,5,true,true,8,6,0,0,0,0,0.000000,0,stop,
20260903-1856-oracle,oracle,mock,oracle,v2,f7bbdd5fe0812c4d,1c5c35327076c6b6,v2-case-052,conflict,,4,status_now,supersession,true,true,approved,approved,true,5,5,true,true,8,6,0,0,0,0,0.000000,0,stop,
20260903-1856-oracle,oracle,mock,oracle,v2,f7bbdd5fe0812c4d,1c5c35327076c6b6,v2-twin-023,conflict,v2-case-052,0,going_ahead,conflict,true,true,true,true,true,1,1,true,true,8,5,0,0,0,0,0.000000,0,stop,
20260903-1856-oracle,oracle,mock,oracle,v2,f7bbdd5fe0812c4d,1c5c35327076c6b6,v2-case-053,conflict,,0,going_ahead,conflict,true,true,false,false,true,6,6,true,true,9,5,0,0,0,0,0.000000,0,stop,
20260903-1856-oracle,oracle,mock,oracle,v2,f7bbdd5fe0812c4d,1c5c35327076c6b6,v2-case-053,conflict,,1,decided_value,conflict,true,true,6,6,true,6,6,true,true,9,5,0,0,0,0,0.000000,0,stop,
20260903-1856-oracle,oracle,mock,oracle,v2,f7bbdd5fe0812c4d,1c5c35327076c6b6,v2-case-053,conflict,,2,decided_by,entities,true,true,priya raman,priya raman,true,6,6,true,true,9,5,0,0,0,0,0.000000,0,stop,
20260903-1856-oracle,oracle,mock,oracle,v2,f7bbdd5fe0812c4d,1c5c35327076c6b6,v2-case-053,conflict,,3,effective_date,facts,true,true,2027-04-01,2027-04-01,true,6,6,true,true,9,5,0,0,0,0,0.000000,0,stop,
20260903-1856-oracle,oracle,mock,oracle,v2,f7bbdd5fe0812c4d,1c5c35327076c6b6,v2-case-053,conflict,,4,status_now,supersession,true,true,deferred,deferred,true,6,6,true,true,9,5,0,0,0,0,0.000000,0,stop,
20260903-1856-oracle,oracle,mock,oracle,v2,f7bbdd5fe0812c4d,1c5c35327076c6b6,v2-case-053,conflict,,5,legacy_shutdown_date,abstain,true,,,,true,6,6,true,true,9,5,0,0,0,0,0.000000,0,stop,
20260903-1856-oracle,oracle,mock,oracle,v2,f7bbdd5fe0812c4d,1c5c35327076c6b6,v2-case-054,conflict,,0,going_ahead,conflict,true,true,true,true,true,5,5,true,true,7,6,0,0,0,0,0.000000,0,stop,
20260903-1856-oracle,oracle,mock,oracle,v2,f7bbdd5fe0812c4d,1c5c35327076c6b6,v2-case-054,conflict,,1,decided_value,conflict,true,true,3,3,true,5,5,true,true,7,6,0,0,0,0,0.000000,0,stop,
20260903-1856-oracle,oracle,mock,oracle,v2,f7bbdd5fe0812c4d,1c5c35327076c6b6,v2-case-054,conflict,,2,decided_by,entities,true,true,hana sato,hana sato,true,5,5,true,true,7,6,0,0,0,0,0.000000,0,stop,
20260903-1856-oracle,oracle,mock,oracle,v2,f7bbdd5fe0812c4d,1c5c35327076c6b6,v2-case-054,conflict,,3,effective_date,facts,true,true,2027-03-15,2027-03-15,true,5,5,true,true,7,6,0,0,0,0,0.000000,0,stop,
20260903-1856-oracle,oracle,mock,oracle,v2,f7bbdd5fe0812c4d,1c5c35327076c6b6,v2-case-054,conflict,,4,status_now,supersession,true,true,in progress,in progress,true,5,5,true,true,7,6,0,0,0,0,0.000000,0,stop,
20260903-1856-oracle,oracle,mock,oracle,v2,f7bbdd5fe0812c4d,1c5c35327076c6b6,v2-twin-024,conflict,v2-case-054,0,decided_value,conflict,true,true,3,3,true,1,1,true,true,8,5,0,0,0,0,0.000000,0,stop,
20260903-1856-oracle,oracle,mock,oracle,v2,f7bbdd5fe0812c4d,1c5c35327076c6b6,v2-case-055,conflict,,0,going_ahead,conflict,true,true,false,false,true,6,6,true,true,8,5,0,0,0,0,0.000000,0,stop,
20260903-1856-oracle,oracle,mock,oracle,v2,f7bbdd5fe0812c4d,1c5c35327076c6b6,v2-case-055,conflict,,1,decided_value,conflict,true,true,4,4,true,6,6,true,true,8,5,0,0,0,0,0.000000,0,stop,
20260903-1856-oracle,oracle,mock,oracle,v2,f7bbdd5fe0812c4d,1c5c35327076c6b6,v2-case-055,conflict,,2,decided_by,entities,true,true,mei-ling chen,mei-ling chen,true,6,6,true,true,8,5,0,0,0,0,0.000000,0,stop,
20260903-1856-oracle,oracle,mock,oracle,v2,f7bbdd5fe0812c4d,1c5c35327076c6b6,v2-case-055,conflict,,3,effective_date,facts,true,true,2027-05-01,2027-05-01,true,6,6,true,true,8,5,0,0,0,0,0.000000,0,stop,
20260903-1856-oracle,oracle,mock,oracle,v2,f7bbdd5fe0812c4d,1c5c35327076c6b6,v2-case-055,conflict,,4,status_now,supersession,true,true,on hold,on hold,true,6,6,true,true,8,5,0,0,0,0,0.000000,0,stop,
20260903-1856-oracle,oracle,mock,oracle,v2,f7bbdd5fe0812c4d,1c5c35327076c6b6,v2-case-055,conflict,,5,pilot_stipend_eur,abstain,true,,,,true,6,6,true,true,8,5,0,0,0,0,0.000000,0,stop,
20260903-1856-oracle,oracle,mock,oracle,v2,f7bbdd5fe0812c4d,1c5c35327076c6b6,v2-case-056,conflict,,0,going_ahead,conflict,true,true,true,true,true,5,5,true,true,7,5,0,0,0,0,0.000000,0,stop,
20260903-1856-oracle,oracle,mock,oracle,v2,f7bbdd5fe0812c4d,1c5c35327076c6b6,v2-case-056,conflict,,1,decided_value,conflict,true,true,7,7,true,5,5,true,true,7,5,0,0,0,0,0.000000,0,stop,
20260903-1856-oracle,oracle,mock,oracle,v2,f7bbdd5fe0812c4d,1c5c35327076c6b6,v2-case-056,conflict,,2,decided_by,entities,true,true,elena marchetti,elena marchetti,true,5,5,true,true,7,5,0,0,0,0,0.000000,0,stop,
20260903-1856-oracle,oracle,mock,oracle,v2,f7bbdd5fe0812c4d,1c5c35327076c6b6,v2-case-056,conflict,,3,effective_date,facts,true,true,2027-06-01,2027-06-01,true,5,5,true,true,7,5,0,0,0,0,0.000000,0,stop,
20260903-1856-oracle,oracle,mock,oracle,v2,f7bbdd5fe0812c4d,1c5c35327076c6b6,v2-case-056,conflict,,4,status_now,supersession,true,true,approved,approved,true,5,5,true,true,7,5,0,0,0,0,0.000000,0,stop,
20260903-1856-oracle,oracle,mock,oracle,v2,f7bbdd5fe0812c4d,1c5c35327076c6b6,v2-twin-025,conflict,v2-case-056,0,going_ahead,conflict,true,true,true,true,true,1,1,true,true,7,4,0,0,0,0,0.000000,0,stop,
20260903-1856-oracle,oracle,mock,oracle,v2,f7bbdd5fe0812c4d,1c5c35327076c6b6,v2-case-057,conflict,,0,going_ahead,conflict,true,true,false,false,true,6,6,true,true,8,5,0,0,0,0,0.000000,0,stop,
20260903-1856-oracle,oracle,mock,oracle,v2,f7bbdd5fe0812c4d,1c5c35327076c6b6,v2-case-057,conflict,,1,decided_value,conflict,true,true,120,120,true,6,6,true,true,8,5,0,0,0,0,0.000000,0,stop,
20260903-1856-oracle,oracle,mock,oracle,v2,f7bbdd5fe0812c4d,1c5c35327076c6b6,v2-case-057,conflict,,2,decided_by,entities,true,true,priya raman,priya raman,true,6,6,true,true,8,5,0,0,0,0,0.000000,0,stop,
20260903-1856-oracle,oracle,mock,oracle,v2,f7bbdd5fe0812c4d,1c5c35327076c6b6,v2-case-057,conflict,,3,effective_date,facts,true,true,2027-05-05,2027-05-05,true,6,6,true,true,8,5,0,0,0,0,0.000000,0,stop,
20260903-1856-oracle,oracle,mock,oracle,v2,f7bbdd5fe0812c4d,1c5c35327076c6b6,v2-case-057,conflict,,4,status_now,supersession,true,true,closed beta,closed beta,true,6,6,true,true,8,5,0,0,0,0,0.000000,0,stop,
20260903-1856-oracle,oracle,mock,oracle,v2,f7bbdd5fe0812c4d,1c5c35327076c6b6,v2-case-057,conflict,,5,beta_feedback_score,abstain,true,,,,true,6,6,true,true,8,5,0,0,0,0,0.000000,0,stop,
20260903-1856-oracle,oracle,mock,oracle,v2,f7bbdd5fe0812c4d,1c5c35327076c6b6,v2-case-058,conflict,,0,going_ahead,conflict,true,true,true,true,true,5,5,true,true,8,5,0,0,0,0,0.000000,0,stop,
20260903-1856-oracle,oracle,mock,oracle,v2,f7bbdd5fe0812c4d,1c5c35327076c6b6,v2-case-058,conflict,,1,decided_value,conflict,true,true,90,90,true,5,5,true,true,8,5,0,0,0,0,0.000000,0,stop,
20260903-1856-oracle,oracle,mock,oracle,v2,f7bbdd5fe0812c4d,1c5c35327076c6b6,v2-case-058,conflict,,2,decided_by,entities,true,true,dan okonkwo,dan okonkwo,true,5,5,true,true,8,5,0,0,0,0,0.000000,0,stop,
20260903-1856-oracle,oracle,mock,oracle,v2,f7bbdd5fe0812c4d,1c5c35327076c6b6,v2-case-058,conflict,,3,effective_date,facts,true,true,2027-07-01,2027-07-01,true,5,5,true,true,8,5,0,0,0,0,0.000000,0,stop,
20260903-1856-oracle,oracle,mock,oracle,v2,f7bbdd5fe0812c4d,1c5c35327076c6b6,v2-case-058,conflict,,4,status_now,supersession,true,true,announced,announced,true,5,5,true,true,8,5,0,0,0,0,0.000000,0,stop,
20260903-1856-oracle,oracle,mock,oracle,v2,f7bbdd5fe0812c4d,1c5c35327076c6b6,v2-twin-026,conflict,v2-case-058,0,decided_value,conflict,true,true,90,90,true,1,1,true,true,8,5,0,0,0,0,0.000000,0,stop,
20260903-1856-oracle,oracle,mock,oracle,v2,f7bbdd5fe0812c4d,1c5c35327076c6b6,v2-case-059,conflict,,0,going_ahead,conflict,true,true,false,false,true,6,6,true,true,7,5,0,0,0,0,0.000000,0,stop,
20260903-1856-oracle,oracle,mock,oracle,v2,f7bbdd5fe0812c4d,1c5c35327076c6b6,v2-case-059,conflict,,1,decided_value,conflict,true,true,5000,5000,true,6,6,true,true,7,5,0,0,0,0,0.000000,0,stop,
20260903-1856-oracle,oracle,mock,oracle,v2,f7bbdd5fe0812c4d,1c5c35327076c6b6,v2-case-059,conflict,,2,decided_by,entities,true,true,rob feeney,rob feeney,true,6,6,true,true,7,5,0,0,0,0,0.000000,0,stop,
20260903-1856-oracle,oracle,mock,oracle,v2,f7bbdd5fe0812c4d,1c5c35327076c6b6,v2-case-059,conflict,,3,effective_date,facts,true,true,2027-06-15,2027-06-15,true,6,6,true,true,7,5,0,0,0,0,0.000000,0,stop,
20260903-1856-oracle,oracle,mock,oracle,v2,f7bbdd5fe0812c4d,1c5c35327076c6b6,v2-case-059,conflict,,4,status_now,supersession,true,true,private only,private only,true,6,6,true,true,7,5,0,0,0,0,0.000000,0,stop,
20260903-1856-oracle,oracle,mock,oracle,v2,f7bbdd5fe0812c4d,1c5c35327076c6b6,v2-case-059,conflict,,5,bounty_platform,abstain,true,,,,true,6,6,true,true,7,5,0,0,0,0,0.000000,0,stop,
20260903-1856-oracle,oracle,mock,oracle,v2,f7bbdd5fe0812c4d,1c5c35327076c6b6,v2-case-060,conflict,,0,going_ahead,conflict,true,true,true,true,true,5,5,true,true,8,5,0,0,0,0,0.000000,0,stop,
20260903-1856-oracle,oracle,mock,oracle,v2,f7bbdd5fe0812c4d,1c5c35327076c6b6,v2-case-060,conflict,,1,decided_value,conflict,true,true,500,500,true,5,5,true,true,8,5,0,0,0,0,0.000000,0,stop,
20260903-1856-oracle,oracle,mock,oracle,v2,f7bbdd5fe0812c4d,1c5c35327076c6b6,v2-case-060,conflict,,2,decided_by,entities,true,true,ana bertoli,ana bertoli,true,5,5,true,true,8,5,0,0,0,0,0.000000,0,stop,
20260903-1856-oracle,oracle,mock,oracle,v2,f7bbdd5fe0812c4d,1c5c35327076c6b6,v2-case-060,conflict,,3,effective_date,facts,true,true,2027-06-20,2027-06-20,true,5,5,true,true,8,5,0,0,0,0,0.000000,0,stop,
20260903-1856-oracle,oracle,mock,oracle,v2,f7bbdd5fe0812c4d,1c5c35327076c6b6,v2-case-060,conflict,,4,status_now,supersession,true,true,scheduled,scheduled,true,5,5,true,true,8,5,0,0,0,0,0.000000,0,stop,
20260903-1856-oracle,oracle,mock,oracle,v2,f7bbdd5fe0812c4d,1c5c35327076c6b6,v2-twin-027,conflict,v2-case-060,0,going_ahead,conflict,true,true,true,true,true,1,1,true,true,8,5,0,0,0,0,0.000000,0,stop,
20260903-1856-oracle,oracle,mock,oracle,v2,f7bbdd5fe0812c4d,1c5c35327076c6b6,v2-case-061,facts,,0,open_issues,facts,true,true,17,17,true,6,6,true,true,7,4,0,0,0,0,0.000000,0,stop,
20260903-1856-oracle,oracle,mock,oracle,v2,f7bbdd5fe0812c4d,1c5c35327076c6b6,v2-case-061,facts,,1,on_call,entities,true,true,priya raman,priya raman,true,6,6,true,true,7,4,0,0,0,0,0.000000,0,stop,
20260903-1856-oracle,oracle,mock,oracle,v2,f7bbdd5fe0812c4d,1c5c35327076c6b6,v2-case-061,facts,,2,deploys_three_weeks,aggregation,true,true,26,26,true,6,6,true,true,7,4,0,0,0,0,0.000000,0,stop,
20260903-1856-oracle,oracle,mock,oracle,v2,f7bbdd5fe0812c4d,1c5c35327076c6b6,v2-case-061,facts,,3,failing_checks_on_date,asof,true,true,10,10,true,6,6,true,true,7,4,0,0,0,0,0.000000,0,stop,
20260903-1856-oracle,oracle,mock,oracle,v2,f7bbdd5fe0812c4d,1c5c35327076c6b6,v2-case-061,facts,,4,latest_open_issues,supersession,true,false,32,32,true,6,6,true,true,7,4,0,0,0,0,0.000000,0,stop,
20260903-1856-oracle,oracle,mock,oracle,v2,f7bbdd5fe0812c4d,1c5c35327076c6b6,v2-case-061,facts,,5,reverted_deploys,abstain,true,,,,true,6,6,true,true,7,4,0,0,0,0,0.000000,0,stop,
20260903-1856-oracle,oracle,mock,oracle,v2,f7bbdd5fe0812c4d,1c5c35327076c6b6,v2-twin-028,asof,v2-case-061,0,failing_checks_on_date,asof,true,false,10,10,true,1,1,false,true,7,4,0,0,0,0,0.000000,0,stop,
20260903-1856-oracle,oracle,mock,oracle,v2,f7bbdd5fe0812c4d,1c5c35327076c6b6,v2-case-062,facts,,0,open_issues,facts,true,true,19,19,true,5,5,true,true,7,4,0,0,0,0,0.000000,0,stop,
20260903-1856-oracle,oracle,mock,oracle,v2,f7bbdd5fe0812c4d,1c5c35327076c6b6,v2-case-062,facts,,1,on_call,entities,true,true,dan okonkwo,dan okonkwo,true,5,5,true,true,7,4,0,0,0,0,0.000000,0,stop,
20260903-1856-oracle,oracle,mock,oracle,v2,f7bbdd5fe0812c4d,1c5c35327076c6b6,v2-case-062,facts,,2,deploys_three_weeks,aggregation,true,true,38,38,true,5,5,true,true,7,4,0,0,0,0,0.000000,0,stop,
20260903-1856-oracle,oracle,mock,oracle,v2,f7bbdd5fe0812c4d,1c5c35327076c6b6,v2-case-062,facts,,3,failing_checks_on_date,asof,true,true,8,8,true,5,5,true,true,7,4,0,0,0,0,0.000000,0,stop,
20260903-1856-oracle,oracle,mock,oracle,v2,f7bbdd5fe0812c4d,1c5c35327076c6b6,v2-case-062,facts,,4,latest_open_issues,supersession,true,false,41,41,true,5,5,true,true,7,4,0,0,0,0,0.000000,0,stop,
20260903-1856-oracle,oracle,mock,oracle,v2,f7bbdd5fe0812c4d,1c5c35327076c6b6,v2-case-063,facts,,0,open_issues,facts,true,true,42,42,true,6,6,true,true,8,5,0,0,0,0,0.000000,0,stop,
20260903-1856-oracle,oracle,mock,oracle,v2,f7bbdd5fe0812c4d,1c5c35327076c6b6,v2-case-063,facts,,1,on_call,entities,true,true,tomas ruiz,tomas ruiz,true,6,6,true,true,8,5,0,0,0,0,0.000000,0,stop,
20260903-1856-oracle,oracle,mock,oracle,v2,f7bbdd5fe0812c4d,1c5c35327076c6b6,v2-case-063,facts,,2,deploys_three_weeks,aggregation,true,true,29,29,true,6,6,true,true,8,5,0,0,0,0,0.000000,0,stop,
20260903-1856-oracle,oracle,mock,oracle,v2,f7bbdd5fe0812c4d,1c5c35327076c6b6,v2-case-063,facts,,3,failing_checks_on_date,asof,true,true,9,9,true,6,6,true,true,8,5,0,0,0,0,0.000000,0,stop,
20260903-1856-oracle,oracle,mock,oracle,v2,f7bbdd5fe0812c4d,1c5c35327076c6b6,v2-case-063,facts,,4,latest_open_issues,supersession,true,false,32,32,true,6,6,true,true,8,5,0,0,0,0,0.000000,0,stop,
20260903-1856-oracle,oracle,mock,oracle,v2,f7bbdd5fe0812c4d,1c5c35327076c6b6,v2-case-063,facts,,5,reverted_deploys,abstain,true,,,,true,6,6,true,true,8,5,0,0,0,0,0.000000,0,stop,
20260903-1856-oracle,oracle,mock,oracle,v2,f7bbdd5fe0812c4d,1c5c35327076c6b6,v2-twin-029,aggregation,v2-case-063,0,deploys_three_weeks,aggregation,true,true,29,29,true,1,1,true,true,7,5,0,0,0,0,0.000000,0,stop,
20260903-1856-oracle,oracle,mock,oracle,v2,f7bbdd5fe0812c4d,1c5c35327076c6b6,v2-case-064,facts,,0,open_issues,facts,true,true,15,15,true,5,5,true,true,8,6,0,0,0,0,0.000000,0,stop,
20260903-1856-oracle,oracle,mock,oracle,v2,f7bbdd5fe0812c4d,1c5c35327076c6b6,v2-case-064,facts,,1,on_call,entities,true,true,aisha nkemelu,aisha nkemelu,true,5,5,true,true,8,6,0,0,0,0,0.000000,0,stop,
20260903-1856-oracle,oracle,mock,oracle,v2,f7bbdd5fe0812c4d,1c5c35327076c6b6,v2-case-064,facts,,2,deploys_three_weeks,aggregation,true,true,29,29,true,5,5,true,true,8,6,0,0,0,0,0.000000,0,stop,
20260903-1856-oracle,oracle,mock,oracle,v2,f7bbdd5fe0812c4d,1c5c35327076c6b6,v2-case-064,facts,,3,failing_checks_on_date,asof,true,true,8,8,true,5,5,true,true,8,6,0,0,0,0,0.000000,0,stop,
20260903-1856-oracle,oracle,mock,oracle,v2,f7bbdd5fe0812c4d,1c5c35327076c6b6,v2-case-064,facts,,4,latest_open_issues,supersession,true,false,41,41,true,5,5,true,true,8,6,0,0,0,0,0.000000,0,stop,
20260903-1856-oracle,oracle,mock,oracle,v2,f7bbdd5fe0812c4d,1c5c35327076c6b6,v2-case-065,facts,,0,open_issues,facts,true,true,13,13,true,6,6,true,true,7,6,0,0,0,0,0.000000,0,stop,
20260903-1856-oracle,oracle,mock,oracle,v2,f7bbdd5fe0812c4d,1c5c35327076c6b6,v2-case-065,facts,,1,on_call,entities,true,true,viktor novak,viktor novak,true,6,6,true,true,7,6,0,0,0,0,0.000000,0,stop,
20260903-1856-oracle,oracle,mock,oracle,v2,f7bbdd5fe0812c4d,1c5c35327076c6b6,v2-case-065,facts,,2,deploys_three_weeks,aggregation,true,true,39,39,true,6,6,true,true,7,6,0,0,0,0,0.000000,0,stop,
20260903-1856-oracle,oracle,mock,oracle,v2,f7bbdd5fe0812c4d,1c5c35327076c6b6,v2-case-065,facts,,3,failing_checks_on_date,asof,true,true,1,1,true,6,6,true,true,7,6,0,0,0,0,0.000000,0,stop,
20260903-1856-oracle,oracle,mock,oracle,v2,f7bbdd5fe0812c4d,1c5c35327076c6b6,v2-case-065,facts,,4,latest_open_issues,supersession,true,false,32,32,true,6,6,true,true,7,6,0,0,0,0,0.000000,0,stop,
20260903-1856-oracle,oracle,mock,oracle,v2,f7bbdd5fe0812c4d,1c5c35327076c6b6,v2-case-065,facts,,5,reverted_deploys,abstain,true,,,,true,6,6,true,true,7,6,0,0,0,0,0.000000,0,stop,
20260903-1856-oracle,oracle,mock,oracle,v2,f7bbdd5fe0812c4d,1c5c35327076c6b6,v2-twin-030,asof,v2-case-065,0,failing_checks_on_date,asof,true,true,1,1,true,1,1,true,true,7,4,0,0,0,0,0.000000,0,stop,
20260903-1856-oracle,oracle,mock,oracle,v2,f7bbdd5fe0812c4d,1c5c35327076c6b6,v2-case-066,facts,,0,open_issues,facts,true,true,41,41,true,5,5,true,true,8,5,0,0,0,0,0.000000,0,stop,
20260903-1856-oracle,oracle,mock,oracle,v2,f7bbdd5fe0812c4d,1c5c35327076c6b6,v2-case-066,facts,,1,on_call,entities,true,true,ravi sundaram,ravi sundaram,true,5,5,true,true,8,5,0,0,0,0,0.000000,0,stop,
20260903-1856-oracle,oracle,mock,oracle,v2,f7bbdd5fe0812c4d,1c5c35327076c6b6,v2-case-066,facts,,2,deploys_three_weeks,aggregation,true,true,17,17,true,5,5,true,true,8,5,0,0,0,0,0.000000,0,stop,
20260903-1856-oracle,oracle,mock,oracle,v2,f7bbdd5fe0812c4d,1c5c35327076c6b6,v2-case-066,facts,,3,failing_checks_on_date,asof,true,true,1,1,true,5,5,true,true,8,5,0,0,0,0,0.000000,0,stop,
20260903-1856-oracle,oracle,mock,oracle,v2,f7bbdd5fe0812c4d,1c5c35327076c6b6,v2-case-066,facts,,4,latest_open_issues,supersession,true,false,41,41,true,5,5,true,true,8,5,0,0,0,0,0.000000,0,stop,
20260903-1856-oracle,oracle,mock,oracle,v2,f7bbdd5fe0812c4d,1c5c35327076c6b6,v2-case-067,facts,,0,open_issues,facts,true,true,10,10,true,6,6,true,true,8,5,0,0,0,0,0.000000,0,stop,
20260903-1856-oracle,oracle,mock,oracle,v2,f7bbdd5fe0812c4d,1c5c35327076c6b6,v2-case-067,facts,,1,on_call,entities,true,true,aisha nkemelu,aisha nkemelu,true,6,6,true,true,8,5,0,0,0,0,0.000000,0,stop,
20260903-1856-oracle,oracle,mock,oracle,v2,f7bbdd5fe0812c4d,1c5c35327076c6b6,v2-case-067,facts,,2,deploys_three_weeks,aggregation,true,true,43,43,true,6,6,true,true,8,5,0,0,0,0,0.000000,0,stop,
20260903-1856-oracle,oracle,mock,oracle,v2,f7bbdd5fe0812c4d,1c5c35327076c6b6,v2-case-067,facts,,3,failing_checks_on_date,asof,true,true,6,6,true,6,6,true,true,8,5,0,0,0,0,0.000000,0,stop,
20260903-1856-oracle,oracle,mock,oracle,v2,f7bbdd5fe0812c4d,1c5c35327076c6b6,v2-case-067,facts,,4,latest_open_issues,supersession,true,true,32,32,true,6,6,true,true,8,5,0,0,0,0,0.000000,0,stop,
20260903-1856-oracle,oracle,mock,oracle,v2,f7bbdd5fe0812c4d,1c5c35327076c6b6,v2-case-067,facts,,5,reverted_deploys,abstain,true,,,,true,6,6,true,true,8,5,0,0,0,0,0.000000,0,stop,
20260903-1856-oracle,oracle,mock,oracle,v2,f7bbdd5fe0812c4d,1c5c35327076c6b6,v2-case-068,facts,,0,open_issues,facts,true,true,32,32,true,5,5,true,true,10,6,0,0,0,0,0.000000,0,stop,
20260903-1856-oracle,oracle,mock,oracle,v2,f7bbdd5fe0812c4d,1c5c35327076c6b6,v2-case-068,facts,,1,on_call,entities,true,true,lukas fenn,lukas fenn,true,5,5,true,true,10,6,0,0,0,0,0.000000,0,stop,
20260903-1856-oracle,oracle,mock,oracle,v2,f7bbdd5fe0812c4d,1c5c35327076c6b6,v2-case-068,facts,,2,deploys_three_weeks,aggregation,true,true,31,31,true,5,5,true,true,10,6,0,0,0,0,0.000000,0,stop,
20260903-1856-oracle,oracle,mock,oracle,v2,f7bbdd5fe0812c4d,1c5c35327076c6b6,v2-case-068,facts,,3,failing_checks_on_date,asof,true,true,0,0,true,5,5,true,true,10,6,0,0,0,0,0.000000,0,stop,
20260903-1856-oracle,oracle,mock,oracle,v2,f7bbdd5fe0812c4d,1c5c35327076c6b6,v2-case-068,facts,,4,latest_open_issues,supersession,true,true,41,41,true,5,5,true,true,10,6,0,0,0,0,0.000000,0,stop,
20260903-1856-oracle,oracle,mock,oracle,v2,f7bbdd5fe0812c4d,1c5c35327076c6b6,v2-case-069,facts,,0,open_issues,facts,true,true,43,43,true,6,6,true,true,9,6,0,0,0,0,0.000000,0,stop,
20260903-1856-oracle,oracle,mock,oracle,v2,f7bbdd5fe0812c4d,1c5c35327076c6b6,v2-case-069,facts,,1,on_call,entities,true,true,priya raman,priya raman,true,6,6,true,true,9,6,0,0,0,0,0.000000,0,stop,
20260903-1856-oracle,oracle,mock,oracle,v2,f7bbdd5fe0812c4d,1c5c35327076c6b6,v2-case-069,facts,,2,deploys_three_weeks,aggregation,true,true,22,22,true,6,6,true,true,9,6,0,0,0,0,0.000000,0,stop,
20260903-1856-oracle,oracle,mock,oracle,v2,f7bbdd5fe0812c4d,1c5c35327076c6b6,v2-case-069,facts,,3,failing_checks_on_date,asof,true,true,5,5,true,6,6,true,true,9,6,0,0,0,0,0.000000,0,stop,
20260903-1856-oracle,oracle,mock,oracle,v2,f7bbdd5fe0812c4d,1c5c35327076c6b6,v2-case-069,facts,,4,latest_open_issues,supersession,true,true,32,32,true,6,6,true,true,9,6,0,0,0,0,0.000000,0,stop,
20260903-1856-oracle,oracle,mock,oracle,v2,f7bbdd5fe0812c4d,1c5c35327076c6b6,v2-case-069,facts,,5,reverted_deploys,abstain,true,,,,true,6,6,true,true,9,6,0,0,0,0,0.000000,0,stop,
20260903-1856-oracle,oracle,mock,oracle,v2,f7bbdd5fe0812c4d,1c5c35327076c6b6,v2-twin-031,asof,v2-case-069,0,failing_checks_on_date,asof,true,true,5,5,true,1,1,true,true,8,5,0,0,0,0,0.000000,0,stop,
20260903-1856-oracle,oracle,mock,oracle,v2,f7bbdd5fe0812c4d,1c5c35327076c6b6,v2-case-070,facts,,0,open_issues,facts,true,true,32,32,true,5,5,true,true,7,5,0,0,0,0,0.000000,0,stop,
20260903-1856-oracle,oracle,mock,oracle,v2,f7bbdd5fe0812c4d,1c5c35327076c6b6,v2-case-070,facts,,1,on_call,entities,true,true,dan okonkwo,dan okonkwo,true,5,5,true,true,7,5,0,0,0,0,0.000000,0,stop,
20260903-1856-oracle,oracle,mock,oracle,v2,f7bbdd5fe0812c4d,1c5c35327076c6b6,v2-case-070,facts,,2,deploys_three_weeks,aggregation,true,true,26,26,true,5,5,true,true,7,5,0,0,0,0,0.000000,0,stop,
20260903-1856-oracle,oracle,mock,oracle,v2,f7bbdd5fe0812c4d,1c5c35327076c6b6,v2-case-070,facts,,3,failing_checks_on_date,asof,true,true,1,1,true,5,5,true,true,7,5,0,0,0,0,0.000000,0,stop,
20260903-1856-oracle,oracle,mock,oracle,v2,f7bbdd5fe0812c4d,1c5c35327076c6b6,v2-case-070,facts,,4,latest_open_issues,supersession,true,true,41,41,true,5,5,true,true,7,5,0,0,0,0,0.000000,0,stop,
20260903-1856-oracle,oracle,mock,oracle,v2,f7bbdd5fe0812c4d,1c5c35327076c6b6,v2-case-071,join,,0,agreed_value,join,true,true,3,3,true,3,3,true,true,8,5,0,0,0,0,0.000000,0,stop,
20260903-1856-oracle,oracle,mock,oracle,v2,f7bbdd5fe0812c4d,1c5c35327076c6b6,v2-case-071,join,,1,agreed_by,entities,true,false,priya raman,priya raman,true,3,3,true,true,8,5,0,0,0,0,0.000000,0,stop,
20260903-1856-oracle,oracle,mock,oracle,v2,f7bbdd5fe0812c4d,1c5c35327076c6b6,v2-case-071,join,,2,retry_jitter_ms,abstain,true,,,,true,3,3,true,true,8,5,0,0,0,0,0.000000,0,stop,
20260903-1856-oracle,oracle,mock,oracle,v2,f7bbdd5fe0812c4d,1c5c35327076c6b6,v2-twin-032,join,v2-case-071,0,agreed_value,join,true,true,3,3,true,1,1,true,true,7,4,0,0,0,0,0.000000,0,stop,
20260903-1856-oracle,oracle,mock,oracle,v2,f7bbdd5fe0812c4d,1c5c35327076c6b6,v2-case-072,join,,0,agreed_value,join,true,true,45,45,true,3,3,true,true,8,5,0,0,0,0,0.000000,0,stop,
20260903-1856-oracle,oracle,mock,oracle,v2,f7bbdd5fe0812c4d,1c5c35327076c6b6,v2-case-072,join,,1,agreed_by,entities,true,false,dan okonkwo,dan okonkwo,true,3,3,true,true,8,5,0,0,0,0,0.000000,0,stop,
20260903-1856-oracle,oracle,mock,oracle,v2,f7bbdd5fe0812c4d,1c5c35327076c6b6,v2-case-072,join,,2,grace_period_owner,abstain,true,,,,true,3,3,true,true,8,5,0,0,0,0,0.000000,0,stop,
20260903-1856-oracle,oracle,mock,oracle,v2,f7bbdd5fe0812c4d,1c5c35327076c6b6,v2-case-073,join,,0,agreed_value,join,true,true,128,128,true,3,3,true,true,7,6,0,0,0,0,0.000000,0,stop,
20260903-1856-oracle,oracle,mock,oracle,v2,f7bbdd5fe0812c4d,1c5c35327076c6b6,v2-case-073,join,,1,agreed_by,entities,true,false,ravi sundaram,ravi sundaram,true,3,3,true,true,7,6,0,0,0,0,0.000000,0,stop,
20260903-1856-oracle,oracle,mock,oracle,v2,f7bbdd5fe0812c4d,1c5c35327076c6b6,v2-case-073,join,,2,pool_idle_timeout_s,abstain,true,,,,true,3,3,true,true,7,6,0,0,0,0,0.000000,0,stop,
20260903-1856-oracle,oracle,mock,oracle,v2,f7bbdd5fe0812c4d,1c5c35327076c6b6,v2-case-074,join,,0,agreed_value,join,true,true,5,5,true,3,3,true,true,7,4,0,0,0,0,0.000000,0,stop,
20260903-1856-oracle,oracle,mock,oracle,v2,f7bbdd5fe0812c4d,1c5c35327076c6b6,v2-case-074,join,,1,agreed_by,entities,true,false,tomas ruiz,tomas ruiz,true,3,3,true,true,7,4,0,0,0,0,0.000000,0,stop,
20260903-1856-oracle,oracle,mock,oracle,v2,f7bbdd5fe0812c4d,1c5c35327076c6b6,v2-case-074,join,,2,trace_retention_days,abstain,true,,,,true,3,3,true,true,7,4,0,0,0,0,0.000000,0,stop,
20260903-1856-oracle,oracle,mock,oracle,v2,f7bbdd5fe0812c4d,1c5c35327076c6b6,v2-case-075,join,,0,agreed_value,join,true,true,250,250,true,3,3,true,true,8,5,0,0,0,0,0.000000,0,stop,
20260903-1856-oracle,oracle,mock,oracle,v2,f7bbdd5fe0812c4d,1c5c35327076c6b6,v2-case-075,join,,1,agreed_by,entities,true,false,aisha nkemelu,aisha nkemelu,true,3,3,true,true,8,5,0,0,0,0,0.000000,0,stop,
20260903-1856-oracle,oracle,mock,oracle,v2,f7bbdd5fe0812c4d,1c5c35327076c6b6,v2-case-075,join,,2,max_page_size,abstain,true,,,,true,3,3,true,true,8,5,0,0,0,0,0.000000,0,stop,
20260903-1856-oracle,oracle,mock,oracle,v2,f7bbdd5fe0812c4d,1c5c35327076c6b6,v2-case-076,join,,0,agreed_value,join,true,true,20,20,true,3,3,true,true,8,6,0,0,0,0,0.000000,0,stop,
20260903-1856-oracle,oracle,mock,oracle,v2,f7bbdd5fe0812c4d,1c5c35327076c6b6,v2-case-076,join,,1,agreed_by,entities,true,false,mei-ling chen,mei-ling chen,true,3,3,true,true,8,6,0,0,0,0,0.000000,0,stop,
20260903-1856-oracle,oracle,mock,oracle,v2,f7bbdd5fe0812c4d,1c5c35327076c6b6,v2-case-076,join,,2,timer_exceptions,abstain,true,,,,true,3,3,true,true,8,6,0,0,0,0,0.000000,0,stop,
20260903-1856-oracle,oracle,mock,oracle,v2,f7bbdd5fe0812c4d,1c5c35327076c6b6,v2-case-077,join,,0,agreed_value,join,true,true,12,12,true,3,3,true,true,7,4,0,0,0,0,0.000000,0,stop,
20260903-1856-oracle,oracle,mock,oracle,v2,f7bbdd5fe0812c4d,1c5c35327076c6b6,v2-case-077,join,,1,agreed_by,entities,true,false,rob feeney,rob feeney,true,3,3,true,true,7,4,0,0,0,0,0.000000,0,stop,
20260903-1856-oracle,oracle,mock,oracle,v2,f7bbdd5fe0812c4d,1c5c35327076c6b6,v2-case-077,join,,2,sample_review_owner,abstain,true,,,,true,3,3,true,true,7,4,0,0,0,0,0.000000,0,stop,
20260903-1856-oracle,oracle,mock,oracle,v2,f7bbdd5fe0812c4d,1c5c35327076c6b6,v2-case-078,join,,0,agreed_value,join,true,true,600,600,true,3,3,true,true,6,5,0,0,0,0,0.000000,0,stop,
20260903-1856-oracle,oracle,mock,oracle,v2,f7bbdd5fe0812c4d,1c5c35327076c6b6,v2-case-078,join,,1,agreed_by,entities,true,false,viktor novak,viktor novak,true,3,3,true,true,6,5,0,0,0,0,0.000000,0,stop,
20260903-1856-oracle,oracle,mock,oracle,v2,f7bbdd5fe0812c4d,1c5c35327076c6b6,v2-case-078,join,,2,cache_size_mb,abstain,true,,,,true,3,3,true,true,6,5,0,0,0,0,0.000000,0,stop,
20260903-1856-oracle,oracle,mock,oracle,v2,f7bbdd5fe0812c4d,1c5c35327076c6b6,v2-case-079,aggregation,,0,severity_one_count,aggregation,true,true,5,5,true,5,5,true,true,8,5,0,0,0,0,0.000000,0,stop,
20260903-1856-oracle,oracle,mock,oracle,v2,f7bbdd5fe0812c4d,1c5c35327076c6b6,v2-case-079,aggregation,,1,severity_one_minutes,aggregation,true,true,522,522,true,5,5,true,true,8,5,0,0,0,0,0.000000,0,stop,
20260903-1856-oracle,oracle,mock,oracle,v2,f7bbdd5fe0812c4d,1c5c35327076c6b6,v2-case-079,aggregation,,2,severity_two_count,aggregation,true,true,5,5,true,5,5,true,true,8,5,0,0,0,0,0.000000,0,stop,
20260903-1856-oracle,oracle,mock,oracle,v2,f7bbdd5fe0812c4d,1c5c35327076c6b6,v2-case-079,aggregation,,3,severity_two_minutes,aggregation,true,true,196,196,true,5,5,true,true,8,5,0,0,0,0,0.000000,0,stop,
20260903-1856-oracle,oracle,mock,oracle,v2,f7bbdd5fe0812c4d,1c5c35327076c6b6,v2-case-079,aggregation,,4,mean_time_to_detect_minutes,abstain,true,,,,true,5,5,true,true,8,5,0,0,0,0,0.000000,0,stop,
20260903-1856-oracle,oracle,mock,oracle,v2,f7bbdd5fe0812c4d,1c5c35327076c6b6,v2-case-080,aggregation,,0,platform_fees_eur,aggregation,true,true,178000,178000,true,3,3,true,true,7,6,0,0,0,0,0.000000,0,stop,
20260903-1856-oracle,oracle,mock,oracle,v2,f7bbdd5fe0812c4d,1c5c35327076c6b6,v2-case-080,aggregation,,1,onboarding_eur,aggregation,true,true,33000,33000,true,3,3,true,true,7,6,0,0,0,0,0.000000,0,stop,
20260903-1856-oracle,oracle,mock,oracle,v2,f7bbdd5fe0812c4d,1c5c35327076c6b6,v2-case-080,aggregation,,2,discount_percentage,abstain,true,,,,true,3,3,true,true,7,6,0,0,0,0,0.000000,0,stop,
20260903-1856-oracle,oracle,mock,oracle,v2,f7bbdd5fe0812c4d,1c5c35327076c6b6,v2-case-081,aggregation,,0,urgent_fix_count,aggregation,true,true,4,4,true,3,3,true,true,7,4,0,0,0,0,0.000000,0,stop,
20260903-1856-oracle,oracle,mock,oracle,v2,f7bbdd5fe0812c4d,1c5c35327076c6b6,v2-case-081,aggregation,,1,opened_open_count,aggregation,true,true,3,3,true,3,3,true,true,7,4,0,0,0,0,0.000000,0,stop,
20260903-1856-oracle,oracle,mock,oracle,v2,f7bbdd5fe0812c4d,1c5c35327076c6b6,v2-case-081,aggregation,,2,median_days_to_close,abstain,true,,,,true,3,3,true,true,7,4,0,0,0,0,0.000000,0,stop,
20260903-1856-oracle,oracle,mock,oracle,v2,f7bbdd5fe0812c4d,1c5c35327076c6b6,v2-case-082,aggregation,,0,engineer_weeks_total,aggregation,true,true,9,9,true,3,3,true,true,8,5,0,0,0,0,0.000000,0,stop,
20260903-1856-oracle,oracle,mock,oracle,v2,f7bbdd5fe0812c4d,1c5c35327076c6b6,v2-case-082,aggregation,,1,approved_count,aggregation,true,true,2,2,true,3,3,true,true,8,5,0,0,0,0,0.000000,0,stop,
20260903-1856-oracle,oracle,mock,oracle,v2,f7bbdd5fe0812c4d,1c5c35327076c6b6,v2-case-082,aggregation,,2,cost_per_engineer_week_eur,abstain,true,,,,true,3,3,true,true,8,5,0,0,0,0,0.000000,0,stop,
20260903-1856-oracle,oracle,mock,oracle,v2,f7bbdd5fe0812c4d,1c5c35327076c6b6,v2-case-083,aggregation,,0,region_count,aggregation,true,true,5,5,true,3,3,true,true,8,5,0,0,0,0,0.000000,0,stop,
20260903-1856-oracle,oracle,mock,oracle,v2,f7bbdd5fe0812c4d,1c5c35327076c6b6,v2-case-083,aggregation,,1,regions,exhaustive,true,true,"[""amsterdam"",""dublin"",""frankfurt"",""sao paulo"",""sydney""]","[""amsterdam"",""dublin"",""frankfurt"",""sao paulo"",""sydney""]",true,3,3,true,true,8,5,0,0,0,0,0.000000,0,stop,
20260903-1856-oracle,oracle,mock,oracle,v2,f7bbdd5fe0812c4d,1c5c35327076c6b6,v2-case-083,aggregation,,2,tenants_per_region,abstain,true,,,,true,3,3,true,true,8,5,0,0,0,0,0.000000,0,stop,
20260903-1856-oracle,oracle,mock,oracle,v2,f7bbdd5fe0812c4d,1c5c35327076c6b6,v2-case-084,facts,,0,starting_headcount,facts,true,true,9,9,true,3,3,true,true,7,5,0,0,0,0,0.000000,0,stop,
20260903-1856-oracle,oracle,mock,oracle,v2,f7bbdd5fe0812c4d,1c5c35327076c6b6,v2-case-084,facts,,1,headcount_now,aggregation,true,true,10,10,true,3,3,true,true,7,5,0,0,0,0,0.000000,0,stop,
20260903-1856-oracle,oracle,mock,oracle,v2,f7bbdd5fe0812c4d,1c5c35327076c6b6,v2-case-084,facts,,2,attrition_rate,abstain,true,,,,true,3,3,true,true,7,5,0,0,0,0,0.000000,0,stop,
20260903-1856-oracle,oracle,mock,oracle,v2,f7bbdd5fe0812c4d,1c5c35327076c6b6,v2-case-085,asof,,0,name_in_january,asof,true,true,palisade ledger,palisade ledger,true,5,5,true,true,7,5,0,0,0,0,0.000000,0,stop,
20260903-1856-oracle,oracle,mock,oracle,v2,f7bbdd5fe0812c4d,1c5c35327076c6b6,v2-case-085,asof,,1,name_now,supersession,true,true,wrenfield audit vault,wrenfield audit vault,true,5,5,true,true,7,5,0,0,0,0,0.000000,0,stop,
20260903-1856-oracle,oracle,mock,oracle,v2,f7bbdd5fe0812c4d,1c5c35327076c6b6,v2-case-085,asof,,2,rename_date,facts,true,true,2027-03-18,2027-03-18,true,5,5,true,true,7,5,0,0,0,0,0.000000,0,stop,
20260903-1856-oracle,oracle,mock,oracle,v2,f7bbdd5fe0812c4d,1c5c35327076c6b6,v2-case-085,asof,,3,announced_by,entities,true,true,elena marchetti,elena marchetti,true,5,5,true,true,7,5,0,0,0,0,0.000000,0,stop,
20260903-1856-oracle,oracle,mock,oracle,v2,f7bbdd5fe0812c4d,1c5c35327076c6b6,v2-case-085,asof,,4,rename_cost_eur,abstain,true,,,,true,5,5,true,true,7,5,0,0,0,0,0.000000,0,stop,
20260903-1856-oracle,oracle,mock,oracle,v2,f7bbdd5fe0812c4d,1c5c35327076c6b6,v2-twin-033,asof,v2-case-085,0,name_in_january,asof,true,true,palisade ledger,palisade ledger,true,1,1,true,true,7,4,0,0,0,0,0.000000,0,stop,
20260903-1856-oracle,oracle,mock,oracle,v2,f7bbdd5fe0812c4d,1c5c35327076c6b6,v2-case-086,entities,,0,support_opener,entities,true,true,ravi menon,ravi menon,true,3,3,true,true,8,5,0,0,0,0,0.000000,0,stop,
20260903-1856-oracle,oracle,mock,oracle,v2,f7bbdd5fe0812c4d,1c5c35327076c6b6,v2-case-086,entities,,1,infra_opener,entities,true,true,ravi sundaram,ravi sundaram,true,3,3,true,true,8,5,0,0,0,0,0.000000,0,stop,
20260903-1856-oracle,oracle,mock,oracle,v2,f7bbdd5fe0812c4d,1c5c35327076c6b6,v2-case-086,entities,,2,reporting_line,abstain,true,,,,true,3,3,true,true,8,5,0,0,0,0,0.000000,0,stop,
20260903-1856-oracle,oracle,mock,oracle,v2,f7bbdd5fe0812c4d,1c5c35327076c6b6,v2-case-087,abstain,,0,revenue_eur,abstain,true,,,,true,3,3,,true,8,6,0,0,0,0,0.000000,0,stop,
20260903-1856-oracle,oracle,mock,oracle,v2,f7bbdd5fe0812c4d,1c5c35327076c6b6,v2-case-087,abstain,,1,paying_tenants,abstain,true,,,,true,3,3,,true,8,6,0,0,0,0,0.000000,0,stop,
20260903-1856-oracle,oracle,mock,oracle,v2,f7bbdd5fe0812c4d,1c5c35327076c6b6,v2-case-087,abstain,,2,lead_investor,abstain,true,,,,true,3,3,,true,8,6,0,0,0,0,0.000000,0,stop,
20260903-1856-oracle,oracle,mock,oracle,v2,f7bbdd5fe0812c4d,1c5c35327076c6b6,v2-case-088,abstain,,0,open_date,abstain,true,,,,true,3,3,,true,7,6,0,0,0,0,0.000000,0,stop,
20260903-1856-oracle,oracle,mock,oracle,v2,f7bbdd5fe0812c4d,1c5c35327076c6b6,v2-case-088,abstain,,1,owner,abstain,true,,,,true,3,3,,true,7,6,0,0,0,0,0.000000,0,stop,
20260903-1856-oracle,oracle,mock,oracle,v2,f7bbdd5fe0812c4d,1c5c35327076c6b6,v2-case-088,abstain,,2,contract_signed,abstain,true,,,,true,3,3,,true,7,6,0,0,0,0,0.000000,0,stop,
20260903-1856-oracle,oracle,mock,oracle,v2,f7bbdd5fe0812c4d,1c5c35327076c6b6,v2-case-089,abstain,,0,release_date,abstain,true,,,,true,3,3,,true,8,5,0,0,0,0,0.000000,0,stop,
20260903-1856-oracle,oracle,mock,oracle,v2,f7bbdd5fe0812c4d,1c5c35327076c6b6,v2-case-089,abstain,,1,languages,abstain,true,,,,true,3,3,,true,8,5,0,0,0,0,0.000000,0,stop,
20260903-1856-oracle,oracle,mock,oracle,v2,f7bbdd5fe0812c4d,1c5c35327076c6b6,v2-case-089,abstain,,2,team_size,abstain,true,,,,true,3,3,,true,8,5,0,0,0,0,0.000000,0,stop,
20260903-1856-oracle,oracle,mock,oracle,v2,f7bbdd5fe0812c4d,1c5c35327076c6b6,v2-case-090,abstain,,0,stipend_eur,abstain,true,,,,true,3,3,,true,8,5,0,0,0,0,0.000000,0,stop,
20260903-1856-oracle,oracle,mock,oracle,v2,f7bbdd5fe0812c4d,1c5c35327076c6b6,v2-case-090,abstain,,1,start_date,abstain,true,,,,true,3,3,,true,8,5,0,0,0,0,0.000000,0,stop,
20260903-1856-oracle,oracle,mock,oracle,v2,f7bbdd5fe0812c4d,1c5c35327076c6b6,v2-case-090,abstain,,2,approved_by,abstain,true,,,,true,3,3,,true,8,5,0,0,0,0,0.000000,0,stop,
20260903-1858-deepseek-v4-flash,deepseek-v4-flash,openai-compatible,deepseek-v4-flash,v2,f7bbdd5fe0812c4d,1c5c35327076c6b6,v2-case-001,supersession,,0,current_value,supersession,true,true,150,150,false,2,5,true,true,1238,1014,1219,33,0,256,0.000471,0,stop,
20260903-1858-deepseek-v4-flash,deepseek-v4-flash,openai-compatible,deepseek-v4-flash,v2,f7bbdd5fe0812c4d,1c5c35327076c6b6,v2-case-001,supersession,,1,value_on_date,asof,false,true,165,190,false,2,5,true,true,1238,1014,1219,33,0,256,0.000471,0,stop,
20260903-1858-deepseek-v4-flash,deepseek-v4-flash,openai-compatible,deepseek-v4-flash,v2,f7bbdd5fe0812c4d,1c5c35327076c6b6,v2-case-001,supersession,,2,set_by,entities,false,true,priya raman,tomas ruiz,false,2,5,true,true,1238,1014,1219,33,0,256,0.000471,0,stop,
20260903-1858-deepseek-v4-flash,deepseek-v4-flash,openai-compatible,deepseek-v4-flash,v2,f7bbdd5fe0812c4d,1c5c35327076c6b6,v2-case-001,supersession,,3,measurement_point,facts,false,true,amsterdam,amsterdam edge,false,2,5,true,true,1238,1014,1219,33,0,256,0.000471,0,stop,
20260903-1858-deepseek-v4-flash,deepseek-v4-flash,openai-compatible,deepseek-v4-flash,v2,f7bbdd5fe0812c4d,1c5c35327076c6b6,v2-case-001,supersession,,4,p50_ms,abstain,true,,,,false,2,5,true,true,1238,1014,1219,33,0,256,0.000471,0,stop,
20260903-1858-deepseek-v4-flash,deepseek-v4-flash,openai-compatible,deepseek-v4-flash,v2,f7bbdd5fe0812c4d,1c5c35327076c6b6,v2-twin-001,asof,v2-case-001,0,value_on_date,asof,false,true,165,190,false,0,1,true,true,1016,847,1089,7,0,256,0.000379,0,stop,
20260903-1858-deepseek-v4-flash,deepseek-v4-flash,openai-compatible,deepseek-v4-flash,v2,f7bbdd5fe0812c4d,1c5c35327076c6b6,v2-case-002,supersession,,0,current_value,supersession,true,true,360,360,false,1,4,true,true,651,518,1213,28,0,256,0.000462,0,stop,
20260903-1858-deepseek-v4-flash,deepseek-v4-flash,openai-compatible,deepseek-v4-flash,v2,f7bbdd5fe0812c4d,1c5c35327076c6b6,v2-case-002,supersession,,1,value_on_date,asof,false,true,390,430,false,1,4,true,true,651,518,1213,28,0,256,0.000462,0,stop,
20260903-1858-deepseek-v4-flash,deepseek-v4-flash,openai-compatible,deepseek-v4-flash,v2,f7bbdd5fe0812c4d,1c5c35327076c6b6,v2-case-002,supersession,,2,set_by,entities,false,true,lukas fenn,aisha nkemelu,false,1,4,true,true,651,518,1213,28,0,256,0.000462,0,stop,
20260903-1858-deepseek-v4-flash,deepseek-v4-flash,openai-compatible,deepseek-v4-flash,v2,f7bbdd5fe0812c4d,1c5c35327076c6b6,v2-case-002,supersession,,3,measurement_point,facts,false,true,sydney,sydney probe,false,1,4,true,true,651,518,1213,28,0,256,0.000462,0,stop,
20260903-1858-deepseek-v4-flash,deepseek-v4-flash,openai-compatible,deepseek-v4-flash,v2,f7bbdd5fe0812c4d,1c5c35327076c6b6,v2-case-003,supersession,,0,current_value,supersession,true,true,52,52,false,4,5,true,true,718,485,1329,37,0,256,0.000525,0,stop,
20260903-1858-deepseek-v4-flash,deepseek-v4-flash,openai-compatible,deepseek-v4-flash,v2,f7bbdd5fe0812c4d,1c5c35327076c6b6,v2-case-003,supersession,,1,value_on_date,asof,true,true,64,64,false,4,5,true,true,718,485,1329,37,0,256,0.000525,0,stop,
20260903-1858-deepseek-v4-flash,deepseek-v4-flash,openai-compatible,deepseek-v4-flash,v2,f7bbdd5fe0812c4d,1c5c35327076c6b6,v2-case-003,supersession,,2,set_by,entities,true,true,viktor novak,viktor novak,false,4,5,true,true,718,485,1329,37,0,256,0.000525,0,stop,
20260903-1858-deepseek-v4-flash,deepseek-v4-flash,openai-compatible,deepseek-v4-flash,v2,f7bbdd5fe0812c4d,1c5c35327076c6b6,v2-case-003,supersession,,3,build_runner,facts,false,true,linux-8x,linux-8x runner,false,4,5,true,true,718,485,1329,37,0,256,0.000525,0,stop,
20260903-1858-deepseek-v4-flash,deepseek-v4-flash,openai-compatible,deepseek-v4-flash,v2,f7bbdd5fe0812c4d,1c5c35327076c6b6,v2-case-003,supersession,,4,cache_hit_rate,abstain,true,,,,false,4,5,true,true,718,485,1329,37,0,256,0.000525,0,stop,
20260903-1858-deepseek-v4-flash,deepseek-v4-flash,openai-compatible,deepseek-v4-flash,v2,f7bbdd5fe0812c4d,1c5c35327076c6b6,v2-case-004,supersession,,0,current_value,supersession,true,true,20000,20000,false,3,4,true,true,726,465,1334,31,0,256,0.000519,0,stop,
20260903-1858-deepseek-v4-flash,deepseek-v4-flash,openai-compatible,deepseek-v4-flash,v2,f7bbdd5fe0812c4d,1c5c35327076c6b6,v2-case-004,supersession,,1,value_on_date,asof,true,true,12000,12000,false,3,4,true,true,726,465,1334,31,0,256,0.000519,0,stop,
20260903-1858-deepseek-v4-flash,deepseek-v4-flash,openai-compatible,deepseek-v4-flash,v2,f7bbdd5fe0812c4d,1c5c35327076c6b6,v2-case-004,supersession,,2,set_by,entities,true,true,aisha nkemelu,aisha nkemelu,false,3,4,true,true,726,465,1334,31,0,256,0.000519,0,stop,
20260903-1858-deepseek-v4-flash,deepseek-v4-flash,openai-compatible,deepseek-v4-flash,v2,f7bbdd5fe0812c4d,1c5c35327076c6b6,v2-case-004,supersession,,3,storage_backend,facts,false,true,postgres,postgres replica,false,3,4,true,true,726,465,1334,31,0,256,0.000519,0,stop,
20260903-1858-deepseek-v4-flash,deepseek-v4-flash,openai-compatible,deepseek-v4-flash,v2,f7bbdd5fe0812c4d,1c5c35327076c6b6,v2-case-005,supersession,,0,current_value,supersession,true,true,2400,2400,false,3,5,true,true,808,605,1338,33,0,256,0.000523,0,stop,
20260903-1858-deepseek-v4-flash,deepseek-v4-flash,openai-compatible,deepseek-v4-flash,v2,f7bbdd5fe0812c4d,1c5c35327076c6b6,v2-case-005,supersession,,1,value_on_date,asof,false,true,1500,900,false,3,5,true,true,808,605,1338,33,0,256,0.000523,0,stop,
20260903-1858-deepseek-v4-flash,deepseek-v4-flash,openai-compatible,deepseek-v4-flash,v2,f7bbdd5fe0812c4d,1c5c35327076c6b6,v2-case-005,supersession,,2,set_by,entities,false,true,priya raman,dan okonkwo,false,3,5,true,true,808,605,1338,33,0,256,0.000523,0,stop,
20260903-1858-deepseek-v4-flash,deepseek-v4-flash,openai-compatible,deepseek-v4-flash,v2,f7bbdd5fe0812c4d,1c5c35327076c6b6,v2-case-005,supersession,,3,limit_scope,facts,true,true,per tenant,per tenant,false,3,5,true,true,808,605,1338,33,0,256,0.000523,0,stop,
20260903-1858-deepseek-v4-flash,deepseek-v4-flash,openai-compatible,deepseek-v4-flash,v2,f7bbdd5fe0812c4d,1c5c35327076c6b6,v2-case-005,supersession,,4,burst_limit,abstain,true,,,,false,3,5,true,true,808,605,1338,33,0,256,0.000523,0,stop,
20260903-1858-deepseek-v4-flash,deepseek-v4-flash,openai-compatible,deepseek-v4-flash,v2,f7bbdd5fe0812c4d,1c5c35327076c6b6,v2-twin-002,asof,v2-case-005,0,value_on_date,asof,false,true,1500,900,false,0,1,true,true,755,519,1267,7,0,256,0.000458,0,stop,
20260903-1858-deepseek-v4-flash,deepseek-v4-flash,openai-compatible,deepseek-v4-flash,v2,f7bbdd5fe0812c4d,1c5c35327076c6b6,v2-case-006,supersession,,0,current_value,supersession,true,true,45,45,false,1,4,true,true,676,525,1139,29,0,256,0.000430,0,stop,
20260903-1858-deepseek-v4-flash,deepseek-v4-flash,openai-compatible,deepseek-v4-flash,v2,f7bbdd5fe0812c4d,1c5c35327076c6b6,v2-case-006,supersession,,1,value_on_date,asof,false,true,21,14,false,1,4,true,true,676,525,1139,29,0,256,0.000430,0,stop,
20260903-1858-deepseek-v4-flash,deepseek-v4-flash,openai-compatible,deepseek-v4-flash,v2,f7bbdd5fe0812c4d,1c5c35327076c6b6,v2-case-006,supersession,,2,set_by,entities,false,true,nadia oyelaran,rob feeney,false,1,4,true,true,676,525,1139,29,0,256,0.000430,0,stop,
20260903-1858-deepseek-v4-flash,deepseek-v4-flash,openai-compatible,deepseek-v4-flash,v2,f7bbdd5fe0812c4d,1c5c35327076c6b6,v2-case-006,supersession,,3,retention_scope,facts,false,true,request logs,request logs only,false,1,4,true,true,676,525,1139,29,0,256,0.000430,0,stop,
20260903-1858-deepseek-v4-flash,deepseek-v4-flash,openai-compatible,deepseek-v4-flash,v2,f7bbdd5fe0812c4d,1c5c35327076c6b6,v2-case-007,supersession,,0,current_value,supersession,true,true,400,400,false,3,5,true,true,942,730,1108,38,0,256,0.000429,0,stop,
20260903-1858-deepseek-v4-flash,deepseek-v4-flash,openai-compatible,deepseek-v4-flash,v2,f7bbdd5fe0812c4d,1c5c35327076c6b6,v2-case-007,supersession,,1,value_on_date,asof,false,true,365,270,false,3,5,true,true,942,730,1108,38,0,256,0.000429,0,stop,
20260903-1858-deepseek-v4-flash,deepseek-v4-flash,openai-compatible,deepseek-v4-flash,v2,f7bbdd5fe0812c4d,1c5c35327076c6b6,v2-case-007,supersession,,2,set_by,entities,false,true,clara vogt,nadia oyelaran,false,3,5,true,true,942,730,1108,38,0,256,0.000429,0,stop,
20260903-1858-deepseek-v4-flash,deepseek-v4-flash,openai-compatible,deepseek-v4-flash,v2,f7bbdd5fe0812c4d,1c5c35327076c6b6,v2-case-007,supersession,,3,retention_scope,facts,true,true,audit records,audit records,false,3,5,true,true,942,730,1108,38,0,256,0.000429,0,stop,
20260903-1858-deepseek-v4-flash,deepseek-v4-flash,openai-compatible,deepseek-v4-flash,v2,f7bbdd5fe0812c4d,1c5c35327076c6b6,v2-case-007,supersession,,4,legal_hold_days,abstain,true,,,,false,3,5,true,true,942,730,1108,38,0,256,0.000429,0,stop,
20260903-1858-deepseek-v4-flash,deepseek-v4-flash,openai-compatible,deepseek-v4-flash,v2,f7bbdd5fe0812c4d,1c5c35327076c6b6,v2-case-008,supersession,,0,current_value,supersession,true,true,96,96,false,2,4,true,true,679,531,1254,28,0,256,0.000480,0,stop,
20260903-1858-deepseek-v4-flash,deepseek-v4-flash,openai-compatible,deepseek-v4-flash,v2,f7bbdd5fe0812c4d,1c5c35327076c6b6,v2-case-008,supersession,,1,value_on_date,asof,false,true,64,40,false,2,4,true,true,679,531,1254,28,0,256,0.000480,0,stop,
20260903-1858-deepseek-v4-flash,deepseek-v4-flash,openai-compatible,deepseek-v4-flash,v2,f7bbdd5fe0812c4d,1c5c35327076c6b6,v2-case-008,supersession,,2,set_by,entities,false,true,lukas fenn,aisha nkemelu,false,2,4,true,true,679,531,1254,28,0,256,0.000480,0,stop,
20260903-1858-deepseek-v4-flash,deepseek-v4-flash,openai-compatible,deepseek-v4-flash,v2,f7bbdd5fe0812c4d,1c5c35327076c6b6,v2-case-008,supersession,,3,upload_endpoint,facts,true,true,bundles,bundles,false,2,4,true,true,679,531,1254,28,0,256,0.000480,0,stop,
20260903-1858-deepseek-v4-flash,deepseek-v4-flash,openai-compatible,deepseek-v4-flash,v2,f7bbdd5fe0812c4d,1c5c35327076c6b6,v2-case-009,supersession,,0,current_value,supersession,true,true,24,24,false,2,5,true,true,842,548,1329,40,0,256,0.000529,0,stop,
20260903-1858-deepseek-v4-flash,deepseek-v4-flash,openai-compatible,deepseek-v4-flash,v2,f7bbdd5fe0812c4d,1c5c35327076c6b6,v2-case-009,supersession,,1,value_on_date,asof,false,true,16,12,false,2,5,true,true,842,548,1329,40,0,256,0.000529,0,stop,
20260903-1858-deepseek-v4-flash,deepseek-v4-flash,openai-compatible,deepseek-v4-flash,v2,f7bbdd5fe0812c4d,1c5c35327076c6b6,v2-case-009,supersession,,2,set_by,entities,false,true,ravi sundaram,lukas fenn,false,2,5,true,true,842,548,1329,40,0,256,0.000529,0,stop,
20260903-1858-deepseek-v4-flash,deepseek-v4-flash,openai-compatible,deepseek-v4-flash,v2,f7bbdd5fe0812c4d,1c5c35327076c6b6,v2-case-009,supersession,,3,chunk_transport,facts,false,true,http,plain http with a resume token,false,2,5,true,true,842,548,1329,40,0,256,0.000529,0,stop,
20260903-1858-deepseek-v4-flash,deepseek-v4-flash,openai-compatible,deepseek-v4-flash,v2,f7bbdd5fe0812c4d,1c5c35327076c6b6,v2-case-009,supersession,,4,chunk_count_limit,abstain,true,,,,false,2,5,true,true,842,548,1329,40,0,256,0.000529,0,stop,
20260903-1858-deepseek-v4-flash,deepseek-v4-flash,openai-compatible,deepseek-v4-flash,v2,f7bbdd5fe0812c4d,1c5c35327076c6b6,v2-twin-003,asof,v2-case-009,0,value_on_date,asof,false,true,16,12,false,0,1,true,true,883,785,1071,7,0,256,0.000371,0,stop,
20260903-1858-deepseek-v4-flash,deepseek-v4-flash,openai-compatible,deepseek-v4-flash,v2,f7bbdd5fe0812c4d,1c5c35327076c6b6,v2-case-010,supersession,,0,current_value,supersession,true,true,30,30,false,1,4,true,true,1114,896,1383,35,0,256,0.000546,0,stop,
20260903-1858-deepseek-v4-flash,deepseek-v4-flash,openai-compatible,deepseek-v4-flash,v2,f7bbdd5fe0812c4d,1c5c35327076c6b6,v2-case-010,supersession,,1,value_on_date,asof,false,true,60,120,false,1,4,true,true,1114,896,1383,35,0,256,0.000546,0,stop,
20260903-1858-deepseek-v4-flash,deepseek-v4-flash,openai-compatible,deepseek-v4-flash,v2,f7bbdd5fe0812c4d,1c5c35327076c6b6,v2-case-010,supersession,,2,set_by,entities,false,true,ravi menon,mei-ling chen,false,1,4,true,true,1114,896,1383,35,0,256,0.000546,0,stop,
20260903-1858-deepseek-v4-flash,deepseek-v4-flash,openai-compatible,deepseek-v4-flash,v2,f7bbdd5fe0812c4d,1c5c35327076c6b6,v2-case-010,supersession,,3,coverage_window,facts,false,true,business hours,business hours in the customer's own timezone,false,1,4,true,true,1114,896,1383,35,0,256,0.000546,0,stop,
20260903-1858-deepseek-v4-flash,deepseek-v4-flash,openai-compatible,deepseek-v4-flash,v2,f7bbdd5fe0812c4d,1c5c35327076c6b6,v2-case-011,facts,,0,start_utc,facts,false,false,15:20,,false,2,5,true,true,961,680,1484,53,0,256,0.000614,0,stop,
20260903-1858-deepseek-v4-flash,deepseek-v4-flash,openai-compatible,deepseek-v4-flash,v2,f7bbdd5fe0812c4d,1c5c35327076c6b6,v2-case-011,facts,,1,duration_minutes,conflict,false,false,72,95,false,2,5,true,true,961,680,1484,53,0,256,0.000614,0,stop,
20260903-1858-deepseek-v4-flash,deepseek-v4-flash,openai-compatible,deepseek-v4-flash,v2,f7bbdd5fe0812c4d,1c5c35327076c6b6,v2-case-011,facts,,2,root_cause_issue,join,false,true,wrn-204,policy cache stampede on cold start,false,2,5,true,true,961,680,1484,53,0,256,0.000614,0,stop,
20260903-1858-deepseek-v4-flash,deepseek-v4-flash,openai-compatible,deepseek-v4-flash,v2,f7bbdd5fe0812c4d,1c5c35327076c6b6,v2-case-011,facts,,3,regions_affected,exhaustive,true,true,"[""amsterdam"",""dublin"",""frankfurt""]","[""amsterdam"",""dublin"",""frankfurt""]",false,2,5,true,true,961,680,1484,53,0,256,0.000614,0,stop,
20260903-1858-deepseek-v4-flash,deepseek-v4-flash,openai-compatible,deepseek-v4-flash,v2,f7bbdd5fe0812c4d,1c5c35327076c6b6,v2-case-011,facts,,4,customer_credits_eur,abstain,true,,,,false,2,5,true,true,961,680,1484,53,0,256,0.000614,0,stop,
20260903-1858-deepseek-v4-flash,deepseek-v4-flash,openai-compatible,deepseek-v4-flash,v2,f7bbdd5fe0812c4d,1c5c35327076c6b6,v2-twin-004,join,v2-case-011,0,root_cause_issue,join,false,true,wrn-204,policy cache stampede on cold start,false,0,1,true,true,1011,865,1183,15,0,256,0.000431,0,stop,
20260903-1858-deepseek-v4-flash,deepseek-v4-flash,openai-compatible,deepseek-v4-flash,v2,f7bbdd5fe0812c4d,1c5c35327076c6b6,v2-case-012,facts,,0,start_utc,facts,false,false,08:05,,false,1,5,true,true,1275,925,1409,46,0,256,0.000572,0,stop,
20260903-1858-deepseek-v4-flash,deepseek-v4-flash,openai-compatible,deepseek-v4-flash,v2,f7bbdd5fe0812c4d,1c5c35327076c6b6,v2-case-012,facts,,1,duration_minutes,conflict,false,false,26,40,false,1,5,true,true,1275,925,1409,46,0,256,0.000572,0,stop,
20260903-1858-deepseek-v4-flash,deepseek-v4-flash,openai-compatible,deepseek-v4-flash,v2,f7bbdd5fe0812c4d,1c5c35327076c6b6,v2-case-012,facts,,2,root_cause_issue,join,false,true,wrn-207,relay reconnect storm after certificate reload,false,1,5,true,true,1275,925,1409,46,0,256,0.000572,0,stop,
20260903-1858-deepseek-v4-flash,deepseek-v4-flash,openai-compatible,deepseek-v4-flash,v2,f7bbdd5fe0812c4d,1c5c35327076c6b6,v2-case-012,facts,,3,regions_affected,exhaustive,false,false,"[""sydney"",""virginia""]","[""sydney""]",false,1,5,true,true,1275,925,1409,46,0,256,0.000572,0,stop,
20260903-1858-deepseek-v4-flash,deepseek-v4-flash,openai-compatible,deepseek-v4-flash,v2,f7bbdd5fe0812c4d,1c5c35327076c6b6,v2-case-012,facts,,4,customer_credits_eur,abstain,true,,,,false,1,5,true,true,1275,925,1409,46,0,256,0.000572,0,stop,
20260903-1858-deepseek-v4-flash,deepseek-v4-flash,openai-compatible,deepseek-v4-flash,v2,f7bbdd5fe0812c4d,1c5c35327076c6b6,v2-twin-005,exhaustive,v2-case-012,0,regions_affected,exhaustive,true,true,"[""sydney"",""virginia""]","[""sydney"",""virginia""]",true,1,1,true,true,784,589,1170,12,0,256,0.000422,0,stop,
20260903-1858-deepseek-v4-flash,deepseek-v4-flash,openai-compatible,deepseek-v4-flash,v2,f7bbdd5fe0812c4d,1c5c35327076c6b6,v2-case-013,facts,,0,start_utc,facts,false,false,20:40,,false,2,5,true,true,782,486,1492,50,0,256,0.000613,0,stop,
20260903-1858-deepseek-v4-flash,deepseek-v4-flash,openai-compatible,deepseek-v4-flash,v2,f7bbdd5fe0812c4d,1c5c35327076c6b6,v2-case-013,facts,,1,duration_minutes,conflict,false,false,118,150,false,2,5,true,true,782,486,1492,50,0,256,0.000613,0,stop,
20260903-1858-deepseek-v4-flash,deepseek-v4-flash,openai-compatible,deepseek-v4-flash,v2,f7bbdd5fe0812c4d,1c5c35327076c6b6,v2-case-013,facts,,2,root_cause_issue,join,false,true,wrn-211,audit writer blocked on replica lag,false,2,5,true,true,782,486,1492,50,0,256,0.000613,0,stop,
20260903-1858-deepseek-v4-flash,deepseek-v4-flash,openai-compatible,deepseek-v4-flash,v2,f7bbdd5fe0812c4d,1c5c35327076c6b6,v2-case-013,facts,,3,regions_affected,exhaustive,true,true,"[""amsterdam"",""frankfurt""]","[""amsterdam"",""frankfurt""]",false,2,5,true,true,782,486,1492,50,0,256,0.000613,0,stop,
20260903-1858-deepseek-v4-flash,deepseek-v4-flash,openai-compatible,deepseek-v4-flash,v2,f7bbdd5fe0812c4d,1c5c35327076c6b6,v2-case-013,facts,,4,customer_credits_eur,abstain,true,,,,false,2,5,true,true,782,486,1492,50,0,256,0.000613,0,stop,
20260903-1858-deepseek-v4-flash,deepseek-v4-flash,openai-compatible,deepseek-v4-flash,v2,f7bbdd5fe0812c4d,1c5c35327076c6b6,v2-case-014,facts,,0,start_utc,facts,false,false,12:15,,false,2,5,true,true,1118,830,1508,51,0,256,0.000622,0,stop,
20260903-1858-deepseek-v4-flash,deepseek-v4-flash,openai-compatible,deepseek-v4-flash,v2,f7bbdd5fe0812c4d,1c5c35327076c6b6,v2-case-014,facts,,1,duration_minutes,conflict,false,false,44,60,false,2,5,true,true,1118,830,1508,51,0,256,0.000622,0,stop,
20260903-1858-deepseek-v4-flash,deepseek-v4-flash,openai-compatible,deepseek-v4-flash,v2,f7bbdd5fe0812c4d,1c5c35327076c6b6,v2-case-014,facts,,2,root_cause_issue,join,false,true,wrn-215,token exchange timeout under bundle upload,false,2,5,true,true,1118,830,1508,51,0,256,0.000622,0,stop,
20260903-1858-deepseek-v4-flash,deepseek-v4-flash,openai-compatible,deepseek-v4-flash,v2,f7bbdd5fe0812c4d,1c5c35327076c6b6,v2-case-014,facts,,3,regions_affected,exhaustive,true,true,"[""amsterdam"",""dublin"",""virginia""]","[""amsterdam"",""dublin"",""virginia""]",false,2,5,true,true,1118,830,1508,51,0,256,0.000622,0,stop,
20260903-1858-deepseek-v4-flash,deepseek-v4-flash,openai-compatible,deepseek-v4-flash,v2,f7bbdd5fe0812c4d,1c5c35327076c6b6,v2-case-014,facts,,4,customer_credits_eur,abstain,true,,,,false,2,5,true,true,1118,830,1508,51,0,256,0.000622,0,stop,
20260903-1858-deepseek-v4-flash,deepseek-v4-flash,openai-compatible,deepseek-v4-flash,v2,f7bbdd5fe0812c4d,1c5c35327076c6b6,v2-case-015,facts,,0,start_utc,facts,false,false,05:50,,false,1,5,true,true,976,707,1431,46,0,256,0.000581,0,stop,
20260903-1858-deepseek-v4-flash,deepseek-v4-flash,openai-compatible,deepseek-v4-flash,v2,f7bbdd5fe0812c4d,1c5c35327076c6b6,v2-case-015,facts,,1,duration_minutes,conflict,false,false,133,,false,1,5,true,true,976,707,1431,46,0,256,0.000581,0,stop,
20260903-1858-deepseek-v4-flash,deepseek-v4-flash,openai-compatible,deepseek-v4-flash,v2,f7bbdd5fe0812c4d,1c5c35327076c6b6,v2-case-015,facts,,2,root_cause_issue,join,false,true,wrn-219,region router dropped the sydney health check,false,1,5,true,true,976,707,1431,46,0,256,0.000581,0,stop,
20260903-1858-deepseek-v4-flash,deepseek-v4-flash,openai-compatible,deepseek-v4-flash,v2,f7bbdd5fe0812c4d,1c5c35327076c6b6,v2-case-015,facts,,3,regions_affected,exhaustive,false,false,"[""sydney"",""virginia""]","[""sydney""]",false,1,5,true,true,976,707,1431,46,0,256,0.000581,0,stop,
20260903-1858-deepseek-v4-flash,deepseek-v4-flash,openai-compatible,deepseek-v4-flash,v2,f7bbdd5fe0812c4d,1c5c35327076c6b6,v2-case-015,facts,,4,customer_credits_eur,abstain,true,,,,false,1,5,true,true,976,707,1431,46,0,256,0.000581,0,stop,
20260903-1858-deepseek-v4-flash,deepseek-v4-flash,openai-compatible,deepseek-v4-flash,v2,f7bbdd5fe0812c4d,1c5c35327076c6b6,v2-twin-006,join,v2-case-015,0,root_cause_issue,join,false,true,wrn-219,region router dropped the sydney health check,false,0,1,true,true,697,525,1204,15,0,256,0.000441,0,stop,
20260903-1858-deepseek-v4-flash,deepseek-v4-flash,openai-compatible,deepseek-v4-flash,v2,f7bbdd5fe0812c4d,1c5c35327076c6b6,v2-case-016,facts,,0,start_utc,facts,false,false,16:25,,false,2,5,true,true,872,516,1427,51,0,256,0.000586,0,stop,
20260903-1858-deepseek-v4-flash,deepseek-v4-flash,openai-compatible,deepseek-v4-flash,v2,f7bbdd5fe0812c4d,1c5c35327076c6b6,v2-case-016,facts,,1,duration_minutes,conflict,false,false,21,30,false,2,5,true,true,872,516,1427,51,0,256,0.000586,0,stop,
20260903-1858-deepseek-v4-flash,deepseek-v4-flash,openai-compatible,deepseek-v4-flash,v2,f7bbdd5fe0812c4d,1c5c35327076c6b6,v2-case-016,facts,,2,root_cause_issue,join,false,true,wrn-223,rate limiter counted retries twice,false,2,5,true,true,872,516,1427,51,0,256,0.000586,0,stop,
20260903-1858-deepseek-v4-flash,deepseek-v4-flash,openai-compatible,deepseek-v4-flash,v2,f7bbdd5fe0812c4d,1c5c35327076c6b6,v2-case-016,facts,,3,regions_affected,exhaustive,true,true,"[""amsterdam"",""sao paulo""]","[""amsterdam"",""sao paulo""]",false,2,5,true,true,872,516,1427,51,0,256,0.000586,0,stop,
20260903-1858-deepseek-v4-flash,deepseek-v4-flash,openai-compatible,deepseek-v4-flash,v2,f7bbdd5fe0812c4d,1c5c35327076c6b6,v2-case-016,facts,,4,customer_credits_eur,abstain,true,,,,false,2,5,true,true,872,516,1427,51,0,256,0.000586,0,stop,
20260903-1858-deepseek-v4-flash,deepseek-v4-flash,openai-compatible,deepseek-v4-flash,v2,f7bbdd5fe0812c4d,1c5c35327076c6b6,v2-twin-007,exhaustive,v2-case-016,0,regions_affected,exhaustive,false,true,"[""amsterdam"",""sao paulo""]","[""sao paulo""]",false,0,1,true,true,923,701,1191,12,0,256,0.000431,0,stop,
20260903-1858-deepseek-v4-flash,deepseek-v4-flash,openai-compatible,deepseek-v4-flash,v2,f7bbdd5fe0812c4d,1c5c35327076c6b6,v2-case-017,facts,,0,start_utc,facts,false,false,09:10,,false,2,5,true,true,755,475,1346,49,0,256,0.000548,0,stop,
20260903-1858-deepseek-v4-flash,deepseek-v4-flash,openai-compatible,deepseek-v4-flash,v2,f7bbdd5fe0812c4d,1c5c35327076c6b6,v2-case-017,facts,,1,duration_minutes,conflict,false,false,57,85,false,2,5,true,true,755,475,1346,49,0,256,0.000548,0,stop,
20260903-1858-deepseek-v4-flash,deepseek-v4-flash,openai-compatible,deepseek-v4-flash,v2,f7bbdd5fe0812c4d,1c5c35327076c6b6,v2-case-017,facts,,2,root_cause_issue,join,false,true,wrn-227,bundle signer rejected the rotated key,false,2,5,true,true,755,475,1346,49,0,256,0.000548,0,stop,
20260903-1858-deepseek-v4-flash,deepseek-v4-flash,openai-compatible,deepseek-v4-flash,v2,f7bbdd5fe0812c4d,1c5c35327076c6b6,v2-case-017,facts,,3,regions_affected,exhaustive,true,true,"[""frankfurt"",""virginia""]","[""frankfurt"",""virginia""]",false,2,5,true,true,755,475,1346,49,0,256,0.000548,0,stop,
20260903-1858-deepseek-v4-flash,deepseek-v4-flash,openai-compatible,deepseek-v4-flash,v2,f7bbdd5fe0812c4d,1c5c35327076c6b6,v2-case-017,facts,,4,customer_credits_eur,abstain,true,,,,false,2,5,true,true,755,475,1346,49,0,256,0.000548,0,stop,
20260903-1858-deepseek-v4-flash,deepseek-v4-flash,openai-compatible,deepseek-v4-flash,v2,f7bbdd5fe0812c4d,1c5c35327076c6b6,v2-case-018,facts,,0,start_utc,facts,false,false,20:35,,false,2,5,true,true,734,453,1333,53,0,256,0.000547,0,stop,
20260903-1858-deepseek-v4-flash,deepseek-v4-flash,openai-compatible,deepseek-v4-flash,v2,f7bbdd5fe0812c4d,1c5c35327076c6b6,v2-case-018,facts,,1,duration_minutes,conflict,false,false,88,110,false,2,5,true,true,734,453,1333,53,0,256,0.000547,0,stop,
20260903-1858-deepseek-v4-flash,deepseek-v4-flash,openai-compatible,deepseek-v4-flash,v2,f7bbdd5fe0812c4d,1c5c35327076c6b6,v2-case-018,facts,,2,root_cause_issue,join,false,true,wrn-231,export queue backed up behind a poison message,false,2,5,true,true,734,453,1333,53,0,256,0.000547,0,stop,
20260903-1858-deepseek-v4-flash,deepseek-v4-flash,openai-compatible,deepseek-v4-flash,v2,f7bbdd5fe0812c4d,1c5c35327076c6b6,v2-case-018,facts,,3,regions_affected,exhaustive,true,true,"[""sao paulo"",""sydney"",""virginia""]","[""sao paulo"",""sydney"",""virginia""]",false,2,5,true,true,734,453,1333,53,0,256,0.000547,0,stop,
20260903-1858-deepseek-v4-flash,deepseek-v4-flash,openai-compatible,deepseek-v4-flash,v2,f7bbdd5fe0812c4d,1c5c35327076c6b6,v2-case-018,facts,,4,customer_credits_eur,abstain,true,,,,false,2,5,true,true,734,453,1333,53,0,256,0.000547,0,stop,
20260903-1858-deepseek-v4-flash,deepseek-v4-flash,openai-compatible,deepseek-v4-flash,v2,f7bbdd5fe0812c4d,1c5c35327076c6b6,v2-case-019,facts,,0,start_utc,facts,false,false,13:45,,false,2,5,true,true,823,728,1338,49,0,256,0.000544,0,stop,
20260903-1858-deepseek-v4-flash,deepseek-v4-flash,openai-compatible,deepseek-v4-flash,v2,f7bbdd5fe0812c4d,1c5c35327076c6b6,v2-case-019,facts,,1,duration_minutes,conflict,false,false,17,,false,2,5,true,true,823,728,1338,49,0,256,0.000544,0,stop,
20260903-1858-deepseek-v4-flash,deepseek-v4-flash,openai-compatible,deepseek-v4-flash,v2,f7bbdd5fe0812c4d,1c5c35327076c6b6,v2-case-019,facts,,2,root_cause_issue,join,false,true,wrn-235,relay config reload dropped open connections,false,2,5,true,true,823,728,1338,49,0,256,0.000544,0,stop,
20260903-1858-deepseek-v4-flash,deepseek-v4-flash,openai-compatible,deepseek-v4-flash,v2,f7bbdd5fe0812c4d,1c5c35327076c6b6,v2-case-019,facts,,3,regions_affected,exhaustive,true,true,"[""dublin"",""sydney""]","[""dublin"",""sydney""]",false,2,5,true,true,823,728,1338,49,0,256,0.000544,0,stop,
20260903-1858-deepseek-v4-flash,deepseek-v4-flash,openai-compatible,deepseek-v4-flash,v2,f7bbdd5fe0812c4d,1c5c35327076c6b6,v2-case-019,facts,,4,customer_credits_eur,abstain,true,,,,false,2,5,true,true,823,728,1338,49,0,256,0.000544,0,stop,
20260903-1858-deepseek-v4-flash,deepseek-v4-flash,openai-compatible,deepseek-v4-flash,v2,f7bbdd5fe0812c4d,1c5c35327076c6b6,v2-twin-008,join,v2-case-019,0,root_cause_issue,join,false,true,wrn-235,relay config reload dropped open connections,false,0,1,true,true,728,555,1105,15,0,256,0.000397,0,stop,
20260903-1858-deepseek-v4-flash,deepseek-v4-flash,openai-compatible,deepseek-v4-flash,v2,f7bbdd5fe0812c4d,1c5c35327076c6b6,v2-case-020,facts,,0,start_utc,facts,true,true,04:30,04:30,false,4,5,true,true,840,566,1416,58,0,256,0.000591,0,stop,
20260903-1858-deepseek-v4-flash,deepseek-v4-flash,openai-compatible,deepseek-v4-flash,v2,f7bbdd5fe0812c4d,1c5c35327076c6b6,v2-case-020,facts,,1,duration_minutes,conflict,true,true,142,142,false,4,5,true,true,840,566,1416,58,0,256,0.000591,0,stop,
20260903-1858-deepseek-v4-flash,deepseek-v4-flash,openai-compatible,deepseek-v4-flash,v2,f7bbdd5fe0812c4d,1c5c35327076c6b6,v2-case-020,facts,,2,root_cause_issue,join,false,true,wrn-239,residency router pinned the wrong tenant shard,false,4,5,true,true,840,566,1416,58,0,256,0.000591,0,stop,
20260903-1858-deepseek-v4-flash,deepseek-v4-flash,openai-compatible,deepseek-v4-flash,v2,f7bbdd5fe0812c4d,1c5c35327076c6b6,v2-case-020,facts,,3,regions_affected,exhaustive,true,true,"[""amsterdam"",""frankfurt"",""sao paulo""]","[""amsterdam"",""frankfurt"",""sao paulo""]",false,4,5,true,true,840,566,1416,58,0,256,0.000591,0,stop,
20260903-1858-deepseek-v4-flash,deepseek-v4-flash,openai-compatible,deepseek-v4-flash,v2,f7bbdd5fe0812c4d,1c5c35327076c6b6,v2-case-020,facts,,4,customer_credits_eur,abstain,true,,,,false,4,5,true,true,840,566,1416,58,0,256,0.000591,0,stop,
20260903-1858-deepseek-v4-flash,deepseek-v4-flash,openai-compatible,deepseek-v4-flash,v2,f7bbdd5fe0812c4d,1c5c35327076c6b6,v2-case-021,aggregation,,0,total_eur,aggregation,false,true,25000,20500,false,3,6,true,true,1375,984,1576,70,0,256,0.000677,0,stop,
20260903-1858-deepseek-v4-flash,deepseek-v4-flash,openai-compatible,deepseek-v4-flash,v2,f7bbdd5fe0812c4d,1c5c35327076c6b6,v2-case-021,aggregation,,1,term_months,conflict,true,true,12,12,false,3,6,true,true,1375,984,1576,70,0,256,0.000677,0,stop,
20260903-1858-deepseek-v4-flash,deepseek-v4-flash,openai-compatible,deepseek-v4-flash,v2,f7bbdd5fe0812c4d,1c5c35327076c6b6,v2-case-021,aggregation,,2,signed_by,entities,true,true,nadia oyelaran,nadia oyelaran,false,3,6,true,true,1375,984,1576,70,0,256,0.000677,0,stop,
20260903-1858-deepseek-v4-flash,deepseek-v4-flash,openai-compatible,deepseek-v4-flash,v2,f7bbdd5fe0812c4d,1c5c35327076c6b6,v2-case-021,aggregation,,3,renewal_date,supersession,false,false,2028-03-31,2028-01-31,false,3,6,true,true,1375,984,1576,70,0,256,0.000677,0,stop,
20260903-1858-deepseek-v4-flash,deepseek-v4-flash,openai-compatible,deepseek-v4-flash,v2,f7bbdd5fe0812c4d,1c5c35327076c6b6,v2-case-021,aggregation,,4,covered_services,exhaustive,false,true,"[""penetration test"",""readiness review""]","[""administration and reporting"",""penetration test"",""soc 2 type ii audit""]",false,3,6,true,true,1375,984,1576,70,0,256,0.000677,0,stop,
20260903-1858-deepseek-v4-flash,deepseek-v4-flash,openai-compatible,deepseek-v4-flash,v2,f7bbdd5fe0812c4d,1c5c35327076c6b6,v2-case-021,aggregation,,5,audit_fee_per_control_eur,abstain,true,,,,false,3,6,true,true,1375,984,1576,70,0,256,0.000677,0,stop,
20260903-1858-deepseek-v4-flash,deepseek-v4-flash,openai-compatible,deepseek-v4-flash,v2,f7bbdd5fe0812c4d,1c5c35327076c6b6,v2-twin-009,aggregation,v2-case-021,0,total_eur,aggregation,false,true,25000,,false,0,1,true,true,966,862,1401,7,0,256,0.000517,0,stop,
20260903-1858-deepseek-v4-flash,deepseek-v4-flash,openai-compatible,deepseek-v4-flash,v2,f7bbdd5fe0812c4d,1c5c35327076c6b6,v2-case-022,aggregation,,0,total_eur,aggregation,false,true,54500,45500,false,2,5,true,true,915,550,1573,50,0,256,0.000649,0,stop,
20260903-1858-deepseek-v4-flash,deepseek-v4-flash,openai-compatible,deepseek-v4-flash,v2,f7bbdd5fe0812c4d,1c5c35327076c6b6,v2-case-022,aggregation,,1,term_months,conflict,true,true,24,24,false,2,5,true,true,915,550,1573,50,0,256,0.000649,0,stop,
20260903-1858-deepseek-v4-flash,deepseek-v4-flash,openai-compatible,deepseek-v4-flash,v2,f7bbdd5fe0812c4d,1c5c35327076c6b6,v2-case-022,aggregation,,2,signed_by,entities,true,true,sofia brandt,sofia brandt,false,2,5,true,true,915,550,1573,50,0,256,0.000649,0,stop,
20260903-1858-deepseek-v4-flash,deepseek-v4-flash,openai-compatible,deepseek-v4-flash,v2,f7bbdd5fe0812c4d,1c5c35327076c6b6,v2-case-022,aggregation,,3,renewal_date,supersession,false,false,2028-05-15,2028-02-15,false,2,5,true,true,915,550,1573,50,0,256,0.000649,0,stop,
20260903-1858-deepseek-v4-flash,deepseek-v4-flash,openai-compatible,deepseek-v4-flash,v2,f7bbdd5fe0812c4d,1c5c35327076c6b6,v2-case-022,aggregation,,4,covered_services,exhaustive,false,true,"[""edge caching"",""log delivery""]","[""edge caching"",""image resizing"",""log delivery""]",false,2,5,true,true,915,550,1573,50,0,256,0.000649,0,stop,
20260903-1858-deepseek-v4-flash,deepseek-v4-flash,openai-compatible,deepseek-v4-flash,v2,f7bbdd5fe0812c4d,1c5c35327076c6b6,v2-case-023,aggregation,,0,total_eur,aggregation,false,true,15000,,false,4,6,true,true,1143,847,1601,51,0,256,0.000663,0,stop,
20260903-1858-deepseek-v4-flash,deepseek-v4-flash,openai-compatible,deepseek-v4-flash,v2,f7bbdd5fe0812c4d,1c5c35327076c6b6,v2-case-023,aggregation,,1,term_months,conflict,true,true,6,6,false,4,6,true,true,1143,847,1601,51,0,256,0.000663,0,stop,
20260903-1858-deepseek-v4-flash,deepseek-v4-flash,openai-compatible,deepseek-v4-flash,v2,f7bbdd5fe0812c4d,1c5c35327076c6b6,v2-case-023,aggregation,,2,signed_by,entities,true,true,tomas ruiz,tomas ruiz,false,4,6,true,true,1143,847,1601,51,0,256,0.000663,0,stop,
20260903-1858-deepseek-v4-flash,deepseek-v4-flash,openai-compatible,deepseek-v4-flash,v2,f7bbdd5fe0812c4d,1c5c35327076c6b6,v2-case-023,aggregation,,3,renewal_date,supersession,true,true,2028-01-15,2028-01-15,false,4,6,true,true,1143,847,1601,51,0,256,0.000663,0,stop,
20260903-1858-deepseek-v4-flash,deepseek-v4-flash,openai-compatible,deepseek-v4-flash,v2,f7bbdd5fe0812c4d,1c5c35327076c6b6,v2-case-023,aggregation,,4,covered_services,exhaustive,false,true,"[""report review"",""scripted runs""]","[""scripted runs""]",false,4,6,true,true,1143,847,1601,51,0,256,0.000663,0,stop,
20260903-1858-deepseek-v4-flash,deepseek-v4-flash,openai-compatible,deepseek-v4-flash,v2,f7bbdd5fe0812c4d,1c5c35327076c6b6,v2-case-023,aggregation,,5,overage_rate_eur,abstain,true,,,,false,4,6,true,true,1143,847,1601,51,0,256,0.000663,0,stop,
20260903-1858-deepseek-v4-flash,deepseek-v4-flash,openai-compatible,deepseek-v4-flash,v2,f7bbdd5fe0812c4d,1c5c35327076c6b6,v2-twin-010,exhaustive,v2-case-023,0,covered_services,exhaustive,false,true,"[""report review"",""scripted runs""]","[""scripted runs""]",false,0,1,true,true,759,591,1369,11,0,256,0.000508,0,stop,
20260903-1858-deepseek-v4-flash,deepseek-v4-flash,openai-compatible,deepseek-v4-flash,v2,f7bbdd5fe0812c4d,1c5c35327076c6b6,v2-case-024,aggregation,,0,total_eur,aggregation,true,true,117500,117500,false,5,6,true,true,1101,762,1582,62,0,256,0.000669,0,stop,
20260903-1858-deepseek-v4-flash,deepseek-v4-flash,openai-compatible,deepseek-v4-flash,v2,f7bbdd5fe0812c4d,1c5c35327076c6b6,v2-case-024,aggregation,,1,term_months,conflict,true,true,12,12,false,5,6,true,true,1101,762,1582,62,0,256,0.000669,0,stop,
20260903-1858-deepseek-v4-flash,deepseek-v4-flash,openai-compatible,deepseek-v4-flash,v2,f7bbdd5fe0812c4d,1c5c35327076c6b6,v2-case-024,aggregation,,2,signed_by,entities,true,true,sofia brandt,sofia brandt,false,5,6,true,true,1101,762,1582,62,0,256,0.000669,0,stop,
20260903-1858-deepseek-v4-flash,deepseek-v4-flash,openai-compatible,deepseek-v4-flash,v2,f7bbdd5fe0812c4d,1c5c35327076c6b6,v2-case-024,aggregation,,3,renewal_date,supersession,true,true,2028-07-01,2028-07-01,false,5,6,true,true,1101,762,1582,62,0,256,0.000669,0,stop,
20260903-1858-deepseek-v4-flash,deepseek-v4-flash,openai-compatible,deepseek-v4-flash,v2,f7bbdd5fe0812c4d,1c5c35327076c6b6,v2-case-024,aggregation,,4,covered_services,exhaustive,false,true,"[""reserved instances"",""support tier""]","[""administration and reporting"",""onboarding"",""reserved instances""]",false,5,6,true,true,1101,762,1582,62,0,256,0.000669,0,stop,
20260903-1858-deepseek-v4-flash,deepseek-v4-flash,openai-compatible,deepseek-v4-flash,v2,f7bbdd5fe0812c4d,1c5c35327076c6b6,v2-case-024,aggregation,,5,egress_price_per_tb_eur,abstain,true,,,,false,5,6,true,true,1101,762,1582,62,0,256,0.000669,0,stop,
20260903-1858-deepseek-v4-flash,deepseek-v4-flash,openai-compatible,deepseek-v4-flash,v2,f7bbdd5fe0812c4d,1c5c35327076c6b6,v2-case-025,aggregation,,0,total_eur,aggregation,true,true,20250,20250,false,4,5,true,true,864,634,1523,44,0,256,0.000619,0,stop,
20260903-1858-deepseek-v4-flash,deepseek-v4-flash,openai-compatible,deepseek-v4-flash,v2,f7bbdd5fe0812c4d,1c5c35327076c6b6,v2-case-025,aggregation,,1,term_months,conflict,true,true,12,12,false,4,5,true,true,864,634,1523,44,0,256,0.000619,0,stop,
20260903-1858-deepseek-v4-flash,deepseek-v4-flash,openai-compatible,deepseek-v4-flash,v2,f7bbdd5fe0812c4d,1c5c35327076c6b6,v2-case-025,aggregation,,2,signed_by,entities,true,true,viktor novak,viktor novak,false,4,5,true,true,864,634,1523,44,0,256,0.000619,0,stop,
20260903-1858-deepseek-v4-flash,deepseek-v4-flash,openai-compatible,deepseek-v4-flash,v2,f7bbdd5fe0812c4d,1c5c35327076c6b6,v2-case-025,aggregation,,3,renewal_date,supersession,true,true,2028-04-30,2028-04-30,false,4,5,true,true,864,634,1523,44,0,256,0.000619,0,stop,
20260903-1858-deepseek-v4-flash,deepseek-v4-flash,openai-compatible,deepseek-v4-flash,v2,f7bbdd5fe0812c4d,1c5c35327076c6b6,v2-case-025,aggregation,,4,covered_services,exhaustive,false,true,"[""event pipeline"",""export api""]","[""event pipeline""]",false,4,5,true,true,864,634,1523,44,0,256,0.000619,0,stop,
20260903-1858-deepseek-v4-flash,deepseek-v4-flash,openai-compatible,deepseek-v4-flash,v2,f7bbdd5fe0812c4d,1c5c35327076c6b6,v2-twin-011,aggregation,v2-case-025,0,total_eur,aggregation,false,true,20250,,false,0,1,true,true,636,534,1193,7,0,256,0.000425,0,stop,
20260903-1858-deepseek-v4-flash,deepseek-v4-flash,openai-compatible,deepseek-v4-flash,v2,f7bbdd5fe0812c4d,1c5c35327076c6b6,v2-case-026,aggregation,,0,total_eur,aggregation,true,true,45000,45000,false,5,6,true,true,761,510,1547,49,0,256,0.000636,0,stop,
20260903-1858-deepseek-v4-flash,deepseek-v4-flash,openai-compatible,deepseek-v4-flash,v2,f7bbdd5fe0812c4d,1c5c35327076c6b6,v2-case-026,aggregation,,1,term_months,conflict,true,true,6,6,false,5,6,true,true,761,510,1547,49,0,256,0.000636,0,stop,
20260903-1858-deepseek-v4-flash,deepseek-v4-flash,openai-compatible,deepseek-v4-flash,v2,f7bbdd5fe0812c4d,1c5c35327076c6b6,v2-case-026,aggregation,,2,signed_by,entities,true,true,rob feeney,rob feeney,false,5,6,true,true,761,510,1547,49,0,256,0.000636,0,stop,
20260903-1858-deepseek-v4-flash,deepseek-v4-flash,openai-compatible,deepseek-v4-flash,v2,f7bbdd5fe0812c4d,1c5c35327076c6b6,v2-case-026,aggregation,,3,renewal_date,supersession,true,true,2028-02-01,2028-02-01,false,5,6,true,true,761,510,1547,49,0,256,0.000636,0,stop,
20260903-1858-deepseek-v4-flash,deepseek-v4-flash,openai-compatible,deepseek-v4-flash,v2,f7bbdd5fe0812c4d,1c5c35327076c6b6,v2-case-026,aggregation,,4,covered_services,exhaustive,false,true,"[""external test"",""retest window""]","[""external test""]",false,5,6,true,true,761,510,1547,49,0,256,0.000636,0,stop,
20260903-1858-deepseek-v4-flash,deepseek-v4-flash,openai-compatible,deepseek-v4-flash,v2,f7bbdd5fe0812c4d,1c5c35327076c6b6,v2-case-026,aggregation,,5,finding_count,abstain,true,,,,false,5,6,true,true,761,510,1547,49,0,256,0.000636,0,stop,
20260903-1858-deepseek-v4-flash,deepseek-v4-flash,openai-compatible,deepseek-v4-flash,v2,f7bbdd5fe0812c4d,1c5c35327076c6b6,v2-case-027,aggregation,,0,total_eur,aggregation,false,true,70750,,false,4,6,true,true,1108,796,1588,56,0,256,0.000664,0,stop,
20260903-1858-deepseek-v4-flash,deepseek-v4-flash,openai-compatible,deepseek-v4-flash,v2,f7bbdd5fe0812c4d,1c5c35327076c6b6,v2-case-027,aggregation,,1,term_months,conflict,true,true,6,6,false,4,6,true,true,1108,796,1588,56,0,256,0.000664,0,stop,
20260903-1858-deepseek-v4-flash,deepseek-v4-flash,openai-compatible,deepseek-v4-flash,v2,f7bbdd5fe0812c4d,1c5c35327076c6b6,v2-case-027,aggregation,,2,signed_by,entities,true,true,mei-ling chen,mei-ling chen,false,4,6,true,true,1108,796,1588,56,0,256,0.000664,0,stop,
20260903-1858-deepseek-v4-flash,deepseek-v4-flash,openai-compatible,deepseek-v4-flash,v2,f7bbdd5fe0812c4d,1c5c35327076c6b6,v2-case-027,aggregation,,3,renewal_date,supersession,true,true,2028-03-31,2028-03-31,false,4,6,true,true,1108,796,1588,56,0,256,0.000664,0,stop,
20260903-1858-deepseek-v4-flash,deepseek-v4-flash,openai-compatible,deepseek-v4-flash,v2,f7bbdd5fe0812c4d,1c5c35327076c6b6,v2-case-027,aggregation,,4,covered_services,exhaustive,false,true,"[""escalation drills"",""overnight triage""]","[""administration and reporting"",""escalation drills""]",false,4,6,true,true,1108,796,1588,56,0,256,0.000664,0,stop,
20260903-1858-deepseek-v4-flash,deepseek-v4-flash,openai-compatible,deepseek-v4-flash,v2,f7bbdd5fe0812c4d,1c5c35327076c6b6,v2-case-027,aggregation,,5,agent_headcount,abstain,true,,,,false,4,6,true,true,1108,796,1588,56,0,256,0.000664,0,stop,
20260903-1858-deepseek-v4-flash,deepseek-v4-flash,openai-compatible,deepseek-v4-flash,v2,f7bbdd5fe0812c4d,1c5c35327076c6b6,v2-twin-012,exhaustive,v2-case-027,0,covered_services,exhaustive,false,true,"[""escalation drills"",""overnight triage""]","[""overnight triage"",""weekend cover""]",false,0,1,true,true,738,540,1477,17,0,256,0.000563,0,stop,
20260903-1858-deepseek-v4-flash,deepseek-v4-flash,openai-compatible,deepseek-v4-flash,v2,f7bbdd5fe0812c4d,1c5c35327076c6b6,v2-case-028,aggregation,,0,total_eur,aggregation,true,true,39000,39000,true,5,5,true,true,1085,868,1507,47,0,256,0.000616,0,stop,
20260903-1858-deepseek-v4-flash,deepseek-v4-flash,openai-compatible,deepseek-v4-flash,v2,f7bbdd5fe0812c4d,1c5c35327076c6b6,v2-case-028,aggregation,,1,term_months,conflict,true,true,18,18,true,5,5,true,true,1085,868,1507,47,0,256,0.000616,0,stop,
20260903-1858-deepseek-v4-flash,deepseek-v4-flash,openai-compatible,deepseek-v4-flash,v2,f7bbdd5fe0812c4d,1c5c35327076c6b6,v2-case-028,aggregation,,2,signed_by,entities,true,true,dan okonkwo,dan okonkwo,true,5,5,true,true,1085,868,1507,47,0,256,0.000616,0,stop,
20260903-1858-deepseek-v4-flash,deepseek-v4-flash,openai-compatible,deepseek-v4-flash,v2,f7bbdd5fe0812c4d,1c5c35327076c6b6,v2-case-028,aggregation,,3,renewal_date,supersession,true,true,2028-08-31,2028-08-31,true,5,5,true,true,1085,868,1507,47,0,256,0.000616,0,stop,
20260903-1858-deepseek-v4-flash,deepseek-v4-flash,openai-compatible,deepseek-v4-flash,v2,f7bbdd5fe0812c4d,1c5c35327076c6b6,v2-case-028,aggregation,,4,covered_services,exhaustive,true,true,"[""alert routing"",""span storage""]","[""alert routing"",""span storage""]",true,5,5,true,true,1085,868,1507,47,0,256,0.000616,0,stop,
20260903-1858-deepseek-v4-flash,deepseek-v4-flash,openai-compatible,deepseek-v4-flash,v2,f7bbdd5fe0812c4d,1c5c35327076c6b6,v2-case-029,join,,0,issue_id,join,true,true,wrn-201,wrn-201,false,5,6,true,true,725,481,1315,46,0,256,0.000530,0,stop,
20260903-1858-deepseek-v4-flash,deepseek-v4-flash,openai-compatible,deepseek-v4-flash,v2,f7bbdd5fe0812c4d,1c5c35327076c6b6,v2-case-029,join,,1,current_assignee,join,true,true,dan okonkwo,dan okonkwo,false,5,6,true,true,725,481,1315,46,0,256,0.000530,0,stop,
20260903-1858-deepseek-v4-flash,deepseek-v4-flash,openai-compatible,deepseek-v4-flash,v2,f7bbdd5fe0812c4d,1c5c35327076c6b6,v2-case-029,join,,2,labels,exhaustive,false,true,"[""api"",""residency""]","[""api"",""throughput""]",false,5,6,true,true,725,481,1315,46,0,256,0.000530,0,stop,
20260903-1858-deepseek-v4-flash,deepseek-v4-flash,openai-compatible,deepseek-v4-flash,v2,f7bbdd5fe0812c4d,1c5c35327076c6b6,v2-case-029,join,,3,priority_on_date,asof,true,true,medium,medium,false,5,6,true,true,725,481,1315,46,0,256,0.000530,0,stop,
20260903-1858-deepseek-v4-flash,deepseek-v4-flash,openai-compatible,deepseek-v4-flash,v2,f7bbdd5fe0812c4d,1c5c35327076c6b6,v2-case-029,join,,4,priority_now,supersession,true,true,high,high,false,5,6,true,true,725,481,1315,46,0,256,0.000530,0,stop,
20260903-1858-deepseek-v4-flash,deepseek-v4-flash,openai-compatible,deepseek-v4-flash,v2,f7bbdd5fe0812c4d,1c5c35327076c6b6,v2-case-029,join,,5,rollout_percentage,abstain,true,,,,false,5,6,true,true,725,481,1315,46,0,256,0.000530,0,stop,
20260903-1858-deepseek-v4-flash,deepseek-v4-flash,openai-compatible,deepseek-v4-flash,v2,f7bbdd5fe0812c4d,1c5c35327076c6b6,v2-twin-013,join,v2-case-029,0,current_assignee,join,false,true,dan okonkwo,priya raman,false,0,1,true,true,682,463,1108,10,0,256,0.000392,0,stop,
20260903-1858-deepseek-v4-flash,deepseek-v4-flash,openai-compatible,deepseek-v4-flash,v2,f7bbdd5fe0812c4d,1c5c35327076c6b6,v2-case-030,join,,0,issue_id,join,true,true,wrn-202,wrn-202,false,2,5,true,true,818,644,1256,39,0,256,0.000495,0,stop,
20260903-1858-deepseek-v4-flash,deepseek-v4-flash,openai-compatible,deepseek-v4-flash,v2,f7bbdd5fe0812c4d,1c5c35327076c6b6,v2-case-030,join,,1,current_assignee,join,false,true,aisha nkemelu,viktor novak,false,2,5,true,true,818,644,1256,39,0,256,0.000495,0,stop,
20260903-1858-deepseek-v4-flash,deepseek-v4-flash,openai-compatible,deepseek-v4-flash,v2,f7bbdd5fe0812c4d,1c5c35327076c6b6,v2-case-030,join,,2,labels,exhaustive,false,true,"[""audit"",""compliance""]","[""audit"",""security""]",false,2,5,true,true,818,644,1256,39,0,256,0.000495,0,stop,
20260903-1858-deepseek-v4-flash,deepseek-v4-flash,openai-compatible,deepseek-v4-flash,v2,f7bbdd5fe0812c4d,1c5c35327076c6b6,v2-case-030,join,,3,priority_on_date,asof,true,true,medium,medium,false,2,5,true,true,818,644,1256,39,0,256,0.000495,0,stop,
20260903-1858-deepseek-v4-flash,deepseek-v4-flash,openai-compatible,deepseek-v4-flash,v2,f7bbdd5fe0812c4d,1c5c35327076c6b6,v2-case-030,join,,4,priority_now,supersession,false,false,high,medium,false,2,5,true,true,818,644,1256,39,0,256,0.000495,0,stop,
20260903-1858-deepseek-v4-flash,deepseek-v4-flash,openai-compatible,deepseek-v4-flash,v2,f7bbdd5fe0812c4d,1c5c35327076c6b6,v2-case-031,join,,0,issue_id,join,true,true,wrn-203,wrn-203,false,3,6,true,true,1040,735,1273,47,0,256,0.000513,0,stop,
20260903-1858-deepseek-v4-flash,deepseek-v4-flash,openai-compatible,deepseek-v4-flash,v2,f7bbdd5fe0812c4d,1c5c35327076c6b6,v2-case-031,join,,1,current_assignee,join,false,true,ravi sundaram,lukas fenn,false,3,6,true,true,1040,735,1273,47,0,256,0.000513,0,stop,
20260903-1858-deepseek-v4-flash,deepseek-v4-flash,openai-compatible,deepseek-v4-flash,v2,f7bbdd5fe0812c4d,1c5c35327076c6b6,v2-case-031,join,,2,labels,exhaustive,false,true,"[""relay"",""urgent-fix""]","[""relay"",""reliability""]",false,3,6,true,true,1040,735,1273,47,0,256,0.000513,0,stop,
20260903-1858-deepseek-v4-flash,deepseek-v4-flash,openai-compatible,deepseek-v4-flash,v2,f7bbdd5fe0812c4d,1c5c35327076c6b6,v2-case-031,join,,3,priority_on_date,asof,true,true,medium,medium,false,3,6,true,true,1040,735,1273,47,0,256,0.000513,0,stop,
20260903-1858-deepseek-v4-flash,deepseek-v4-flash,openai-compatible,deepseek-v4-flash,v2,f7bbdd5fe0812c4d,1c5c35327076c6b6,v2-case-031,join,,4,priority_now,supersession,false,false,high,medium,false,3,6,true,true,1040,735,1273,47,0,256,0.000513,0,stop,
20260903-1858-deepseek-v4-flash,deepseek-v4-flash,openai-compatible,deepseek-v4-flash,v2,f7bbdd5fe0812c4d,1c5c35327076c6b6,v2-case-031,join,,5,branch_name,abstain,true,,,,false,3,6,true,true,1040,735,1273,47,0,256,0.000513,0,stop,
20260903-1858-deepseek-v4-flash,deepseek-v4-flash,openai-compatible,deepseek-v4-flash,v2,f7bbdd5fe0812c4d,1c5c35327076c6b6,v2-twin-014,exhaustive,v2-case-031,0,labels,exhaustive,false,true,"[""relay"",""urgent-fix""]","[""relay"",""reliability""]",false,0,1,true,true,911,882,1127,12,0,256,0.000403,0,stop,
20260903-1858-deepseek-v4-flash,deepseek-v4-flash,openai-compatible,deepseek-v4-flash,v2,f7bbdd5fe0812c4d,1c5c35327076c6b6,v2-case-032,join,,0,issue_id,join,true,true,wrn-205,wrn-205,false,2,5,true,true,851,719,1241,37,0,256,0.000486,0,stop,
20260903-1858-deepseek-v4-flash,deepseek-v4-flash,openai-compatible,deepseek-v4-flash,v2,f7bbdd5fe0812c4d,1c5c35327076c6b6,v2-case-032,join,,1,current_assignee,join,false,true,priya raman,hana sato,false,2,5,true,true,851,719,1241,37,0,256,0.000486,0,stop,
20260903-1858-deepseek-v4-flash,deepseek-v4-flash,openai-compatible,deepseek-v4-flash,v2,f7bbdd5fe0812c4d,1c5c35327076c6b6,v2-case-032,join,,2,labels,exhaustive,false,true,"[""launch"",""policy""]","[""policy"",""ux""]",false,2,5,true,true,851,719,1241,37,0,256,0.000486,0,stop,
20260903-1858-deepseek-v4-flash,deepseek-v4-flash,openai-compatible,deepseek-v4-flash,v2,f7bbdd5fe0812c4d,1c5c35327076c6b6,v2-case-032,join,,3,priority_on_date,asof,true,true,medium,medium,false,2,5,true,true,851,719,1241,37,0,256,0.000486,0,stop,
20260903-1858-deepseek-v4-flash,deepseek-v4-flash,openai-compatible,deepseek-v4-flash,v2,f7bbdd5fe0812c4d,1c5c35327076c6b6,v2-case-032,join,,4,priority_now,supersession,false,false,high,medium,false,2,5,true,true,851,719,1241,37,0,256,0.000486,0,stop,
20260903-1858-deepseek-v4-flash,deepseek-v4-flash,openai-compatible,deepseek-v4-flash,v2,f7bbdd5fe0812c4d,1c5c35327076c6b6,v2-case-033,join,,0,issue_id,join,true,true,wrn-206,wrn-206,false,3,6,true,true,940,586,1295,46,0,256,0.000521,0,stop,
20260903-1858-deepseek-v4-flash,deepseek-v4-flash,openai-compatible,deepseek-v4-flash,v2,f7bbdd5fe0812c4d,1c5c35327076c6b6,v2-case-033,join,,1,current_assignee,join,false,true,tomas ruiz,ravi sundaram,false,3,6,true,true,940,586,1295,46,0,256,0.000521,0,stop,
20260903-1858-deepseek-v4-flash,deepseek-v4-flash,openai-compatible,deepseek-v4-flash,v2,f7bbdd5fe0812c4d,1c5c35327076c6b6,v2-case-033,join,,2,labels,exhaustive,false,true,"[""infra"",""residency""]","[""infra"",""runbook""]",false,3,6,true,true,940,586,1295,46,0,256,0.000521,0,stop,
20260903-1858-deepseek-v4-flash,deepseek-v4-flash,openai-compatible,deepseek-v4-flash,v2,f7bbdd5fe0812c4d,1c5c35327076c6b6,v2-case-033,join,,3,priority_on_date,asof,true,true,medium,medium,false,3,6,true,true,940,586,1295,46,0,256,0.000521,0,stop,
20260903-1858-deepseek-v4-flash,deepseek-v4-flash,openai-compatible,deepseek-v4-flash,v2,f7bbdd5fe0812c4d,1c5c35327076c6b6,v2-case-033,join,,4,priority_now,supersession,false,false,high,medium,false,3,6,true,true,940,586,1295,46,0,256,0.000521,0,stop,
20260903-1858-deepseek-v4-flash,deepseek-v4-flash,openai-compatible,deepseek-v4-flash,v2,f7bbdd5fe0812c4d,1c5c35327076c6b6,v2-case-033,join,,5,shard_count,abstain,true,,,,false,3,6,true,true,940,586,1295,46,0,256,0.000521,0,stop,
20260903-1858-deepseek-v4-flash,deepseek-v4-flash,openai-compatible,deepseek-v4-flash,v2,f7bbdd5fe0812c4d,1c5c35327076c6b6,v2-case-034,join,,0,issue_id,join,true,true,wrn-208,wrn-208,false,2,5,true,true,1113,851,1255,40,0,256,0.000496,0,stop,
20260903-1858-deepseek-v4-flash,deepseek-v4-flash,openai-compatible,deepseek-v4-flash,v2,f7bbdd5fe0812c4d,1c5c35327076c6b6,v2-case-034,join,,1,current_assignee,join,false,true,viktor novak,aisha nkemelu,false,2,5,true,true,1113,851,1255,40,0,256,0.000496,0,stop,
20260903-1858-deepseek-v4-flash,deepseek-v4-flash,openai-compatible,deepseek-v4-flash,v2,f7bbdd5fe0812c4d,1c5c35327076c6b6,v2-case-034,join,,2,labels,exhaustive,false,true,"[""api"",""urgent-fix""]","[""api"",""audit""]",false,2,5,true,true,1113,851,1255,40,0,256,0.000496,0,stop,
20260903-1858-deepseek-v4-flash,deepseek-v4-flash,openai-compatible,deepseek-v4-flash,v2,f7bbdd5fe0812c4d,1c5c35327076c6b6,v2-case-034,join,,3,priority_on_date,asof,true,true,medium,medium,false,2,5,true,true,1113,851,1255,40,0,256,0.000496,0,stop,
20260903-1858-deepseek-v4-flash,deepseek-v4-flash,openai-compatible,deepseek-v4-flash,v2,f7bbdd5fe0812c4d,1c5c35327076c6b6,v2-case-034,join,,4,priority_now,supersession,false,false,high,medium,false,2,5,true,true,1113,851,1255,40,0,256,0.000496,0,stop,
20260903-1858-deepseek-v4-flash,deepseek-v4-flash,openai-compatible,deepseek-v4-flash,v2,f7bbdd5fe0812c4d,1c5c35327076c6b6,v2-twin-015,join,v2-case-034,0,current_assignee,join,false,true,viktor novak,aisha nkemelu,false,0,1,true,true,803,731,1055,12,0,256,0.000371,0,stop,
20260903-1858-deepseek-v4-flash,deepseek-v4-flash,openai-compatible,deepseek-v4-flash,v2,f7bbdd5fe0812c4d,1c5c35327076c6b6,v2-case-035,join,,0,issue_id,join,true,true,wrn-209,wrn-209,false,3,6,true,true,1056,778,1281,46,0,256,0.000515,0,stop,
20260903-1858-deepseek-v4-flash,deepseek-v4-flash,openai-compatible,deepseek-v4-flash,v2,f7bbdd5fe0812c4d,1c5c35327076c6b6,v2-case-035,join,,1,current_assignee,join,false,true,aisha nkemelu,dan okonkwo,false,3,6,true,true,1056,778,1281,46,0,256,0.000515,0,stop,
20260903-1858-deepseek-v4-flash,deepseek-v4-flash,openai-compatible,deepseek-v4-flash,v2,f7bbdd5fe0812c4d,1c5c35327076c6b6,v2-case-035,join,,2,labels,exhaustive,false,true,"[""launch"",""residency""]","[""enterprise"",""residency""]",false,3,6,true,true,1056,778,1281,46,0,256,0.000515,0,stop,
20260903-1858-deepseek-v4-flash,deepseek-v4-flash,openai-compatible,deepseek-v4-flash,v2,f7bbdd5fe0812c4d,1c5c35327076c6b6,v2-case-035,join,,3,priority_on_date,asof,true,true,medium,medium,false,3,6,true,true,1056,778,1281,46,0,256,0.000515,0,stop,
20260903-1858-deepseek-v4-flash,deepseek-v4-flash,openai-compatible,deepseek-v4-flash,v2,f7bbdd5fe0812c4d,1c5c35327076c6b6,v2-case-035,join,,4,priority_now,supersession,false,false,high,medium,false,3,6,true,true,1056,778,1281,46,0,256,0.000515,0,stop,
20260903-1858-deepseek-v4-flash,deepseek-v4-flash,openai-compatible,deepseek-v4-flash,v2,f7bbdd5fe0812c4d,1c5c35327076c6b6,v2-case-035,join,,5,estimate_days,abstain,true,,,,false,3,6,true,true,1056,778,1281,46,0,256,0.000515,0,stop,
20260903-1858-deepseek-v4-flash,deepseek-v4-flash,openai-compatible,deepseek-v4-flash,v2,f7bbdd5fe0812c4d,1c5c35327076c6b6,v2-case-036,join,,0,issue_id,join,true,true,wrn-210,wrn-210,false,2,5,true,true,760,523,1252,38,0,256,0.000492,0,stop,
20260903-1858-deepseek-v4-flash,deepseek-v4-flash,openai-compatible,deepseek-v4-flash,v2,f7bbdd5fe0812c4d,1c5c35327076c6b6,v2-case-036,join,,1,current_assignee,join,false,true,mei-ling chen,ravi menon,false,2,5,true,true,760,523,1252,38,0,256,0.000492,0,stop,
20260903-1858-deepseek-v4-flash,deepseek-v4-flash,openai-compatible,deepseek-v4-flash,v2,f7bbdd5fe0812c4d,1c5c35327076c6b6,v2-case-036,join,,2,labels,exhaustive,false,true,"[""pilot"",""support""]","[""process"",""support""]",false,2,5,true,true,760,523,1252,38,0,256,0.000492,0,stop,
20260903-1858-deepseek-v4-flash,deepseek-v4-flash,openai-compatible,deepseek-v4-flash,v2,f7bbdd5fe0812c4d,1c5c35327076c6b6,v2-case-036,join,,3,priority_on_date,asof,true,true,medium,medium,false,2,5,true,true,760,523,1252,38,0,256,0.000492,0,stop,
20260903-1858-deepseek-v4-flash,deepseek-v4-flash,openai-compatible,deepseek-v4-flash,v2,f7bbdd5fe0812c4d,1c5c35327076c6b6,v2-case-036,join,,4,priority_now,supersession,false,false,high,medium,false,2,5,true,true,760,523,1252,38,0,256,0.000492,0,stop,
20260903-1858-deepseek-v4-flash,deepseek-v4-flash,openai-compatible,deepseek-v4-flash,v2,f7bbdd5fe0812c4d,1c5c35327076c6b6,v2-case-037,join,,0,issue_id,join,true,true,wrn-212,wrn-212,false,3,6,true,true,1257,957,1264,45,0,256,0.000507,0,stop,
20260903-1858-deepseek-v4-flash,deepseek-v4-flash,openai-compatible,deepseek-v4-flash,v2,f7bbdd5fe0812c4d,1c5c35327076c6b6,v2-case-037,join,,1,current_assignee,join,false,true,nadia oyelaran,rob feeney,false,3,6,true,true,1257,957,1264,45,0,256,0.000507,0,stop,
20260903-1858-deepseek-v4-flash,deepseek-v4-flash,openai-compatible,deepseek-v4-flash,v2,f7bbdd5fe0812c4d,1c5c35327076c6b6,v2-case-037,join,,2,labels,exhaustive,false,true,"[""security"",""urgent-fix""]","[""audit"",""security""]",false,3,6,true,true,1257,957,1264,45,0,256,0.000507,0,stop,
20260903-1858-deepseek-v4-flash,deepseek-v4-flash,openai-compatible,deepseek-v4-flash,v2,f7bbdd5fe0812c4d,1c5c35327076c6b6,v2-case-037,join,,3,priority_on_date,asof,true,true,medium,medium,false,3,6,true,true,1257,957,1264,45,0,256,0.000507,0,stop,
20260903-1858-deepseek-v4-flash,deepseek-v4-flash,openai-compatible,deepseek-v4-flash,v2,f7bbdd5fe0812c4d,1c5c35327076c6b6,v2-case-037,join,,4,priority_now,supersession,false,false,high,medium,false,3,6,true,true,1257,957,1264,45,0,256,0.000507,0,stop,
20260903-1858-deepseek-v4-flash,deepseek-v4-flash,openai-compatible,deepseek-v4-flash,v2,f7bbdd5fe0812c4d,1c5c35327076c6b6,v2-case-037,join,,5,cve_id,abstain,true,,,,false,3,6,true,true,1257,957,1264,45,0,256,0.000507,0,stop,
20260903-1858-deepseek-v4-flash,deepseek-v4-flash,openai-compatible,deepseek-v4-flash,v2,f7bbdd5fe0812c4d,1c5c35327076c6b6,v2-twin-016,exhaustive,v2-case-037,0,labels,exhaustive,true,true,"[""security"",""urgent-fix""]","[""security"",""urgent-fix""]",true,1,1,true,true,1048,946,1098,12,0,256,0.000390,0,stop,
20260903-1858-deepseek-v4-flash,deepseek-v4-flash,openai-compatible,deepseek-v4-flash,v2,f7bbdd5fe0812c4d,1c5c35327076c6b6,v2-case-038,join,,0,issue_id,join,true,true,wrn-213,wrn-213,false,2,5,true,true,1122,891,1273,39,0,256,0.000503,0,stop,
20260903-1858-deepseek-v4-flash,deepseek-v4-flash,openai-compatible,deepseek-v4-flash,v2,f7bbdd5fe0812c4d,1c5c35327076c6b6,v2-case-038,join,,1,current_assignee,join,false,true,lukas fenn,hana sato,false,2,5,true,true,1122,891,1273,39,0,256,0.000503,0,stop,
20260903-1858-deepseek-v4-flash,deepseek-v4-flash,openai-compatible,deepseek-v4-flash,v2,f7bbdd5fe0812c4d,1c5c35327076c6b6,v2-case-038,join,,2,labels,exhaustive,false,true,"[""launch"",""observability""]","[""launch"",""relay""]",false,2,5,true,true,1122,891,1273,39,0,256,0.000503,0,stop,
20260903-1858-deepseek-v4-flash,deepseek-v4-flash,openai-compatible,deepseek-v4-flash,v2,f7bbdd5fe0812c4d,1c5c35327076c6b6,v2-case-038,join,,3,priority_on_date,asof,true,true,medium,medium,false,2,5,true,true,1122,891,1273,39,0,256,0.000503,0,stop,
20260903-1858-deepseek-v4-flash,deepseek-v4-flash,openai-compatible,deepseek-v4-flash,v2,f7bbdd5fe0812c4d,1c5c35327076c6b6,v2-case-038,join,,4,priority_now,supersession,false,false,high,medium,false,2,5,true,true,1122,891,1273,39,0,256,0.000503,0,stop,
20260903-1858-deepseek-v4-flash,deepseek-v4-flash,openai-compatible,deepseek-v4-flash,v2,f7bbdd5fe0812c4d,1c5c35327076c6b6,v2-case-039,join,,0,issue_id,join,true,true,wrn-214,wrn-214,false,5,6,true,true,1007,741,1299,47,0,256,0.000525,0,stop,
20260903-1858-deepseek-v4-flash,deepseek-v4-flash,openai-compatible,deepseek-v4-flash,v2,f7bbdd5fe0812c4d,1c5c35327076c6b6,v2-case-039,join,,1,current_assignee,join,true,true,priya raman,priya raman,false,5,6,true,true,1007,741,1299,47,0,256,0.000525,0,stop,
20260903-1858-deepseek-v4-flash,deepseek-v4-flash,openai-compatible,deepseek-v4-flash,v2,f7bbdd5fe0812c4d,1c5c35327076c6b6,v2-case-039,join,,2,labels,exhaustive,false,true,"[""residency"",""urgent-fix""]","[""reliability"",""residency""]",false,5,6,true,true,1007,741,1299,47,0,256,0.000525,0,stop,
20260903-1858-deepseek-v4-flash,deepseek-v4-flash,openai-compatible,deepseek-v4-flash,v2,f7bbdd5fe0812c4d,1c5c35327076c6b6,v2-case-039,join,,3,priority_on_date,asof,true,true,medium,medium,false,5,6,true,true,1007,741,1299,47,0,256,0.000525,0,stop,
20260903-1858-deepseek-v4-flash,deepseek-v4-flash,openai-compatible,deepseek-v4-flash,v2,f7bbdd5fe0812c4d,1c5c35327076c6b6,v2-case-039,join,,4,priority_now,supersession,true,true,high,high,false,5,6,true,true,1007,741,1299,47,0,256,0.000525,0,stop,
20260903-1858-deepseek-v4-flash,deepseek-v4-flash,openai-compatible,deepseek-v4-flash,v2,f7bbdd5fe0812c4d,1c5c35327076c6b6,v2-case-039,join,,5,budget_percentage,abstain,true,,,,false,5,6,true,true,1007,741,1299,47,0,256,0.000525,0,stop,
20260903-1858-deepseek-v4-flash,deepseek-v4-flash,openai-compatible,deepseek-v4-flash,v2,f7bbdd5fe0812c4d,1c5c35327076c6b6,v2-twin-017,join,v2-case-039,0,current_assignee,join,false,true,priya raman,tomas ruiz,false,0,1,true,true,1010,875,1261,10,0,256,0.000459,0,stop,
20260903-1858-deepseek-v4-flash,deepseek-v4-flash,openai-compatible,deepseek-v4-flash,v2,f7bbdd5fe0812c4d,1c5c35327076c6b6,v2-case-040,join,,0,issue_id,join,true,true,wrn-216,wrn-216,false,4,5,true,true,826,556,1285,40,0,256,0.000509,0,stop,
20260903-1858-deepseek-v4-flash,deepseek-v4-flash,openai-compatible,deepseek-v4-flash,v2,f7bbdd5fe0812c4d,1c5c35327076c6b6,v2-case-040,join,,1,current_assignee,join,true,true,hana sato,hana sato,false,4,5,true,true,826,556,1285,40,0,256,0.000509,0,stop,
20260903-1858-deepseek-v4-flash,deepseek-v4-flash,openai-compatible,deepseek-v4-flash,v2,f7bbdd5fe0812c4d,1c5c35327076c6b6,v2-case-040,join,,2,labels,exhaustive,false,true,"[""launch"",""residency""]","[""residency"",""self-serve""]",false,4,5,true,true,826,556,1285,40,0,256,0.000509,0,stop,
20260903-1858-deepseek-v4-flash,deepseek-v4-flash,openai-compatible,deepseek-v4-flash,v2,f7bbdd5fe0812c4d,1c5c35327076c6b6,v2-case-040,join,,3,priority_on_date,asof,true,true,medium,medium,false,4,5,true,true,826,556,1285,40,0,256,0.000509,0,stop,
20260903-1858-deepseek-v4-flash,deepseek-v4-flash,openai-compatible,deepseek-v4-flash,v2,f7bbdd5fe0812c4d,1c5c35327076c6b6,v2-case-040,join,,4,priority_now,supersession,true,true,high,high,false,4,5,true,true,826,556,1285,40,0,256,0.000509,0,stop,
20260903-1858-deepseek-v4-flash,deepseek-v4-flash,openai-compatible,deepseek-v4-flash,v2,f7bbdd5fe0812c4d,1c5c35327076c6b6,v2-case-041,exhaustive,,0,current_set,exhaustive,true,true,"[""amsterdam"",""frankfurt"",""sao paulo"",""sydney""]","[""amsterdam"",""frankfurt"",""sao paulo"",""sydney""]",false,5,6,true,true,894,581,1398,56,0,256,0.000580,0,stop,
20260903-1858-deepseek-v4-flash,deepseek-v4-flash,openai-compatible,deepseek-v4-flash,v2,f7bbdd5fe0812c4d,1c5c35327076c6b6,v2-case-041,exhaustive,,1,count_now,aggregation,true,true,4,4,false,5,6,true,true,894,581,1398,56,0,256,0.000580,0,stop,
20260903-1858-deepseek-v4-flash,deepseek-v4-flash,openai-compatible,deepseek-v4-flash,v2,f7bbdd5fe0812c4d,1c5c35327076c6b6,v2-case-041,exhaustive,,2,count_on_date,asof,false,true,4,3,false,5,6,true,true,894,581,1398,56,0,256,0.000580,0,stop,
20260903-1858-deepseek-v4-flash,deepseek-v4-flash,openai-compatible,deepseek-v4-flash,v2,f7bbdd5fe0812c4d,1c5c35327076c6b6,v2-case-041,exhaustive,,3,removed_entry,conflict,true,true,dublin,dublin,false,5,6,true,true,894,581,1398,56,0,256,0.000580,0,stop,
20260903-1858-deepseek-v4-flash,deepseek-v4-flash,openai-compatible,deepseek-v4-flash,v2,f7bbdd5fe0812c4d,1c5c35327076c6b6,v2-case-041,exhaustive,,4,last_addition_by,entities,true,true,elena marchetti,elena marchetti,false,5,6,true,true,894,581,1398,56,0,256,0.000580,0,stop,
20260903-1858-deepseek-v4-flash,deepseek-v4-flash,openai-compatible,deepseek-v4-flash,v2,f7bbdd5fe0812c4d,1c5c35327076c6b6,v2-case-041,exhaustive,,5,tokyo_launch_date,abstain,true,,,,false,5,6,true,true,894,581,1398,56,0,256,0.000580,0,stop,
20260903-1858-deepseek-v4-flash,deepseek-v4-flash,openai-compatible,deepseek-v4-flash,v2,f7bbdd5fe0812c4d,1c5c35327076c6b6,v2-twin-018,exhaustive,v2-case-041,0,current_set,exhaustive,true,true,"[""amsterdam"",""frankfurt"",""sao paulo"",""sydney""]","[""amsterdam"",""frankfurt"",""sao paulo"",""sydney""]",true,1,1,true,true,1237,1118,1093,18,0,256,0.000396,0,stop,
20260903-1858-deepseek-v4-flash,deepseek-v4-flash,openai-compatible,deepseek-v4-flash,v2,f7bbdd5fe0812c4d,1c5c35327076c6b6,v2-case-042,exhaustive,,0,current_set,exhaustive,true,true,"[""mutual tls"",""oidc"",""saml"",""workload identity""]","[""mutual tls"",""oidc"",""saml"",""workload identity""]",true,5,5,true,true,1100,903,1347,48,0,256,0.000547,0,stop,
20260903-1858-deepseek-v4-flash,deepseek-v4-flash,openai-compatible,deepseek-v4-flash,v2,f7bbdd5fe0812c4d,1c5c35327076c6b6,v2-case-042,exhaustive,,1,count_now,aggregation,true,true,4,4,true,5,5,true,true,1100,903,1347,48,0,256,0.000547,0,stop,
20260903-1858-deepseek-v4-flash,deepseek-v4-flash,openai-compatible,deepseek-v4-flash,v2,f7bbdd5fe0812c4d,1c5c35327076c6b6,v2-case-042,exhaustive,,2,count_on_date,asof,true,true,4,4,true,5,5,true,true,1100,903,1347,48,0,256,0.000547,0,stop,
20260903-1858-deepseek-v4-flash,deepseek-v4-flash,openai-compatible,deepseek-v4-flash,v2,f7bbdd5fe0812c4d,1c5c35327076c6b6,v2-case-042,exhaustive,,3,removed_entry,conflict,true,true,api key,api key,true,5,5,true,true,1100,903,1347,48,0,256,0.000547,0,stop,
20260903-1858-deepseek-v4-flash,deepseek-v4-flash,openai-compatible,deepseek-v4-flash,v2,f7bbdd5fe0812c4d,1c5c35327076c6b6,v2-case-042,exhaustive,,4,last_addition_by,entities,true,true,priya raman,priya raman,true,5,5,true,true,1100,903,1347,48,0,256,0.000547,0,stop,
20260903-1858-deepseek-v4-flash,deepseek-v4-flash,openai-compatible,deepseek-v4-flash,v2,f7bbdd5fe0812c4d,1c5c35327076c6b6,v2-case-043,exhaustive,,0,current_set,exhaustive,true,true,"[""go"",""java"",""rust"",""typescript""]","[""go"",""java"",""rust"",""typescript""]",false,5,6,true,true,1321,1018,1384,51,0,256,0.000567,0,stop,
20260903-1858-deepseek-v4-flash,deepseek-v4-flash,openai-compatible,deepseek-v4-flash,v2,f7bbdd5fe0812c4d,1c5c35327076c6b6,v2-case-043,exhaustive,,1,count_now,aggregation,true,true,4,4,false,5,6,true,true,1321,1018,1384,51,0,256,0.000567,0,stop,
20260903-1858-deepseek-v4-flash,deepseek-v4-flash,openai-compatible,deepseek-v4-flash,v2,f7bbdd5fe0812c4d,1c5c35327076c6b6,v2-case-043,exhaustive,,2,count_on_date,asof,false,true,4,3,false,5,6,true,true,1321,1018,1384,51,0,256,0.000567,0,stop,
20260903-1858-deepseek-v4-flash,deepseek-v4-flash,openai-compatible,deepseek-v4-flash,v2,f7bbdd5fe0812c4d,1c5c35327076c6b6,v2-case-043,exhaustive,,3,removed_entry,conflict,true,true,python,python,false,5,6,true,true,1321,1018,1384,51,0,256,0.000567,0,stop,
20260903-1858-deepseek-v4-flash,deepseek-v4-flash,openai-compatible,deepseek-v4-flash,v2,f7bbdd5fe0812c4d,1c5c35327076c6b6,v2-case-043,exhaustive,,4,last_addition_by,entities,true,true,dan okonkwo,dan okonkwo,false,5,6,true,true,1321,1018,1384,51,0,256,0.000567,0,stop,
20260903-1858-deepseek-v4-flash,deepseek-v4-flash,openai-compatible,deepseek-v4-flash,v2,f7bbdd5fe0812c4d,1c5c35327076c6b6,v2-case-043,exhaustive,,5,dotnet_sdk_date,abstain,true,,,,false,5,6,true,true,1321,1018,1384,51,0,256,0.000567,0,stop,
20260903-1858-deepseek-v4-flash,deepseek-v4-flash,openai-compatible,deepseek-v4-flash,v2,f7bbdd5fe0812c4d,1c5c35327076c6b6,v2-twin-019,asof,v2-case-043,0,count_on_date,asof,true,true,4,4,true,1,1,true,true,1173,1052,1236,7,0,256,0.000444,0,stop,
20260903-1858-deepseek-v4-flash,deepseek-v4-flash,openai-compatible,deepseek-v4-flash,v2,f7bbdd5fe0812c4d,1c5c35327076c6b6,v2-case-044,exhaustive,,0,current_set,exhaustive,true,true,"[""gdpr"",""hipaa"",""soc 2"",""tisax""]","[""gdpr"",""hipaa"",""soc 2"",""tisax""]",false,4,5,true,true,993,646,1355,50,0,256,0.000553,0,stop,
20260903-1858-deepseek-v4-flash,deepseek-v4-flash,openai-compatible,deepseek-v4-flash,v2,f7bbdd5fe0812c4d,1c5c35327076c6b6,v2-case-044,exhaustive,,1,count_now,aggregation,true,true,4,4,false,4,5,true,true,993,646,1355,50,0,256,0.000553,0,stop,
20260903-1858-deepseek-v4-flash,deepseek-v4-flash,openai-compatible,deepseek-v4-flash,v2,f7bbdd5fe0812c4d,1c5c35327076c6b6,v2-case-044,exhaustive,,2,count_on_date,asof,false,true,4,3,false,4,5,true,true,993,646,1355,50,0,256,0.000553,0,stop,
20260903-1858-deepseek-v4-flash,deepseek-v4-flash,openai-compatible,deepseek-v4-flash,v2,f7bbdd5fe0812c4d,1c5c35327076c6b6,v2-case-044,exhaustive,,3,removed_entry,conflict,true,true,iso 27001,iso 27001,false,4,5,true,true,993,646,1355,50,0,256,0.000553,0,stop,
20260903-1858-deepseek-v4-flash,deepseek-v4-flash,openai-compatible,deepseek-v4-flash,v2,f7bbdd5fe0812c4d,1c5c35327076c6b6,v2-case-044,exhaustive,,4,last_addition_by,entities,true,true,clara vogt,clara vogt,false,4,5,true,true,993,646,1355,50,0,256,0.000553,0,stop,
20260903-1858-deepseek-v4-flash,deepseek-v4-flash,openai-compatible,deepseek-v4-flash,v2,f7bbdd5fe0812c4d,1c5c35327076c6b6,v2-case-045,exhaustive,,0,current_set,exhaustive,true,true,"[""pagerduty"",""slack"",""sms"",""webhook""]","[""pagerduty"",""slack"",""sms"",""webhook""]",false,5,6,true,true,895,582,1388,56,0,256,0.000576,0,stop,
20260903-1858-deepseek-v4-flash,deepseek-v4-flash,openai-compatible,deepseek-v4-flash,v2,f7bbdd5fe0812c4d,1c5c35327076c6b6,v2-case-045,exhaustive,,1,count_now,aggregation,true,true,4,4,false,5,6,true,true,895,582,1388,56,0,256,0.000576,0,stop,
20260903-1858-deepseek-v4-flash,deepseek-v4-flash,openai-compatible,deepseek-v4-flash,v2,f7bbdd5fe0812c4d,1c5c35327076c6b6,v2-case-045,exhaustive,,2,count_on_date,asof,false,true,4,3,false,5,6,true,true,895,582,1388,56,0,256,0.000576,0,stop,
20260903-1858-deepseek-v4-flash,deepseek-v4-flash,openai-compatible,deepseek-v4-flash,v2,f7bbdd5fe0812c4d,1c5c35327076c6b6,v2-case-045,exhaustive,,3,removed_entry,conflict,true,true,email,email,false,5,6,true,true,895,582,1388,56,0,256,0.000576,0,stop,
20260903-1858-deepseek-v4-flash,deepseek-v4-flash,openai-compatible,deepseek-v4-flash,v2,f7bbdd5fe0812c4d,1c5c35327076c6b6,v2-case-045,exhaustive,,4,last_addition_by,entities,true,true,ravi sundaram,ravi sundaram,false,5,6,true,true,895,582,1388,56,0,256,0.000576,0,stop,
20260903-1858-deepseek-v4-flash,deepseek-v4-flash,openai-compatible,deepseek-v4-flash,v2,f7bbdd5fe0812c4d,1c5c35327076c6b6,v2-case-045,exhaustive,,5,webhook_retry_count,abstain,true,,,,false,5,6,true,true,895,582,1388,56,0,256,0.000576,0,stop,
20260903-1858-deepseek-v4-flash,deepseek-v4-flash,openai-compatible,deepseek-v4-flash,v2,f7bbdd5fe0812c4d,1c5c35327076c6b6,v2-twin-020,exhaustive,v2-case-045,0,current_set,exhaustive,true,true,"[""pagerduty"",""slack"",""sms"",""webhook""]","[""pagerduty"",""slack"",""sms"",""webhook""]",true,1,1,true,true,984,825,1271,20,0,256,0.000477,0,stop,
20260903-1858-deepseek-v4-flash,deepseek-v4-flash,openai-compatible,deepseek-v4-flash,v2,f7bbdd5fe0812c4d,1c5c35327076c6b6,v2-case-046,exhaustive,,0,current_set,exhaustive,true,true,"[""audit export"",""priority support"",""private link"",""region pinning""]","[""audit export"",""priority support"",""private link"",""region pinning""]",false,4,5,true,true,1258,770,1353,49,0,256,0.000551,0,stop,
20260903-1858-deepseek-v4-flash,deepseek-v4-flash,openai-compatible,deepseek-v4-flash,v2,f7bbdd5fe0812c4d,1c5c35327076c6b6,v2-case-046,exhaustive,,1,count_now,aggregation,true,true,4,4,false,4,5,true,true,1258,770,1353,49,0,256,0.000551,0,stop,
20260903-1858-deepseek-v4-flash,deepseek-v4-flash,openai-compatible,deepseek-v4-flash,v2,f7bbdd5fe0812c4d,1c5c35327076c6b6,v2-case-046,exhaustive,,2,count_on_date,asof,false,true,4,3,false,4,5,true,true,1258,770,1353,49,0,256,0.000551,0,stop,
20260903-1858-deepseek-v4-flash,deepseek-v4-flash,openai-compatible,deepseek-v4-flash,v2,f7bbdd5fe0812c4d,1c5c35327076c6b6,v2-case-046,exhaustive,,3,removed_entry,conflict,true,true,custom retention,custom retention,false,4,5,true,true,1258,770,1353,49,0,256,0.000551,0,stop,
20260903-1858-deepseek-v4-flash,deepseek-v4-flash,openai-compatible,deepseek-v4-flash,v2,f7bbdd5fe0812c4d,1c5c35327076c6b6,v2-case-046,exhaustive,,4,last_addition_by,entities,true,true,elena marchetti,elena marchetti,false,4,5,true,true,1258,770,1353,49,0,256,0.000551,0,stop,
20260903-1858-deepseek-v4-flash,deepseek-v4-flash,openai-compatible,deepseek-v4-flash,v2,f7bbdd5fe0812c4d,1c5c35327076c6b6,v2-case-047,exhaustive,,0,current_set,exhaustive,true,true,"[""aisha nkemelu"",""dan okonkwo"",""tomas ruiz"",""viktor novak""]","[""aisha nkemelu"",""dan okonkwo"",""tomas ruiz"",""viktor novak""]",false,5,6,true,true,1364,936,1412,62,0,256,0.000594,0,stop,
20260903-1858-deepseek-v4-flash,deepseek-v4-flash,openai-compatible,deepseek-v4-flash,v2,f7bbdd5fe0812c4d,1c5c35327076c6b6,v2-case-047,exhaustive,,1,count_now,aggregation,true,true,4,4,false,5,6,true,true,1364,936,1412,62,0,256,0.000594,0,stop,
20260903-1858-deepseek-v4-flash,deepseek-v4-flash,openai-compatible,deepseek-v4-flash,v2,f7bbdd5fe0812c4d,1c5c35327076c6b6,v2-case-047,exhaustive,,2,count_on_date,asof,false,true,4,3,false,5,6,true,true,1364,936,1412,62,0,256,0.000594,0,stop,
20260903-1858-deepseek-v4-flash,deepseek-v4-flash,openai-compatible,deepseek-v4-flash,v2,f7bbdd5fe0812c4d,1c5c35327076c6b6,v2-case-047,exhaustive,,3,removed_entry,conflict,true,true,priya raman,priya raman,false,5,6,true,true,1364,936,1412,62,0,256,0.000594,0,stop,
20260903-1858-deepseek-v4-flash,deepseek-v4-flash,openai-compatible,deepseek-v4-flash,v2,f7bbdd5fe0812c4d,1c5c35327076c6b6,v2-case-047,exhaustive,,4,last_addition_by,entities,true,true,tomas ruiz,tomas ruiz,false,5,6,true,true,1364,936,1412,62,0,256,0.000594,0,stop,
20260903-1858-deepseek-v4-flash,deepseek-v4-flash,openai-compatible,deepseek-v4-flash,v2,f7bbdd5fe0812c4d,1c5c35327076c6b6,v2-case-047,exhaustive,,5,weekend_rate_eur,abstain,true,,,,false,5,6,true,true,1364,936,1412,62,0,256,0.000594,0,stop,
20260903-1858-deepseek-v4-flash,deepseek-v4-flash,openai-compatible,deepseek-v4-flash,v2,f7bbdd5fe0812c4d,1c5c35327076c6b6,v2-twin-021,asof,v2-case-047,0,count_on_date,asof,true,true,4,4,true,1,1,true,true,914,704,1398,7,0,256,0.000515,0,stop,
20260903-1858-deepseek-v4-flash,deepseek-v4-flash,openai-compatible,deepseek-v4-flash,v2,f7bbdd5fe0812c4d,1c5c35327076c6b6,v2-case-048,exhaustive,,0,current_set,exhaustive,false,true,"[""load test"",""runbook review"",""status page copy"",""support training""]","[""load test"",""runbook review"",""support training""]",false,2,5,true,true,1020,699,1353,46,0,256,0.000547,0,stop,
20260903-1858-deepseek-v4-flash,deepseek-v4-flash,openai-compatible,deepseek-v4-flash,v2,f7bbdd5fe0812c4d,1c5c35327076c6b6,v2-case-048,exhaustive,,1,count_now,aggregation,false,true,4,3,false,2,5,true,true,1020,699,1353,46,0,256,0.000547,0,stop,
20260903-1858-deepseek-v4-flash,deepseek-v4-flash,openai-compatible,deepseek-v4-flash,v2,f7bbdd5fe0812c4d,1c5c35327076c6b6,v2-case-048,exhaustive,,2,count_on_date,asof,false,true,4,3,false,2,5,true,true,1020,699,1353,46,0,256,0.000547,0,stop,
20260903-1858-deepseek-v4-flash,deepseek-v4-flash,openai-compatible,deepseek-v4-flash,v2,f7bbdd5fe0812c4d,1c5c35327076c6b6,v2-case-048,exhaustive,,3,removed_entry,conflict,true,true,pricing page,pricing page,false,2,5,true,true,1020,699,1353,46,0,256,0.000547,0,stop,
20260903-1858-deepseek-v4-flash,deepseek-v4-flash,openai-compatible,deepseek-v4-flash,v2,f7bbdd5fe0812c4d,1c5c35327076c6b6,v2-case-048,exhaustive,,4,last_addition_by,entities,true,true,mei-ling chen,mei-ling chen,false,2,5,true,true,1020,699,1353,46,0,256,0.000547,0,stop,
20260903-1858-deepseek-v4-flash,deepseek-v4-flash,openai-compatible,deepseek-v4-flash,v2,f7bbdd5fe0812c4d,1c5c35327076c6b6,v2-case-049,exhaustive,,0,current_set,exhaustive,false,true,"[""meridian freight"",""northgate bank"",""sundara mobility"",""voss retail""]","[""meridian freight"",""northgate bank"",""voss retail""]",false,3,6,true,true,807,479,1400,57,0,256,0.000582,0,stop,
20260903-1858-deepseek-v4-flash,deepseek-v4-flash,openai-compatible,deepseek-v4-flash,v2,f7bbdd5fe0812c4d,1c5c35327076c6b6,v2-case-049,exhaustive,,1,count_now,aggregation,false,true,4,3,false,3,6,true,true,807,479,1400,57,0,256,0.000582,0,stop,
20260903-1858-deepseek-v4-flash,deepseek-v4-flash,openai-compatible,deepseek-v4-flash,v2,f7bbdd5fe0812c4d,1c5c35327076c6b6,v2-case-049,exhaustive,,2,count_on_date,asof,false,true,4,3,false,3,6,true,true,807,479,1400,57,0,256,0.000582,0,stop,
20260903-1858-deepseek-v4-flash,deepseek-v4-flash,openai-compatible,deepseek-v4-flash,v2,f7bbdd5fe0812c4d,1c5c35327076c6b6,v2-case-049,exhaustive,,3,removed_entry,conflict,true,true,calder health,calder health,false,3,6,true,true,807,479,1400,57,0,256,0.000582,0,stop,
20260903-1858-deepseek-v4-flash,deepseek-v4-flash,openai-compatible,deepseek-v4-flash,v2,f7bbdd5fe0812c4d,1c5c35327076c6b6,v2-case-049,exhaustive,,4,last_addition_by,entities,true,true,yusuf demir,yusuf demir,false,3,6,true,true,807,479,1400,57,0,256,0.000582,0,stop,
20260903-1858-deepseek-v4-flash,deepseek-v4-flash,openai-compatible,deepseek-v4-flash,v2,f7bbdd5fe0812c4d,1c5c35327076c6b6,v2-case-049,exhaustive,,5,partner_revenue_share,abstain,true,,,,false,3,6,true,true,807,479,1400,57,0,256,0.000582,0,stop,
20260903-1858-deepseek-v4-flash,deepseek-v4-flash,openai-compatible,deepseek-v4-flash,v2,f7bbdd5fe0812c4d,1c5c35327076c6b6,v2-twin-022,exhaustive,v2-case-049,0,current_set,exhaustive,true,true,"[""meridian freight"",""northgate bank"",""sundara mobility"",""voss retail""]","[""meridian freight"",""northgate bank"",""sundara mobility"",""voss retail""]",true,1,1,true,true,618,455,1283,24,0,256,0.000487,0,stop,
20260903-1858-deepseek-v4-flash,deepseek-v4-flash,openai-compatible,deepseek-v4-flash,v2,f7bbdd5fe0812c4d,1c5c35327076c6b6,v2-case-050,exhaustive,,0,current_set,exhaustive,true,true,"[""policy version"",""region"",""request id"",""tenant id""]","[""policy version"",""region"",""request id"",""tenant id""]",false,4,5,true,true,852,569,1308,45,0,256,0.000526,0,stop,
20260903-1858-deepseek-v4-flash,deepseek-v4-flash,openai-compatible,deepseek-v4-flash,v2,f7bbdd5fe0812c4d,1c5c35327076c6b6,v2-case-050,exhaustive,,1,count_now,aggregation,true,true,4,4,false,4,5,true,true,852,569,1308,45,0,256,0.000526,0,stop,
20260903-1858-deepseek-v4-flash,deepseek-v4-flash,openai-compatible,deepseek-v4-flash,v2,f7bbdd5fe0812c4d,1c5c35327076c6b6,v2-case-050,exhaustive,,2,count_on_date,asof,false,true,4,3,false,4,5,true,true,852,569,1308,45,0,256,0.000526,0,stop,
20260903-1858-deepseek-v4-flash,deepseek-v4-flash,openai-compatible,deepseek-v4-flash,v2,f7bbdd5fe0812c4d,1c5c35327076c6b6,v2-case-050,exhaustive,,3,removed_entry,conflict,true,true,actor,actor,false,4,5,true,true,852,569,1308,45,0,256,0.000526,0,stop,
20260903-1858-deepseek-v4-flash,deepseek-v4-flash,openai-compatible,deepseek-v4-flash,v2,f7bbdd5fe0812c4d,1c5c35327076c6b6,v2-case-050,exhaustive,,4,last_addition_by,entities,true,true,aisha nkemelu,aisha nkemelu,false,4,5,true,true,852,569,1308,45,0,256,0.000526,0,stop,
20260903-1858-deepseek-v4-flash,deepseek-v4-flash,openai-compatible,deepseek-v4-flash,v2,f7bbdd5fe0812c4d,1c5c35327076c6b6,v2-case-051,conflict,,0,going_ahead,conflict,true,true,false,false,true,6,6,true,true,800,524,1436,46,0,256,0.000584,0,stop,
20260903-1858-deepseek-v4-flash,deepseek-v4-flash,openai-compatible,deepseek-v4-flash,v2,f7bbdd5fe0812c4d,1c5c35327076c6b6,v2-case-051,conflict,,1,decided_value,conflict,true,true,40,40,true,6,6,true,true,800,524,1436,46,0,256,0.000584,0,stop,
20260903-1858-deepseek-v4-flash,deepseek-v4-flash,openai-compatible,deepseek-v4-flash,v2,f7bbdd5fe0812c4d,1c5c35327076c6b6,v2-case-051,conflict,,2,decided_by,entities,true,true,tomas ruiz,tomas ruiz,true,6,6,true,true,800,524,1436,46,0,256,0.000584,0,stop,
20260903-1858-deepseek-v4-flash,deepseek-v4-flash,openai-compatible,deepseek-v4-flash,v2,f7bbdd5fe0812c4d,1c5c35327076c6b6,v2-case-051,conflict,,3,effective_date,facts,true,true,2027-02-01,2027-02-01,true,6,6,true,true,800,524,1436,46,0,256,0.000584,0,stop,
20260903-1858-deepseek-v4-flash,deepseek-v4-flash,openai-compatible,deepseek-v4-flash,v2,f7bbdd5fe0812c4d,1c5c35327076c6b6,v2-case-051,conflict,,4,status_now,supersession,true,true,on hold,on hold,true,6,6,true,true,800,524,1436,46,0,256,0.000584,0,stop,
20260903-1858-deepseek-v4-flash,deepseek-v4-flash,openai-compatible,deepseek-v4-flash,v2,f7bbdd5fe0812c4d,1c5c35327076c6b6,v2-case-051,conflict,,5,drill_owner_backup,abstain,true,,,,true,6,6,true,true,800,524,1436,46,0,256,0.000584,0,stop,
20260903-1858-deepseek-v4-flash,deepseek-v4-flash,openai-compatible,deepseek-v4-flash,v2,f7bbdd5fe0812c4d,1c5c35327076c6b6,v2-case-052,conflict,,0,going_ahead,conflict,true,true,true,true,true,5,5,true,true,1013,792,1494,38,0,256,0.000598,0,stop,
20260903-1858-deepseek-v4-flash,deepseek-v4-flash,openai-compatible,deepseek-v4-flash,v2,f7bbdd5fe0812c4d,1c5c35327076c6b6,v2-case-052,conflict,,1,decided_value,conflict,true,true,64,64,true,5,5,true,true,1013,792,1494,38,0,256,0.000598,0,stop,
20260903-1858-deepseek-v4-flash,deepseek-v4-flash,openai-compatible,deepseek-v4-flash,v2,f7bbdd5fe0812c4d,1c5c35327076c6b6,v2-case-052,conflict,,2,decided_by,entities,true,true,elena marchetti,elena marchetti,true,5,5,true,true,1013,792,1494,38,0,256,0.000598,0,stop,
20260903-1858-deepseek-v4-flash,deepseek-v4-flash,openai-compatible,deepseek-v4-flash,v2,f7bbdd5fe0812c4d,1c5c35327076c6b6,v2-case-052,conflict,,3,effective_date,facts,true,true,2027-03-01,2027-03-01,true,5,5,true,true,1013,792,1494,38,0,256,0.000598,0,stop,
20260903-1858-deepseek-v4-flash,deepseek-v4-flash,openai-compatible,deepseek-v4-flash,v2,f7bbdd5fe0812c4d,1c5c35327076c6b6,v2-case-052,conflict,,4,status_now,supersession,true,true,approved,approved,true,5,5,true,true,1013,792,1494,38,0,256,0.000598,0,stop,
20260903-1858-deepseek-v4-flash,deepseek-v4-flash,openai-compatible,deepseek-v4-flash,v2,f7bbdd5fe0812c4d,1c5c35327076c6b6,v2-twin-023,conflict,v2-case-052,0,going_ahead,conflict,true,true,true,true,true,1,1,true,true,1166,1124,1380,7,0,256,0.000507,0,stop,
20260903-1858-deepseek-v4-flash,deepseek-v4-flash,openai-compatible,deepseek-v4-flash,v2,f7bbdd5fe0812c4d,1c5c35327076c6b6,v2-case-053,conflict,,0,going_ahead,conflict,true,true,false,false,true,6,6,true,true,930,680,1456,45,0,256,0.000591,0,stop,
20260903-1858-deepseek-v4-flash,deepseek-v4-flash,openai-compatible,deepseek-v4-flash,v2,f7bbdd5fe0812c4d,1c5c35327076c6b6,v2-case-053,conflict,,1,decided_value,conflict,true,true,6,6,true,6,6,true,true,930,680,1456,45,0,256,0.000591,0,stop,
20260903-1858-deepseek-v4-flash,deepseek-v4-flash,openai-compatible,deepseek-v4-flash,v2,f7bbdd5fe0812c4d,1c5c35327076c6b6,v2-case-053,conflict,,2,decided_by,entities,true,true,priya raman,priya raman,true,6,6,true,true,930,680,1456,45,0,256,0.000591,0,stop,
20260903-1858-deepseek-v4-flash,deepseek-v4-flash,openai-compatible,deepseek-v4-flash,v2,f7bbdd5fe0812c4d,1c5c35327076c6b6,v2-case-053,conflict,,3,effective_date,facts,true,true,2027-04-01,2027-04-01,true,6,6,true,true,930,680,1456,45,0,256,0.000591,0,stop,
20260903-1858-deepseek-v4-flash,deepseek-v4-flash,openai-compatible,deepseek-v4-flash,v2,f7bbdd5fe0812c4d,1c5c35327076c6b6,v2-case-053,conflict,,4,status_now,supersession,true,true,deferred,deferred,true,6,6,true,true,930,680,1456,45,0,256,0.000591,0,stop,
20260903-1858-deepseek-v4-flash,deepseek-v4-flash,openai-compatible,deepseek-v4-flash,v2,f7bbdd5fe0812c4d,1c5c35327076c6b6,v2-case-053,conflict,,5,legacy_shutdown_date,abstain,true,,,,true,6,6,true,true,930,680,1456,45,0,256,0.000591,0,stop,
20260903-1858-deepseek-v4-flash,deepseek-v4-flash,openai-compatible,deepseek-v4-flash,v2,f7bbdd5fe0812c4d,1c5c35327076c6b6,v2-case-054,conflict,,0,going_ahead,conflict,true,true,true,true,true,5,5,true,true,877,668,1400,37,0,256,0.000556,0,stop,
20260903-1858-deepseek-v4-flash,deepseek-v4-flash,openai-compatible,deepseek-v4-flash,v2,f7bbdd5fe0812c4d,1c5c35327076c6b6,v2-case-054,conflict,,1,decided_value,conflict,true,true,3,3,true,5,5,true,true,877,668,1400,37,0,256,0.000556,0,stop,
20260903-1858-deepseek-v4-flash,deepseek-v4-flash,openai-compatible,deepseek-v4-flash,v2,f7bbdd5fe0812c4d,1c5c35327076c6b6,v2-case-054,conflict,,2,decided_by,entities,true,true,hana sato,hana sato,true,5,5,true,true,877,668,1400,37,0,256,0.000556,0,stop,
20260903-1858-deepseek-v4-flash,deepseek-v4-flash,openai-compatible,deepseek-v4-flash,v2,f7bbdd5fe0812c4d,1c5c35327076c6b6,v2-case-054,conflict,,3,effective_date,facts,true,true,2027-03-15,2027-03-15,true,5,5,true,true,877,668,1400,37,0,256,0.000556,0,stop,
20260903-1858-deepseek-v4-flash,deepseek-v4-flash,openai-compatible,deepseek-v4-flash,v2,f7bbdd5fe0812c4d,1c5c35327076c6b6,v2-case-054,conflict,,4,status_now,supersession,true,true,in progress,in progress,true,5,5,true,true,877,668,1400,37,0,256,0.000556,0,stop,
20260903-1858-deepseek-v4-flash,deepseek-v4-flash,openai-compatible,deepseek-v4-flash,v2,f7bbdd5fe0812c4d,1c5c35327076c6b6,v2-twin-024,conflict,v2-case-054,0,decided_value,conflict,true,true,3,3,true,1,1,true,true,1140,1026,1279,7,0,256,0.000463,0,stop,
20260903-1858-deepseek-v4-flash,deepseek-v4-flash,openai-compatible,deepseek-v4-flash,v2,f7bbdd5fe0812c4d,1c5c35327076c6b6,v2-case-055,conflict,,0,going_ahead,conflict,true,true,false,false,true,6,6,true,true,871,689,1520,48,0,256,0.000623,0,stop,
20260903-1858-deepseek-v4-flash,deepseek-v4-flash,openai-compatible,deepseek-v4-flash,v2,f7bbdd5fe0812c4d,1c5c35327076c6b6,v2-case-055,conflict,,1,decided_value,conflict,true,true,4,4,true,6,6,true,true,871,689,1520,48,0,256,0.000623,0,stop,
20260903-1858-deepseek-v4-flash,deepseek-v4-flash,openai-compatible,deepseek-v4-flash,v2,f7bbdd5fe0812c4d,1c5c35327076c6b6,v2-case-055,conflict,,2,decided_by,entities,true,true,mei-ling chen,mei-ling chen,true,6,6,true,true,871,689,1520,48,0,256,0.000623,0,stop,
20260903-1858-deepseek-v4-flash,deepseek-v4-flash,openai-compatible,deepseek-v4-flash,v2,f7bbdd5fe0812c4d,1c5c35327076c6b6,v2-case-055,conflict,,3,effective_date,facts,true,true,2027-05-01,2027-05-01,true,6,6,true,true,871,689,1520,48,0,256,0.000623,0,stop,
20260903-1858-deepseek-v4-flash,deepseek-v4-flash,openai-compatible,deepseek-v4-flash,v2,f7bbdd5fe0812c4d,1c5c35327076c6b6,v2-case-055,conflict,,4,status_now,supersession,true,true,on hold,on hold,true,6,6,true,true,871,689,1520,48,0,256,0.000623,0,stop,
20260903-1858-deepseek-v4-flash,deepseek-v4-flash,openai-compatible,deepseek-v4-flash,v2,f7bbdd5fe0812c4d,1c5c35327076c6b6,v2-case-055,conflict,,5,pilot_stipend_eur,abstain,true,,,,true,6,6,true,true,871,689,1520,48,0,256,0.000623,0,stop,
20260903-1858-deepseek-v4-flash,deepseek-v4-flash,openai-compatible,deepseek-v4-flash,v2,f7bbdd5fe0812c4d,1c5c35327076c6b6,v2-case-056,conflict,,0,going_ahead,conflict,true,true,true,true,true,5,5,true,true,1020,745,1422,38,0,256,0.000567,0,stop,
20260903-1858-deepseek-v4-flash,deepseek-v4-flash,openai-compatible,deepseek-v4-flash,v2,f7bbdd5fe0812c4d,1c5c35327076c6b6,v2-case-056,conflict,,1,decided_value,conflict,true,true,7,7,true,5,5,true,true,1020,745,1422,38,0,256,0.000567,0,stop,
20260903-1858-deepseek-v4-flash,deepseek-v4-flash,openai-compatible,deepseek-v4-flash,v2,f7bbdd5fe0812c4d,1c5c35327076c6b6,v2-case-056,conflict,,2,decided_by,entities,true,true,elena marchetti,elena marchetti,true,5,5,true,true,1020,745,1422,38,0,256,0.000567,0,stop,
20260903-1858-deepseek-v4-flash,deepseek-v4-flash,openai-compatible,deepseek-v4-flash,v2,f7bbdd5fe0812c4d,1c5c35327076c6b6,v2-case-056,conflict,,3,effective_date,facts,true,true,2027-06-01,2027-06-01,true,5,5,true,true,1020,745,1422,38,0,256,0.000567,0,stop,
20260903-1858-deepseek-v4-flash,deepseek-v4-flash,openai-compatible,deepseek-v4-flash,v2,f7bbdd5fe0812c4d,1c5c35327076c6b6,v2-case-056,conflict,,4,status_now,supersession,true,true,approved,approved,true,5,5,true,true,1020,745,1422,38,0,256,0.000567,0,stop,
20260903-1858-deepseek-v4-flash,deepseek-v4-flash,openai-compatible,deepseek-v4-flash,v2,f7bbdd5fe0812c4d,1c5c35327076c6b6,v2-twin-025,conflict,v2-case-056,0,going_ahead,conflict,true,true,true,true,true,1,1,true,true,1045,856,1289,7,0,256,0.000467,0,stop,
20260903-1858-deepseek-v4-flash,deepseek-v4-flash,openai-compatible,deepseek-v4-flash,v2,f7bbdd5fe0812c4d,1c5c35327076c6b6,v2-case-057,conflict,,0,going_ahead,conflict,false,true,false,true,false,5,6,true,true,1048,822,1479,44,0,256,0.000600,0,stop,
20260903-1858-deepseek-v4-flash,deepseek-v4-flash,openai-compatible,deepseek-v4-flash,v2,f7bbdd5fe0812c4d,1c5c35327076c6b6,v2-case-057,conflict,,1,decided_value,conflict,true,true,120,120,false,5,6,true,true,1048,822,1479,44,0,256,0.000600,0,stop,
20260903-1858-deepseek-v4-flash,deepseek-v4-flash,openai-compatible,deepseek-v4-flash,v2,f7bbdd5fe0812c4d,1c5c35327076c6b6,v2-case-057,conflict,,2,decided_by,entities,true,true,priya raman,priya raman,false,5,6,true,true,1048,822,1479,44,0,256,0.000600,0,stop,
20260903-1858-deepseek-v4-flash,deepseek-v4-flash,openai-compatible,deepseek-v4-flash,v2,f7bbdd5fe0812c4d,1c5c35327076c6b6,v2-case-057,conflict,,3,effective_date,facts,true,true,2027-05-05,2027-05-05,false,5,6,true,true,1048,822,1479,44,0,256,0.000600,0,stop,
20260903-1858-deepseek-v4-flash,deepseek-v4-flash,openai-compatible,deepseek-v4-flash,v2,f7bbdd5fe0812c4d,1c5c35327076c6b6,v2-case-057,conflict,,4,status_now,supersession,true,true,closed beta,closed beta,false,5,6,true,true,1048,822,1479,44,0,256,0.000600,0,stop,
20260903-1858-deepseek-v4-flash,deepseek-v4-flash,openai-compatible,deepseek-v4-flash,v2,f7bbdd5fe0812c4d,1c5c35327076c6b6,v2-case-057,conflict,,5,beta_feedback_score,abstain,true,,,,false,5,6,true,true,1048,822,1479,44,0,256,0.000600,0,stop,
20260903-1858-deepseek-v4-flash,deepseek-v4-flash,openai-compatible,deepseek-v4-flash,v2,f7bbdd5fe0812c4d,1c5c35327076c6b6,v2-case-058,conflict,,0,going_ahead,conflict,true,true,true,true,true,5,5,true,true,790,574,1426,38,0,256,0.000569,0,stop,
20260903-1858-deepseek-v4-flash,deepseek-v4-flash,openai-compatible,deepseek-v4-flash,v2,f7bbdd5fe0812c4d,1c5c35327076c6b6,v2-case-058,conflict,,1,decided_value,conflict,true,true,90,90,true,5,5,true,true,790,574,1426,38,0,256,0.000569,0,stop,
20260903-1858-deepseek-v4-flash,deepseek-v4-flash,openai-compatible,deepseek-v4-flash,v2,f7bbdd5fe0812c4d,1c5c35327076c6b6,v2-case-058,conflict,,2,decided_by,entities,true,true,dan okonkwo,dan okonkwo,true,5,5,true,true,790,574,1426,38,0,256,0.000569,0,stop,
20260903-1858-deepseek-v4-flash,deepseek-v4-flash,openai-compatible,deepseek-v4-flash,v2,f7bbdd5fe0812c4d,1c5c35327076c6b6,v2-case-058,conflict,,3,effective_date,facts,true,true,2027-07-01,2027-07-01,true,5,5,true,true,790,574,1426,38,0,256,0.000569,0,stop,
20260903-1858-deepseek-v4-flash,deepseek-v4-flash,openai-compatible,deepseek-v4-flash,v2,f7bbdd5fe0812c4d,1c5c35327076c6b6,v2-case-058,conflict,,4,status_now,supersession,true,true,announced,announced,true,5,5,true,true,790,574,1426,38,0,256,0.000569,0,stop,
20260903-1858-deepseek-v4-flash,deepseek-v4-flash,openai-compatible,deepseek-v4-flash,v2,f7bbdd5fe0812c4d,1c5c35327076c6b6,v2-twin-026,conflict,v2-case-058,0,decided_value,conflict,true,true,90,90,true,1,1,true,true,924,815,1372,7,0,256,0.000504,0,stop,
20260903-1858-deepseek-v4-flash,deepseek-v4-flash,openai-compatible,deepseek-v4-flash,v2,f7bbdd5fe0812c4d,1c5c35327076c6b6,v2-case-059,conflict,,0,going_ahead,conflict,false,true,false,true,false,5,6,true,true,744,469,1416,46,0,256,0.000575,0,stop,
20260903-1858-deepseek-v4-flash,deepseek-v4-flash,openai-compatible,deepseek-v4-flash,v2,f7bbdd5fe0812c4d,1c5c35327076c6b6,v2-case-059,conflict,,1,decided_value,conflict,true,true,5000,5000,false,5,6,true,true,744,469,1416,46,0,256,0.000575,0,stop,
20260903-1858-deepseek-v4-flash,deepseek-v4-flash,openai-compatible,deepseek-v4-flash,v2,f7bbdd5fe0812c4d,1c5c35327076c6b6,v2-case-059,conflict,,2,decided_by,entities,true,true,rob feeney,rob feeney,false,5,6,true,true,744,469,1416,46,0,256,0.000575,0,stop,
20260903-1858-deepseek-v4-flash,deepseek-v4-flash,openai-compatible,deepseek-v4-flash,v2,f7bbdd5fe0812c4d,1c5c35327076c6b6,v2-case-059,conflict,,3,effective_date,facts,true,true,2027-06-15,2027-06-15,false,5,6,true,true,744,469,1416,46,0,256,0.000575,0,stop,
20260903-1858-deepseek-v4-flash,deepseek-v4-flash,openai-compatible,deepseek-v4-flash,v2,f7bbdd5fe0812c4d,1c5c35327076c6b6,v2-case-059,conflict,,4,status_now,supersession,true,true,private only,private only,false,5,6,true,true,744,469,1416,46,0,256,0.000575,0,stop,
20260903-1858-deepseek-v4-flash,deepseek-v4-flash,openai-compatible,deepseek-v4-flash,v2,f7bbdd5fe0812c4d,1c5c35327076c6b6,v2-case-059,conflict,,5,bounty_platform,abstain,true,,,,false,5,6,true,true,744,469,1416,46,0,256,0.000575,0,stop,
20260903-1858-deepseek-v4-flash,deepseek-v4-flash,openai-compatible,deepseek-v4-flash,v2,f7bbdd5fe0812c4d,1c5c35327076c6b6,v2-case-060,conflict,,0,going_ahead,conflict,true,true,true,true,true,5,5,true,true,867,681,1397,37,0,256,0.000554,0,stop,
20260903-1858-deepseek-v4-flash,deepseek-v4-flash,openai-compatible,deepseek-v4-flash,v2,f7bbdd5fe0812c4d,1c5c35327076c6b6,v2-case-060,conflict,,1,decided_value,conflict,true,true,500,500,true,5,5,true,true,867,681,1397,37,0,256,0.000554,0,stop,
20260903-1858-deepseek-v4-flash,deepseek-v4-flash,openai-compatible,deepseek-v4-flash,v2,f7bbdd5fe0812c4d,1c5c35327076c6b6,v2-case-060,conflict,,2,decided_by,entities,true,true,ana bertoli,ana bertoli,true,5,5,true,true,867,681,1397,37,0,256,0.000554,0,stop,
20260903-1858-deepseek-v4-flash,deepseek-v4-flash,openai-compatible,deepseek-v4-flash,v2,f7bbdd5fe0812c4d,1c5c35327076c6b6,v2-case-060,conflict,,3,effective_date,facts,true,true,2027-06-20,2027-06-20,true,5,5,true,true,867,681,1397,37,0,256,0.000554,0,stop,
20260903-1858-deepseek-v4-flash,deepseek-v4-flash,openai-compatible,deepseek-v4-flash,v2,f7bbdd5fe0812c4d,1c5c35327076c6b6,v2-case-060,conflict,,4,status_now,supersession,true,true,scheduled,scheduled,true,5,5,true,true,867,681,1397,37,0,256,0.000554,0,stop,
20260903-1858-deepseek-v4-flash,deepseek-v4-flash,openai-compatible,deepseek-v4-flash,v2,f7bbdd5fe0812c4d,1c5c35327076c6b6,v2-twin-027,conflict,v2-case-060,0,going_ahead,conflict,true,true,true,true,true,1,1,true,true,899,760,1317,7,0,256,0.000480,0,stop,
20260903-1858-deepseek-v4-flash,deepseek-v4-flash,openai-compatible,deepseek-v4-flash,v2,f7bbdd5fe0812c4d,1c5c35327076c6b6,v2-case-061,facts,,0,open_issues,facts,true,true,17,17,false,4,6,true,true,764,482,1850,49,0,256,0.000770,0,stop,
20260903-1858-deepseek-v4-flash,deepseek-v4-flash,openai-compatible,deepseek-v4-flash,v2,f7bbdd5fe0812c4d,1c5c35327076c6b6,v2-case-061,facts,,1,on_call,entities,true,true,priya raman,priya raman,false,4,6,true,true,764,482,1850,49,0,256,0.000770,0,stop,
20260903-1858-deepseek-v4-flash,deepseek-v4-flash,openai-compatible,deepseek-v4-flash,v2,f7bbdd5fe0812c4d,1c5c35327076c6b6,v2-case-061,facts,,2,deploys_three_weeks,aggregation,true,true,26,26,false,4,6,true,true,764,482,1850,49,0,256,0.000770,0,stop,
20260903-1858-deepseek-v4-flash,deepseek-v4-flash,openai-compatible,deepseek-v4-flash,v2,f7bbdd5fe0812c4d,1c5c35327076c6b6,v2-case-061,facts,,3,failing_checks_on_date,asof,false,true,10,,false,4,6,true,true,764,482,1850,49,0,256,0.000770,0,stop,
20260903-1858-deepseek-v4-flash,deepseek-v4-flash,openai-compatible,deepseek-v4-flash,v2,f7bbdd5fe0812c4d,1c5c35327076c6b6,v2-case-061,facts,,4,latest_open_issues,supersession,false,false,32,39,false,4,6,true,true,764,482,1850,49,0,256,0.000770,0,stop,
20260903-1858-deepseek-v4-flash,deepseek-v4-flash,openai-compatible,deepseek-v4-flash,v2,f7bbdd5fe0812c4d,1c5c35327076c6b6,v2-case-061,facts,,5,reverted_deploys,abstain,true,,,,false,4,6,true,true,764,482,1850,49,0,256,0.000770,0,stop,
20260903-1858-deepseek-v4-flash,deepseek-v4-flash,openai-compatible,deepseek-v4-flash,v2,f7bbdd5fe0812c4d,1c5c35327076c6b6,v2-twin-028,asof,v2-case-061,0,failing_checks_on_date,asof,false,false,10,,false,0,1,false,true,880,776,1699,10,0,256,0.000652,0,stop,
20260903-1858-deepseek-v4-flash,deepseek-v4-flash,openai-compatible,deepseek-v4-flash,v2,f7bbdd5fe0812c4d,1c5c35327076c6b6,v2-case-062,facts,,0,open_issues,facts,true,true,19,19,false,3,5,true,true,772,512,1820,42,0,256,0.000747,0,stop,
20260903-1858-deepseek-v4-flash,deepseek-v4-flash,openai-compatible,deepseek-v4-flash,v2,f7bbdd5fe0812c4d,1c5c35327076c6b6,v2-case-062,facts,,1,on_call,entities,true,true,dan okonkwo,dan okonkwo,false,3,5,true,true,772,512,1820,42,0,256,0.000747,0,stop,
20260903-1858-deepseek-v4-flash,deepseek-v4-flash,openai-compatible,deepseek-v4-flash,v2,f7bbdd5fe0812c4d,1c5c35327076c6b6,v2-case-062,facts,,2,deploys_three_weeks,aggregation,true,true,38,38,false,3,5,true,true,772,512,1820,42,0,256,0.000747,0,stop,
20260903-1858-deepseek-v4-flash,deepseek-v4-flash,openai-compatible,deepseek-v4-flash,v2,f7bbdd5fe0812c4d,1c5c35327076c6b6,v2-case-062,facts,,3,failing_checks_on_date,asof,false,true,8,,false,3,5,true,true,772,512,1820,42,0,256,0.000747,0,stop,
20260903-1858-deepseek-v4-flash,deepseek-v4-flash,openai-compatible,deepseek-v4-flash,v2,f7bbdd5fe0812c4d,1c5c35327076c6b6,v2-case-062,facts,,4,latest_open_issues,supersession,false,false,41,43,false,3,5,true,true,772,512,1820,42,0,256,0.000747,0,stop,
20260903-1858-deepseek-v4-flash,deepseek-v4-flash,openai-compatible,deepseek-v4-flash,v2,f7bbdd5fe0812c4d,1c5c35327076c6b6,v2-case-063,facts,,0,open_issues,facts,true,true,42,42,false,4,6,true,true,961,687,1860,49,0,256,0.000774,0,stop,
20260903-1858-deepseek-v4-flash,deepseek-v4-flash,openai-compatible,deepseek-v4-flash,v2,f7bbdd5fe0812c4d,1c5c35327076c6b6,v2-case-063,facts,,1,on_call,entities,true,true,tomas ruiz,tomas ruiz,false,4,6,true,true,961,687,1860,49,0,256,0.000774,0,stop,
20260903-1858-deepseek-v4-flash,deepseek-v4-flash,openai-compatible,deepseek-v4-flash,v2,f7bbdd5fe0812c4d,1c5c35327076c6b6,v2-case-063,facts,,2,deploys_three_weeks,aggregation,true,true,29,29,false,4,6,true,true,961,687,1860,49,0,256,0.000774,0,stop,
20260903-1858-deepseek-v4-flash,deepseek-v4-flash,openai-compatible,deepseek-v4-flash,v2,f7bbdd5fe0812c4d,1c5c35327076c6b6,v2-case-063,facts,,3,failing_checks_on_date,asof,false,true,9,,false,4,6,true,true,961,687,1860,49,0,256,0.000774,0,stop,
20260903-1858-deepseek-v4-flash,deepseek-v4-flash,openai-compatible,deepseek-v4-flash,v2,f7bbdd5fe0812c4d,1c5c35327076c6b6,v2-case-063,facts,,4,latest_open_issues,supersession,false,false,32,39,false,4,6,true,true,961,687,1860,49,0,256,0.000774,0,stop,
20260903-1858-deepseek-v4-flash,deepseek-v4-flash,openai-compatible,deepseek-v4-flash,v2,f7bbdd5fe0812c4d,1c5c35327076c6b6,v2-case-063,facts,,5,reverted_deploys,abstain,true,,,,false,4,6,true,true,961,687,1860,49,0,256,0.000774,0,stop,
20260903-1858-deepseek-v4-flash,deepseek-v4-flash,openai-compatible,deepseek-v4-flash,v2,f7bbdd5fe0812c4d,1c5c35327076c6b6,v2-twin-029,aggregation,v2-case-063,0,deploys_three_weeks,aggregation,true,true,29,29,true,1,1,true,true,773,653,1720,12,0,256,0.000664,0,stop,
20260903-1858-deepseek-v4-flash,deepseek-v4-flash,openai-compatible,deepseek-v4-flash,v2,f7bbdd5fe0812c4d,1c5c35327076c6b6,v2-case-064,facts,,0,open_issues,facts,true,true,15,15,false,3,5,true,true,732,518,1824,43,0,256,0.000750,0,stop,
20260903-1858-deepseek-v4-flash,deepseek-v4-flash,openai-compatible,deepseek-v4-flash,v2,f7bbdd5fe0812c4d,1c5c35327076c6b6,v2-case-064,facts,,1,on_call,entities,true,true,aisha nkemelu,aisha nkemelu,false,3,5,true,true,732,518,1824,43,0,256,0.000750,0,stop,
20260903-1858-deepseek-v4-flash,deepseek-v4-flash,openai-compatible,deepseek-v4-flash,v2,f7bbdd5fe0812c4d,1c5c35327076c6b6,v2-case-064,facts,,2,deploys_three_weeks,aggregation,true,true,29,29,false,3,5,true,true,732,518,1824,43,0,256,0.000750,0,stop,
20260903-1858-deepseek-v4-flash,deepseek-v4-flash,openai-compatible,deepseek-v4-flash,v2,f7bbdd5fe0812c4d,1c5c35327076c6b6,v2-case-064,facts,,3,failing_checks_on_date,asof,false,true,8,,false,3,5,true,true,732,518,1824,43,0,256,0.000750,0,stop,
20260903-1858-deepseek-v4-flash,deepseek-v4-flash,openai-compatible,deepseek-v4-flash,v2,f7bbdd5fe0812c4d,1c5c35327076c6b6,v2-case-064,facts,,4,latest_open_issues,supersession,false,false,41,32,false,3,5,true,true,732,518,1824,43,0,256,0.000750,0,stop,
20260903-1858-deepseek-v4-flash,deepseek-v4-flash,openai-compatible,deepseek-v4-flash,v2,f7bbdd5fe0812c4d,1c5c35327076c6b6,v2-case-065,facts,,0,open_issues,facts,true,true,13,13,false,4,6,true,true,838,473,1841,50,0,256,0.000767,0,stop,
20260903-1858-deepseek-v4-flash,deepseek-v4-flash,openai-compatible,deepseek-v4-flash,v2,f7bbdd5fe0812c4d,1c5c35327076c6b6,v2-case-065,facts,,1,on_call,entities,true,true,viktor novak,viktor novak,false,4,6,true,true,838,473,1841,50,0,256,0.000767,0,stop,
20260903-1858-deepseek-v4-flash,deepseek-v4-flash,openai-compatible,deepseek-v4-flash,v2,f7bbdd5fe0812c4d,1c5c35327076c6b6,v2-case-065,facts,,2,deploys_three_weeks,aggregation,true,true,39,39,false,4,6,true,true,838,473,1841,50,0,256,0.000767,0,stop,
20260903-1858-deepseek-v4-flash,deepseek-v4-flash,openai-compatible,deepseek-v4-flash,v2,f7bbdd5fe0812c4d,1c5c35327076c6b6,v2-case-065,facts,,3,failing_checks_on_date,asof,false,true,1,,false,4,6,true,true,838,473,1841,50,0,256,0.000767,0,stop,
20260903-1858-deepseek-v4-flash,deepseek-v4-flash,openai-compatible,deepseek-v4-flash,v2,f7bbdd5fe0812c4d,1c5c35327076c6b6,v2-case-065,facts,,4,latest_open_issues,supersession,false,false,32,10,false,4,6,true,true,838,473,1841,50,0,256,0.000767,0,stop,
20260903-1858-deepseek-v4-flash,deepseek-v4-flash,openai-compatible,deepseek-v4-flash,v2,f7bbdd5fe0812c4d,1c5c35327076c6b6,v2-case-065,facts,,5,reverted_deploys,abstain,true,,,,false,4,6,true,true,838,473,1841,50,0,256,0.000767,0,stop,
20260903-1858-deepseek-v4-flash,deepseek-v4-flash,openai-compatible,deepseek-v4-flash,v2,f7bbdd5fe0812c4d,1c5c35327076c6b6,v2-twin-030,asof,v2-case-065,0,failing_checks_on_date,asof,false,true,1,,false,0,1,true,true,953,737,1697,10,0,256,0.000651,0,stop,
20260903-1858-deepseek-v4-flash,deepseek-v4-flash,openai-compatible,deepseek-v4-flash,v2,f7bbdd5fe0812c4d,1c5c35327076c6b6,v2-case-066,facts,,0,open_issues,facts,true,true,41,41,false,3,5,true,true,1662,480,1831,42,0,1792,0.000098,1,stop,
20260903-1858-deepseek-v4-flash,deepseek-v4-flash,openai-compatible,deepseek-v4-flash,v2,f7bbdd5fe0812c4d,1c5c35327076c6b6,v2-case-066,facts,,1,on_call,entities,true,true,ravi sundaram,ravi sundaram,false,3,5,true,true,1662,480,1831,42,0,1792,0.000098,1,stop,
20260903-1858-deepseek-v4-flash,deepseek-v4-flash,openai-compatible,deepseek-v4-flash,v2,f7bbdd5fe0812c4d,1c5c35327076c6b6,v2-case-066,facts,,2,deploys_three_weeks,aggregation,true,true,17,17,false,3,5,true,true,1662,480,1831,42,0,1792,0.000098,1,stop,
20260903-1858-deepseek-v4-flash,deepseek-v4-flash,openai-compatible,deepseek-v4-flash,v2,f7bbdd5fe0812c4d,1c5c35327076c6b6,v2-case-066,facts,,3,failing_checks_on_date,asof,false,true,1,,false,3,5,true,true,1662,480,1831,42,0,1792,0.000098,1,stop,
20260903-1858-deepseek-v4-flash,deepseek-v4-flash,openai-compatible,deepseek-v4-flash,v2,f7bbdd5fe0812c4d,1c5c35327076c6b6,v2-case-066,facts,,4,latest_open_issues,supersession,false,false,41,34,false,3,5,true,true,1662,480,1831,42,0,1792,0.000098,1,stop,
20260903-1858-deepseek-v4-flash,deepseek-v4-flash,openai-compatible,deepseek-v4-flash,v2,f7bbdd5fe0812c4d,1c5c35327076c6b6,v2-case-067,facts,,0,open_issues,facts,true,true,10,10,false,5,6,true,true,866,593,1851,51,0,256,0.000773,0,stop,
20260903-1858-deepseek-v4-flash,deepseek-v4-flash,openai-compatible,deepseek-v4-flash,v2,f7bbdd5fe0812c4d,1c5c35327076c6b6,v2-case-067,facts,,1,on_call,entities,true,true,aisha nkemelu,aisha nkemelu,false,5,6,true,true,866,593,1851,51,0,256,0.000773,0,stop,
20260903-1858-deepseek-v4-flash,deepseek-v4-flash,openai-compatible,deepseek-v4-flash,v2,f7bbdd5fe0812c4d,1c5c35327076c6b6,v2-case-067,facts,,2,deploys_three_weeks,aggregation,true,true,43,43,false,5,6,true,true,866,593,1851,51,0,256,0.000773,0,stop,
20260903-1858-deepseek-v4-flash,deepseek-v4-flash,openai-compatible,deepseek-v4-flash,v2,f7bbdd5fe0812c4d,1c5c35327076c6b6,v2-case-067,facts,,3,failing_checks_on_date,asof,false,true,6,,false,5,6,true,true,866,593,1851,51,0,256,0.000773,0,stop,
20260903-1858-deepseek-v4-flash,deepseek-v4-flash,openai-compatible,deepseek-v4-flash,v2,f7bbdd5fe0812c4d,1c5c35327076c6b6,v2-case-067,facts,,4,latest_open_issues,supersession,true,true,32,32,false,5,6,true,true,866,593,1851,51,0,256,0.000773,0,stop,
20260903-1858-deepseek-v4-flash,deepseek-v4-flash,openai-compatible,deepseek-v4-flash,v2,f7bbdd5fe0812c4d,1c5c35327076c6b6,v2-case-067,facts,,5,reverted_deploys,abstain,true,,,,false,5,6,true,true,866,593,1851,51,0,256,0.000773,0,stop,
20260903-1858-deepseek-v4-flash,deepseek-v4-flash,openai-compatible,deepseek-v4-flash,v2,f7bbdd5fe0812c4d,1c5c35327076c6b6,v2-case-068,facts,,0,open_issues,facts,true,true,32,32,false,4,5,true,true,1076,843,1840,43,0,256,0.000757,0,stop,
20260903-1858-deepseek-v4-flash,deepseek-v4-flash,openai-compatible,deepseek-v4-flash,v2,f7bbdd5fe0812c4d,1c5c35327076c6b6,v2-case-068,facts,,1,on_call,entities,true,true,lukas fenn,lukas fenn,false,4,5,true,true,1076,843,1840,43,0,256,0.000757,0,stop,
20260903-1858-deepseek-v4-flash,deepseek-v4-flash,openai-compatible,deepseek-v4-flash,v2,f7bbdd5fe0812c4d,1c5c35327076c6b6,v2-case-068,facts,,2,deploys_three_weeks,aggregation,true,true,31,31,false,4,5,true,true,1076,843,1840,43,0,256,0.000757,0,stop,
20260903-1858-deepseek-v4-flash,deepseek-v4-flash,openai-compatible,deepseek-v4-flash,v2,f7bbdd5fe0812c4d,1c5c35327076c6b6,v2-case-068,facts,,3,failing_checks_on_date,asof,false,true,0,,false,4,5,true,true,1076,843,1840,43,0,256,0.000757,0,stop,
20260903-1858-deepseek-v4-flash,deepseek-v4-flash,openai-compatible,deepseek-v4-flash,v2,f7bbdd5fe0812c4d,1c5c35327076c6b6,v2-case-068,facts,,4,latest_open_issues,supersession,true,true,41,41,false,4,5,true,true,1076,843,1840,43,0,256,0.000757,0,stop,
20260903-1858-deepseek-v4-flash,deepseek-v4-flash,openai-compatible,deepseek-v4-flash,v2,f7bbdd5fe0812c4d,1c5c35327076c6b6,v2-case-069,facts,,0,open_issues,facts,true,true,43,43,false,4,6,true,true,785,470,1870,49,0,256,0.000778,0,stop,
20260903-1858-deepseek-v4-flash,deepseek-v4-flash,openai-compatible,deepseek-v4-flash,v2,f7bbdd5fe0812c4d,1c5c35327076c6b6,v2-case-069,facts,,1,on_call,entities,true,true,priya raman,priya raman,false,4,6,true,true,785,470,1870,49,0,256,0.000778,0,stop,
20260903-1858-deepseek-v4-flash,deepseek-v4-flash,openai-compatible,deepseek-v4-flash,v2,f7bbdd5fe0812c4d,1c5c35327076c6b6,v2-case-069,facts,,2,deploys_three_weeks,aggregation,false,true,22,25,false,4,6,true,true,785,470,1870,49,0,256,0.000778,0,stop,
20260903-1858-deepseek-v4-flash,deepseek-v4-flash,openai-compatible,deepseek-v4-flash,v2,f7bbdd5fe0812c4d,1c5c35327076c6b6,v2-case-069,facts,,3,failing_checks_on_date,asof,false,true,5,,false,4,6,true,true,785,470,1870,49,0,256,0.000778,0,stop,
20260903-1858-deepseek-v4-flash,deepseek-v4-flash,openai-compatible,deepseek-v4-flash,v2,f7bbdd5fe0812c4d,1c5c35327076c6b6,v2-case-069,facts,,4,latest_open_issues,supersession,true,true,32,32,false,4,6,true,true,785,470,1870,49,0,256,0.000778,0,stop,
20260903-1858-deepseek-v4-flash,deepseek-v4-flash,openai-compatible,deepseek-v4-flash,v2,f7bbdd5fe0812c4d,1c5c35327076c6b6,v2-case-069,facts,,5,reverted_deploys,abstain,true,,,,false,4,6,true,true,785,470,1870,49,0,256,0.000778,0,stop,
20260903-1858-deepseek-v4-flash,deepseek-v4-flash,openai-compatible,deepseek-v4-flash,v2,f7bbdd5fe0812c4d,1c5c35327076c6b6,v2-twin-031,asof,v2-case-069,0,failing_checks_on_date,asof,false,true,5,,false,0,1,true,true,1044,943,1693,10,0,256,0.000649,0,stop,
20260903-1858-deepseek-v4-flash,deepseek-v4-flash,openai-compatible,deepseek-v4-flash,v2,f7bbdd5fe0812c4d,1c5c35327076c6b6,v2-case-070,facts,,0,open_issues,facts,true,true,32,32,false,4,5,true,true,1090,935,1852,42,0,256,0.000761,0,stop,
20260903-1858-deepseek-v4-flash,deepseek-v4-flash,openai-compatible,deepseek-v4-flash,v2,f7bbdd5fe0812c4d,1c5c35327076c6b6,v2-case-070,facts,,1,on_call,entities,true,true,dan okonkwo,dan okonkwo,false,4,5,true,true,1090,935,1852,42,0,256,0.000761,0,stop,
20260903-1858-deepseek-v4-flash,deepseek-v4-flash,openai-compatible,deepseek-v4-flash,v2,f7bbdd5fe0812c4d,1c5c35327076c6b6,v2-case-070,facts,,2,deploys_three_weeks,aggregation,true,true,26,26,false,4,5,true,true,1090,935,1852,42,0,256,0.000761,0,stop,
20260903-1858-deepseek-v4-flash,deepseek-v4-flash,openai-compatible,deepseek-v4-flash,v2,f7bbdd5fe0812c4d,1c5c35327076c6b6,v2-case-070,facts,,3,failing_checks_on_date,asof,false,true,1,,false,4,5,true,true,1090,935,1852,42,0,256,0.000761,0,stop,
20260903-1858-deepseek-v4-flash,deepseek-v4-flash,openai-compatible,deepseek-v4-flash,v2,f7bbdd5fe0812c4d,1c5c35327076c6b6,v2-case-070,facts,,4,latest_open_issues,supersession,true,true,41,41,false,4,5,true,true,1090,935,1852,42,0,256,0.000761,0,stop,
20260903-1858-deepseek-v4-flash,deepseek-v4-flash,openai-compatible,deepseek-v4-flash,v2,f7bbdd5fe0812c4d,1c5c35327076c6b6,v2-case-071,join,,0,agreed_value,join,true,true,3,3,false,2,3,true,true,638,443,1441,23,0,256,0.000555,0,stop,
20260903-1858-deepseek-v4-flash,deepseek-v4-flash,openai-compatible,deepseek-v4-flash,v2,f7bbdd5fe0812c4d,1c5c35327076c6b6,v2-case-071,join,,1,agreed_by,entities,false,false,priya raman,tomas ruiz,false,2,3,true,true,638,443,1441,23,0,256,0.000555,0,stop,
20260903-1858-deepseek-v4-flash,deepseek-v4-flash,openai-compatible,deepseek-v4-flash,v2,f7bbdd5fe0812c4d,1c5c35327076c6b6,v2-case-071,join,,2,retry_jitter_ms,abstain,true,,,,false,2,3,true,true,638,443,1441,23,0,256,0.000555,0,stop,
20260903-1858-deepseek-v4-flash,deepseek-v4-flash,openai-compatible,deepseek-v4-flash,v2,f7bbdd5fe0812c4d,1c5c35327076c6b6,v2-twin-032,join,v2-case-071,0,agreed_value,join,true,true,3,3,true,1,1,true,true,648,508,1393,7,0,256,0.000513,0,stop,
20260903-1858-deepseek-v4-flash,deepseek-v4-flash,openai-compatible,deepseek-v4-flash,v2,f7bbdd5fe0812c4d,1c5c35327076c6b6,v2-case-072,join,,0,agreed_value,join,true,true,45,45,false,2,3,true,true,654,477,1383,23,0,256,0.000530,0,stop,
20260903-1858-deepseek-v4-flash,deepseek-v4-flash,openai-compatible,deepseek-v4-flash,v2,f7bbdd5fe0812c4d,1c5c35327076c6b6,v2-case-072,join,,1,agreed_by,entities,false,false,dan okonkwo,priya raman,false,2,3,true,true,654,477,1383,23,0,256,0.000530,0,stop,
20260903-1858-deepseek-v4-flash,deepseek-v4-flash,openai-compatible,deepseek-v4-flash,v2,f7bbdd5fe0812c4d,1c5c35327076c6b6,v2-case-072,join,,2,grace_period_owner,abstain,true,,,,false,2,3,true,true,654,477,1383,23,0,256,0.000530,0,stop,
20260903-1858-deepseek-v4-flash,deepseek-v4-flash,openai-compatible,deepseek-v4-flash,v2,f7bbdd5fe0812c4d,1c5c35327076c6b6,v2-case-073,join,,0,agreed_value,join,true,true,128,128,false,2,3,true,true,910,740,1387,26,0,256,0.000536,0,stop,
20260903-1858-deepseek-v4-flash,deepseek-v4-flash,openai-compatible,deepseek-v4-flash,v2,f7bbdd5fe0812c4d,1c5c35327076c6b6,v2-case-073,join,,1,agreed_by,entities,false,false,ravi sundaram,lukas fenn,false,2,3,true,true,910,740,1387,26,0,256,0.000536,0,stop,
20260903-1858-deepseek-v4-flash,deepseek-v4-flash,openai-compatible,deepseek-v4-flash,v2,f7bbdd5fe0812c4d,1c5c35327076c6b6,v2-case-073,join,,2,pool_idle_timeout_s,abstain,true,,,,false,2,3,true,true,910,740,1387,26,0,256,0.000536,0,stop,
20260903-1858-deepseek-v4-flash,deepseek-v4-flash,openai-compatible,deepseek-v4-flash,v2,f7bbdd5fe0812c4d,1c5c35327076c6b6,v2-case-074,join,,0,agreed_value,join,false,true,5,,false,1,3,true,true,1289,1179,1559,22,0,256,0.000606,0,stop,
20260903-1858-deepseek-v4-flash,deepseek-v4-flash,openai-compatible,deepseek-v4-flash,v2,f7bbdd5fe0812c4d,1c5c35327076c6b6,v2-case-074,join,,1,agreed_by,entities,false,false,tomas ruiz,,false,1,3,true,true,1289,1179,1559,22,0,256,0.000606,0,stop,
20260903-1858-deepseek-v4-flash,deepseek-v4-flash,openai-compatible,deepseek-v4-flash,v2,f7bbdd5fe0812c4d,1c5c35327076c6b6,v2-case-074,join,,2,trace_retention_days,abstain,true,,,,false,1,3,true,true,1289,1179,1559,22,0,256,0.000606,0,stop,
20260903-1858-deepseek-v4-flash,deepseek-v4-flash,openai-compatible,deepseek-v4-flash,v2,f7bbdd5fe0812c4d,1c5c35327076c6b6,v2-case-075,join,,0,agreed_value,join,false,true,250,20000,false,0,3,true,true,763,591,1203,24,0,256,0.000452,0,stop,
20260903-1858-deepseek-v4-flash,deepseek-v4-flash,openai-compatible,deepseek-v4-flash,v2,f7bbdd5fe0812c4d,1c5c35327076c6b6,v2-case-075,join,,1,agreed_by,entities,false,false,aisha nkemelu,viktor novak,false,0,3,true,true,763,591,1203,24,0,256,0.000452,0,stop,
20260903-1858-deepseek-v4-flash,deepseek-v4-flash,openai-compatible,deepseek-v4-flash,v2,f7bbdd5fe0812c4d,1c5c35327076c6b6,v2-case-075,join,,2,max_page_size,abstain,false,,,20000,false,0,3,true,true,763,591,1203,24,0,256,0.000452,0,stop,
20260903-1858-deepseek-v4-flash,deepseek-v4-flash,openai-compatible,deepseek-v4-flash,v2,f7bbdd5fe0812c4d,1c5c35327076c6b6,v2-case-076,join,,0,agreed_value,join,false,true,20,,false,1,3,true,true,703,494,1495,19,0,256,0.000574,0,stop,
20260903-1858-deepseek-v4-flash,deepseek-v4-flash,openai-compatible,deepseek-v4-flash,v2,f7bbdd5fe0812c4d,1c5c35327076c6b6,v2-case-076,join,,1,agreed_by,entities,false,false,mei-ling chen,,false,1,3,true,true,703,494,1495,19,0,256,0.000574,0,stop,
20260903-1858-deepseek-v4-flash,deepseek-v4-flash,openai-compatible,deepseek-v4-flash,v2,f7bbdd5fe0812c4d,1c5c35327076c6b6,v2-case-076,join,,2,timer_exceptions,abstain,true,,,,false,1,3,true,true,703,494,1495,19,0,256,0.000574,0,stop,
20260903-1858-deepseek-v4-flash,deepseek-v4-flash,openai-compatible,deepseek-v4-flash,v2,f7bbdd5fe0812c4d,1c5c35327076c6b6,v2-case-077,join,,0,agreed_value,join,true,true,12,12,false,2,3,true,true,758,542,1714,25,0,256,0.000678,0,stop,
20260903-1858-deepseek-v4-flash,deepseek-v4-flash,openai-compatible,deepseek-v4-flash,v2,f7bbdd5fe0812c4d,1c5c35327076c6b6,v2-case-077,join,,1,agreed_by,entities,false,false,rob feeney,nadia oyelaran,false,2,3,true,true,758,542,1714,25,0,256,0.000678,0,stop,
20260903-1858-deepseek-v4-flash,deepseek-v4-flash,openai-compatible,deepseek-v4-flash,v2,f7bbdd5fe0812c4d,1c5c35327076c6b6,v2-case-077,join,,2,sample_review_owner,abstain,true,,,,false,2,3,true,true,758,542,1714,25,0,256,0.000678,0,stop,
20260903-1858-deepseek-v4-flash,deepseek-v4-flash,openai-compatible,deepseek-v4-flash,v2,f7bbdd5fe0812c4d,1c5c35327076c6b6,v2-case-078,join,,0,agreed_value,join,true,true,600,600,false,2,3,true,true,650,465,1359,22,0,256,0.000518,0,stop,
20260903-1858-deepseek-v4-flash,deepseek-v4-flash,openai-compatible,deepseek-v4-flash,v2,f7bbdd5fe0812c4d,1c5c35327076c6b6,v2-case-078,join,,1,agreed_by,entities,false,false,viktor novak,priya raman,false,2,3,true,true,650,465,1359,22,0,256,0.000518,0,stop,
20260903-1858-deepseek-v4-flash,deepseek-v4-flash,openai-compatible,deepseek-v4-flash,v2,f7bbdd5fe0812c4d,1c5c35327076c6b6,v2-case-078,join,,2,cache_size_mb,abstain,true,,,,false,2,3,true,true,650,465,1359,22,0,256,0.000518,0,stop,
20260903-1858-deepseek-v4-flash,deepseek-v4-flash,openai-compatible,deepseek-v4-flash,v2,f7bbdd5fe0812c4d,1c5c35327076c6b6,v2-case-079,aggregation,,0,severity_one_count,aggregation,false,true,5,3,false,1,5,true,true,1238,980,1645,41,0,256,0.000669,0,stop,
20260903-1858-deepseek-v4-flash,deepseek-v4-flash,openai-compatible,deepseek-v4-flash,v2,f7bbdd5fe0812c4d,1c5c35327076c6b6,v2-case-079,aggregation,,1,severity_one_minutes,aggregation,false,true,522,332,false,1,5,true,true,1238,980,1645,41,0,256,0.000669,0,stop,
20260903-1858-deepseek-v4-flash,deepseek-v4-flash,openai-compatible,deepseek-v4-flash,v2,f7bbdd5fe0812c4d,1c5c35327076c6b6,v2-case-079,aggregation,,2,severity_two_count,aggregation,false,true,5,3,false,1,5,true,true,1238,980,1645,41,0,256,0.000669,0,stop,
20260903-1858-deepseek-v4-flash,deepseek-v4-flash,openai-compatible,deepseek-v4-flash,v2,f7bbdd5fe0812c4d,1c5c35327076c6b6,v2-case-079,aggregation,,3,severity_two_minutes,aggregation,false,true,196,131,false,1,5,true,true,1238,980,1645,41,0,256,0.000669,0,stop,
20260903-1858-deepseek-v4-flash,deepseek-v4-flash,openai-compatible,deepseek-v4-flash,v2,f7bbdd5fe0812c4d,1c5c35327076c6b6,v2-case-079,aggregation,,4,mean_time_to_detect_minutes,abstain,true,,,,false,1,5,true,true,1238,980,1645,41,0,256,0.000669,0,stop,
20260903-1858-deepseek-v4-flash,deepseek-v4-flash,openai-compatible,deepseek-v4-flash,v2,f7bbdd5fe0812c4d,1c5c35327076c6b6,v2-case-080,aggregation,,0,platform_fees_eur,aggregation,false,true,178000,167000,false,1,3,true,true,922,752,1496,25,0,256,0.000582,0,stop,
20260903-1858-deepseek-v4-flash,deepseek-v4-flash,openai-compatible,deepseek-v4-flash,v2,f7bbdd5fe0812c4d,1c5c35327076c6b6,v2-case-080,aggregation,,1,onboarding_eur,aggregation,false,true,33000,30250,false,1,3,true,true,922,752,1496,25,0,256,0.000582,0,stop,
20260903-1858-deepseek-v4-flash,deepseek-v4-flash,openai-compatible,deepseek-v4-flash,v2,f7bbdd5fe0812c4d,1c5c35327076c6b6,v2-case-080,aggregation,,2,discount_percentage,abstain,true,,,,false,1,3,true,true,922,752,1496,25,0,256,0.000582,0,stop,
20260903-1858-deepseek-v4-flash,deepseek-v4-flash,openai-compatible,deepseek-v4-flash,v2,f7bbdd5fe0812c4d,1c5c35327076c6b6,v2-case-081,aggregation,,0,urgent_fix_count,aggregation,false,true,4,3,false,1,3,true,true,969,808,1176,24,0,256,0.000440,0,stop,
20260903-1858-deepseek-v4-flash,deepseek-v4-flash,openai-compatible,deepseek-v4-flash,v2,f7bbdd5fe0812c4d,1c5c35327076c6b6,v2-case-081,aggregation,,1,opened_open_count,aggregation,false,true,3,2,false,1,3,true,true,969,808,1176,24,0,256,0.000440,0,stop,
20260903-1858-deepseek-v4-flash,deepseek-v4-flash,openai-compatible,deepseek-v4-flash,v2,f7bbdd5fe0812c4d,1c5c35327076c6b6,v2-case-081,aggregation,,2,median_days_to_close,abstain,true,,,,false,1,3,true,true,969,808,1176,24,0,256,0.000440,0,stop,
20260903-1858-deepseek-v4-flash,deepseek-v4-flash,openai-compatible,deepseek-v4-flash,v2,f7bbdd5fe0812c4d,1c5c35327076c6b6,v2-case-082,aggregation,,0,engineer_weeks_total,aggregation,false,true,9,7,false,2,3,true,true,981,747,1632,27,0,256,0.000645,0,stop,
20260903-1858-deepseek-v4-flash,deepseek-v4-flash,openai-compatible,deepseek-v4-flash,v2,f7bbdd5fe0812c4d,1c5c35327076c6b6,v2-case-082,aggregation,,1,approved_count,aggregation,true,true,2,2,false,2,3,true,true,981,747,1632,27,0,256,0.000645,0,stop,
20260903-1858-deepseek-v4-flash,deepseek-v4-flash,openai-compatible,deepseek-v4-flash,v2,f7bbdd5fe0812c4d,1c5c35327076c6b6,v2-case-082,aggregation,,2,cost_per_engineer_week_eur,abstain,true,,,,false,2,3,true,true,981,747,1632,27,0,256,0.000645,0,stop,
20260903-1858-deepseek-v4-flash,deepseek-v4-flash,openai-compatible,deepseek-v4-flash,v2,f7bbdd5fe0812c4d,1c5c35327076c6b6,v2-case-083,aggregation,,0,region_count,aggregation,false,true,5,,false,1,3,true,true,963,758,1477,19,0,256,0.000566,0,stop,
20260903-1858-deepseek-v4-flash,deepseek-v4-flash,openai-compatible,deepseek-v4-flash,v2,f7bbdd5fe0812c4d,1c5c35327076c6b6,v2-case-083,aggregation,,1,regions,exhaustive,false,true,"[""amsterdam"",""dublin"",""frankfurt"",""sao paulo"",""sydney""]",,false,1,3,true,true,963,758,1477,19,0,256,0.000566,0,stop,
20260903-1858-deepseek-v4-flash,deepseek-v4-flash,openai-compatible,deepseek-v4-flash,v2,f7bbdd5fe0812c4d,1c5c35327076c6b6,v2-case-083,aggregation,,2,tenants_per_region,abstain,true,,,,false,1,3,true,true,963,758,1477,19,0,256,0.000566,0,stop,
20260903-1858-deepseek-v4-flash,deepseek-v4-flash,openai-compatible,deepseek-v4-flash,v2,f7bbdd5fe0812c4d,1c5c35327076c6b6,v2-case-084,facts,,0,starting_headcount,facts,true,true,9,9,false,2,3,true,true,699,506,1544,26,0,256,0.000605,0,stop,
20260903-1858-deepseek-v4-flash,deepseek-v4-flash,openai-compatible,deepseek-v4-flash,v2,f7bbdd5fe0812c4d,1c5c35327076c6b6,v2-case-084,facts,,1,headcount_now,aggregation,true,true,10,10,false,2,3,true,true,699,506,1544,26,0,256,0.000605,0,stop,
20260903-1858-deepseek-v4-flash,deepseek-v4-flash,openai-compatible,deepseek-v4-flash,v2,f7bbdd5fe0812c4d,1c5c35327076c6b6,v2-case-084,facts,,2,attrition_rate,abstain,false,,,0.1111111111111111,false,2,3,true,true,699,506,1544,26,0,256,0.000605,0,stop,
20260903-1858-deepseek-v4-flash,deepseek-v4-flash,openai-compatible,deepseek-v4-flash,v2,f7bbdd5fe0812c4d,1c5c35327076c6b6,v2-case-085,asof,,0,name_in_january,asof,true,true,palisade ledger,palisade ledger,true,5,5,true,true,818,533,1208,50,0,256,0.000488,0,stop,
20260903-1858-deepseek-v4-flash,deepseek-v4-flash,openai-compatible,deepseek-v4-flash,v2,f7bbdd5fe0812c4d,1c5c35327076c6b6,v2-case-085,asof,,1,name_now,supersession,true,true,wrenfield audit vault,wrenfield audit vault,true,5,5,true,true,818,533,1208,50,0,256,0.000488,0,stop,
20260903-1858-deepseek-v4-flash,deepseek-v4-flash,openai-compatible,deepseek-v4-flash,v2,f7bbdd5fe0812c4d,1c5c35327076c6b6,v2-case-085,asof,,2,rename_date,facts,true,true,2027-03-18,2027-03-18,true,5,5,true,true,818,533,1208,50,0,256,0.000488,0,stop,
20260903-1858-deepseek-v4-flash,deepseek-v4-flash,openai-compatible,deepseek-v4-flash,v2,f7bbdd5fe0812c4d,1c5c35327076c6b6,v2-case-085,asof,,3,announced_by,entities,true,true,elena marchetti,elena marchetti,true,5,5,true,true,818,533,1208,50,0,256,0.000488,0,stop,
20260903-1858-deepseek-v4-flash,deepseek-v4-flash,openai-compatible,deepseek-v4-flash,v2,f7bbdd5fe0812c4d,1c5c35327076c6b6,v2-case-085,asof,,4,rename_cost_eur,abstain,true,,,,true,5,5,true,true,818,533,1208,50,0,256,0.000488,0,stop,
20260903-1858-deepseek-v4-flash,deepseek-v4-flash,openai-compatible,deepseek-v4-flash,v2,f7bbdd5fe0812c4d,1c5c35327076c6b6,v2-twin-033,asof,v2-case-085,0,name_in_january,asof,true,true,palisade ledger,palisade ledger,true,1,1,true,true,914,752,1338,13,0,256,0.000497,0,stop,
20260903-1858-deepseek-v4-flash,deepseek-v4-flash,openai-compatible,deepseek-v4-flash,v2,f7bbdd5fe0812c4d,1c5c35327076c6b6,v2-case-086,entities,,0,support_opener,entities,true,true,ravi menon,ravi menon,true,3,3,true,true,917,728,1265,26,0,256,0.000482,0,stop,
20260903-1858-deepseek-v4-flash,deepseek-v4-flash,openai-compatible,deepseek-v4-flash,v2,f7bbdd5fe0812c4d,1c5c35327076c6b6,v2-case-086,entities,,1,infra_opener,entities,true,true,ravi sundaram,ravi sundaram,true,3,3,true,true,917,728,1265,26,0,256,0.000482,0,stop,
20260903-1858-deepseek-v4-flash,deepseek-v4-flash,openai-compatible,deepseek-v4-flash,v2,f7bbdd5fe0812c4d,1c5c35327076c6b6,v2-case-086,entities,,2,reporting_line,abstain,true,,,,true,3,3,true,true,917,728,1265,26,0,256,0.000482,0,stop,
20260903-1858-deepseek-v4-flash,deepseek-v4-flash,openai-compatible,deepseek-v4-flash,v2,f7bbdd5fe0812c4d,1c5c35327076c6b6,v2-case-087,abstain,,0,revenue_eur,abstain,true,,,,true,3,3,,true,1683,1464,1352,23,0,256,0.000516,0,stop,
20260903-1858-deepseek-v4-flash,deepseek-v4-flash,openai-compatible,deepseek-v4-flash,v2,f7bbdd5fe0812c4d,1c5c35327076c6b6,v2-case-087,abstain,,1,paying_tenants,abstain,true,,,,true,3,3,,true,1683,1464,1352,23,0,256,0.000516,0,stop,
20260903-1858-deepseek-v4-flash,deepseek-v4-flash,openai-compatible,deepseek-v4-flash,v2,f7bbdd5fe0812c4d,1c5c35327076c6b6,v2-case-087,abstain,,2,lead_investor,abstain,true,,,,true,3,3,,true,1683,1464,1352,23,0,256,0.000516,0,stop,
20260903-1858-deepseek-v4-flash,deepseek-v4-flash,openai-compatible,deepseek-v4-flash,v2,f7bbdd5fe0812c4d,1c5c35327076c6b6,v2-case-088,abstain,,0,open_date,abstain,true,,,,true,3,3,,true,1699,1569,1195,16,0,256,0.000438,0,stop,
20260903-1858-deepseek-v4-flash,deepseek-v4-flash,openai-compatible,deepseek-v4-flash,v2,f7bbdd5fe0812c4d,1c5c35327076c6b6,v2-case-088,abstain,,1,owner,abstain,true,,,,true,3,3,,true,1699,1569,1195,16,0,256,0.000438,0,stop,
20260903-1858-deepseek-v4-flash,deepseek-v4-flash,openai-compatible,deepseek-v4-flash,v2,f7bbdd5fe0812c4d,1c5c35327076c6b6,v2-case-088,abstain,,2,contract_signed,abstain,true,,,,true,3,3,,true,1699,1569,1195,16,0,256,0.000438,0,stop,
20260903-1858-deepseek-v4-flash,deepseek-v4-flash,openai-compatible,deepseek-v4-flash,v2,f7bbdd5fe0812c4d,1c5c35327076c6b6,v2-case-089,abstain,,0,release_date,abstain,true,,,,true,3,3,,true,1752,1582,1294,16,0,256,0.000481,0,stop,
20260903-1858-deepseek-v4-flash,deepseek-v4-flash,openai-compatible,deepseek-v4-flash,v2,f7bbdd5fe0812c4d,1c5c35327076c6b6,v2-case-089,abstain,,1,languages,abstain,true,,,,true,3,3,,true,1752,1582,1294,16,0,256,0.000481,0,stop,
20260903-1858-deepseek-v4-flash,deepseek-v4-flash,openai-compatible,deepseek-v4-flash,v2,f7bbdd5fe0812c4d,1c5c35327076c6b6,v2-case-089,abstain,,2,team_size,abstain,true,,,,true,3,3,,true,1752,1582,1294,16,0,256,0.000481,0,stop,
20260903-1858-deepseek-v4-flash,deepseek-v4-flash,openai-compatible,deepseek-v4-flash,v2,f7bbdd5fe0812c4d,1c5c35327076c6b6,v2-case-090,abstain,,0,stipend_eur,abstain,true,,,,true,3,3,,true,1789,1592,1251,18,0,256,0.000465,0,stop,
20260903-1858-deepseek-v4-flash,deepseek-v4-flash,openai-compatible,deepseek-v4-flash,v2,f7bbdd5fe0812c4d,1c5c35327076c6b6,v2-case-090,abstain,,1,start_date,abstain,true,,,,true,3,3,,true,1789,1592,1251,18,0,256,0.000465,0,stop,
20260903-1858-deepseek-v4-flash,deepseek-v4-flash,openai-compatible,deepseek-v4-flash,v2,f7bbdd5fe0812c4d,1c5c35327076c6b6,v2-case-090,abstain,,2,approved_by,abstain,true,,,,true,3,3,,true,1789,1592,1251,18,0,256,0.000465,0,stop,
